card_id,name,set_name
ecard2-96,Nidoran♂,Aquapolis
pl4-94,Arceus LV. X,Arceus
pl4-95,Arceus LV. X,Arceus
pl4-96,Arceus LV. X,Arceus
pl4-97,Gengar LV. X,Arceus
pl4-98,Salamence LV. X,Arceus
pl4-99,Tangrowth LV. X,Arceus
base1-73,Impostor Professor Oak,Base Set
base1-55,Nidoran♂,Base Set
base4-102,Impostor Professor Oak,Base Set 2
base4-82,Nidoran♀,Base Set 2
base4-83,Nidoran♂,Base Set 2
bog-9,Rocket’s Hitmonchan,Best of game
bog-8,Rocket’s Mewtwo,Best of game
bog-4,Rocket’s Scizor,Best of game
bog-5,Rocket’s Sneasel,Best of game
bw7-101,Black Kyurem-EX,Boundaries Crossed
bw7-145,Black Kyurem-EX,Boundaries Crossed
bw7-141,Celebi-EX,Boundaries Crossed
bw7-9,Celebi-EX,Boundaries Crossed
bw7-143,Cresselia-EX,Boundaries Crossed
bw7-67,Cresselia-EX,Boundaries Crossed
bw7-107,Farfetch’d,Boundaries Crossed
bw7-142,Keldeo-EX,Boundaries Crossed
bw7-49,Keldeo-EX,Boundaries Crossed
bw7-144,Landorus-EX,Boundaries Crossed
bw7-89,Landorus-EX,Boundaries Crossed
bw7-103,White Kyurem-EX,Boundaries Crossed
bw7-146,White Kyurem-EX,Boundaries Crossed
sm3-122,Rotom Dex—Poké Finder Mode,Burning Shadows
bwp-BW48,Altaria,BW Black Star Promos
bwp-BW67,Ampharos,BW Black Star Promos
bwp-BW10,Axew,BW Black Star Promos
bwp-BW16,Axew,BW Black Star Promos
bwp-BW26,Axew,BW Black Star Promos
bwp-BW39,Battle City,BW Black Star Promos
bwp-BW58,Black Kyurem,BW Black Star Promos
bwp-BW62,Black Kyurem-EX,BW Black Star Promos
bwp-BW95,Champions Festival,BW Black Star Promos
bwp-BW72,Cobalion,BW Black Star Promos
bwp-BW51,Crobat,BW Black Star Promos
bwp-BW73,Darkrai,BW Black Star Promos
bwp-BW46,Darkrai-EX,BW Black Star Promos
bwp-BW18,Darumaka,BW Black Star Promos
bwp-BW82,Deoxys-EX,BW Black Star Promos
bwp-BW64,Drifblim,BW Black Star Promos
bwp-BW80,Druddigon,BW Black Star Promos
bwp-BW17,Ducklett,BW Black Star Promos
bwp-BW94,Eevee,BW Black Star Promos
bwp-BW97,Eevee,BW Black Star Promos
bwp-BW76,Electrode,BW Black Star Promos
bwp-BW55,Elgyem,BW Black Star Promos
bwp-BW21,Emboar,BW Black Star Promos
bwp-BW56,Empoleon,BW Black Star Promos
bwp-BW92,Espeon,BW Black Star Promos
bwp-BW88,Flareon,BW Black Star Promos
bwp-BW53,Flygon,BW Black Star Promos
bwp-BW101,Genesect,BW Black Star Promos
bwp-BW86,Genesect,BW Black Star Promos
bwp-BW99,Genesect,BW Black Star Promos
bwp-BW74,Giratina,BW Black Star Promos
bwp-BW90,Glaceon,BW Black Star Promos
bwp-BW57,Haxorus,BW Black Star Promos
bwp-BW65,Jigglypuff,BW Black Star Promos
bwp-BW91,Jolteon,BW Black Star Promos
bwp-BW60,Keldeo,BW Black Star Promos
bwp-BW61,Keldeo-EX,BW Black Star Promos
bwp-BW44,Kyurem,BW Black Star Promos
bwp-BW37,Kyurem-EX,BW Black Star Promos
bwp-BW43,Landorus,BW Black Star Promos
bwp-BW79,Landorus,BW Black Star Promos
bwp-BW87,Leafeon,BW Black Star Promos
bwp-BW49,Lilligant,BW Black Star Promos
bwp-BW52,Lillipup,BW Black Star Promos
bwp-BW27,Litwick,BW Black Star Promos
bwp-BW85,Lucario,BW Black Star Promos
bwp-BW83,Lugia-EX,BW Black Star Promos
bwp-BW34,Luxio,BW Black Star Promos
bwp-BW68,Meloetta,BW Black Star Promos
bwp-BW69,Meloetta,BW Black Star Promos
bwp-BW35,Meowth,BW Black Star Promos
bwp-BW75,Metagross,BW Black Star Promos
bwp-BW98,Mew,BW Black Star Promos
bwp-BW45,Mewtwo-EX,BW Black Star Promos
bwp-BW13,Minccino,BW Black Star Promos
bwp-BW100,N,BW Black Star Promos
bwp-BW66,Ninetales,BW Black Star Promos
bwp-BW03,Oshawott,BW Black Star Promos
bwp-BW08,Oshawott,BW Black Star Promos
bwp-BW11,Pansage,BW Black Star Promos
bwp-BW14,Pansage,BW Black Star Promos
bwp-BW15,Pidove,BW Black Star Promos
bwp-BW54,Pikachu,BW Black Star Promos
bwp-BW77,Pikachu,BW Black Star Promos
bwp-BW84,Porygon-Z,BW Black Star Promos
bwp-BW78,Raichu,BW Black Star Promos
bwp-BW47,Rayquaza-EX,BW Black Star Promos
bwp-BW04,Reshiram,BW Black Star Promos
bwp-BW23,Reshiram,BW Black Star Promos
bwp-BW36,Reshiram-EX,BW Black Star Promos
bwp-BW33,Riolu,BW Black Star Promos
bwp-BW22,Samurott,BW Black Star Promos
bwp-BW25,Scraggy,BW Black Star Promos
bwp-BW20,Serperior,BW Black Star Promos
bwp-BW01,Snivy,BW Black Star Promos
bwp-BW06,Snivy,BW Black Star Promos
bwp-BW02,Tepig,BW Black Star Promos
bwp-BW07,Tepig,BW Black Star Promos
bwp-BW71,Terrakion,BW Black Star Promos
bwp-BW41,Thundurus,BW Black Star Promos
bwp-BW81,Thundurus-EX,BW Black Star Promos
bwp-BW42,Tornadus,BW Black Star Promos
bwp-BW96,Tornadus-EX,BW Black Star Promos
bwp-BW28,Tropical Beach,BW Black Star Promos
bwp-BW50,Tropical Beach,BW Black Star Promos
bwp-BW93,Umbreon,BW Black Star Promos
bwp-BW89,Vaporeon,BW Black Star Promos
bwp-BW32,Victini,BW Black Star Promos
bwp-BW29,Victory Cup,BW Black Star Promos
bwp-BW30,Victory Cup,BW Black Star Promos
bwp-BW31,Victory Cup,BW Black Star Promos
bwp-BW70,Virizion,BW Black Star Promos
bwp-BW40,Volcarona,BW Black Star Promos
bwp-BW59,White Kyurem,BW Black Star Promos
bwp-BW63,White Kyurem-EX,BW Black Star Promos
bwp-BW05,Zekrom,BW Black Star Promos
bwp-BW24,Zekrom,BW Black Star Promos
bwp-BW38,Zekrom-EX,BW Black Star Promos
bwp-BW09,Zoroark,BW Black Star Promos
bwp-BW19,Zoroark,BW Black Star Promos
bwp-BW12,Zorua,BW Black Star Promos
tk-bw-e-12,Audino,BW trainer Kit (Excadrill)
tk-bw-e-18,Audino,BW trainer Kit (Excadrill)
tk-bw-e-13,Drilbur,BW trainer Kit (Excadrill)
tk-bw-e-25,Drilbur,BW trainer Kit (Excadrill)
tk-bw-e-21,Energy Search,BW trainer Kit (Excadrill)
tk-bw-e-4,Energy Switch,BW trainer Kit (Excadrill)
tk-bw-e-17,Excadrill,BW trainer Kit (Excadrill)
tk-bw-e-30,Excadrill,BW trainer Kit (Excadrill)
tk-bw-e-10,Fighting Energy,BW trainer Kit (Excadrill)
tk-bw-e-2,Fighting Energy,BW trainer Kit (Excadrill)
tk-bw-e-20,Fighting Energy,BW trainer Kit (Excadrill)
tk-bw-e-22,Fighting Energy,BW trainer Kit (Excadrill)
tk-bw-e-26,Fighting Energy,BW trainer Kit (Excadrill)
tk-bw-e-28,Fighting Energy,BW trainer Kit (Excadrill)
tk-bw-e-3,Fighting Energy,BW trainer Kit (Excadrill)
tk-bw-e-5,Fighting Energy,BW trainer Kit (Excadrill)
tk-bw-e-6,Fighting Energy,BW trainer Kit (Excadrill)
tk-bw-e-7,Fighting Energy,BW trainer Kit (Excadrill)
tk-bw-e-8,Fighting Energy,BW trainer Kit (Excadrill)
tk-bw-e-9,Fighting Energy,BW trainer Kit (Excadrill)
tk-bw-e-14,Gurdurr,BW trainer Kit (Excadrill)
tk-bw-e-19,Herdier,BW trainer Kit (Excadrill)
tk-bw-e-1,Lillipup,BW trainer Kit (Excadrill)
tk-bw-e-27,Lillipup,BW trainer Kit (Excadrill)
tk-bw-e-16,PlusPower,BW trainer Kit (Excadrill)
tk-bw-e-24,Pokémon Communication,BW trainer Kit (Excadrill)
tk-bw-e-15,Potion,BW trainer Kit (Excadrill)
tk-bw-e-23,Potion,BW trainer Kit (Excadrill)
tk-bw-e-11,Timburr,BW trainer Kit (Excadrill)
tk-bw-e-29,Timburr,BW trainer Kit (Excadrill)
tk-bw-z-10,Darkness Energy,BW trainer Kit (Zoroark)
tk-bw-z-20,Darkness Energy,BW trainer Kit (Zoroark)
tk-bw-z-22,Darkness Energy,BW trainer Kit (Zoroark)
tk-bw-z-24,Darkness Energy,BW trainer Kit (Zoroark)
tk-bw-z-26,Darkness Energy,BW trainer Kit (Zoroark)
tk-bw-z-28,Darkness Energy,BW trainer Kit (Zoroark)
tk-bw-z-3,Darkness Energy,BW trainer Kit (Zoroark)
tk-bw-z-5,Darkness Energy,BW trainer Kit (Zoroark)
tk-bw-z-6,Darkness Energy,BW trainer Kit (Zoroark)
tk-bw-z-7,Darkness Energy,BW trainer Kit (Zoroark)
tk-bw-z-8,Darkness Energy,BW trainer Kit (Zoroark)
tk-bw-z-9,Darkness Energy,BW trainer Kit (Zoroark)
tk-bw-z-16,Energy Retrieval,BW trainer Kit (Zoroark)
tk-bw-z-27,Energy Search,BW trainer Kit (Zoroark)
tk-bw-z-19,Minccino,BW trainer Kit (Zoroark)
tk-bw-z-4,Minccino,BW trainer Kit (Zoroark)
tk-bw-z-12,Patrat,BW trainer Kit (Zoroark)
tk-bw-z-29,Patrat,BW trainer Kit (Zoroark)
tk-bw-z-14,Pidove,BW trainer Kit (Zoroark)
tk-bw-z-21,Pidove,BW trainer Kit (Zoroark)
tk-bw-z-11,PlusPower,BW trainer Kit (Zoroark)
tk-bw-z-18,Pokémon Communication,BW trainer Kit (Zoroark)
tk-bw-z-1,Purrloin,BW trainer Kit (Zoroark)
tk-bw-z-25,Purrloin,BW trainer Kit (Zoroark)
tk-bw-z-15,Tranquill,BW trainer Kit (Zoroark)
tk-bw-z-2,Watchog,BW trainer Kit (Zoroark)
tk-bw-z-17,Zoroark,BW trainer Kit (Zoroark)
tk-bw-z-30,Zoroark,BW trainer Kit (Zoroark)
tk-bw-z-13,Zorua,BW trainer Kit (Zoroark)
tk-bw-z-23,Zorua,BW trainer Kit (Zoroark)
cel25-145A,Garchomp C LV.X,Celebrations
cel25-109A,Luxray GL LV.X,Celebrations
cel25-76A,M Rayquaza EX,Celebrations
cel25-23,Professor's Research (Professor Oak),Celebrations
cel25-24,Professor's Research (Professor Oak),Celebrations
cel25-17A,Umbreon Star,Celebrations
A3-112,Absol,Celestial Guardians
A3-148,Acerola,Celestial Guardians
A3-190,Acerola,Celestial Guardians
A3-117,Alolan Diglett,Celestial Guardians
A3-118,Alolan Dugtrio,Celestial Guardians
A3-002,Alolan Exeggutor,Celestial Guardians
A3-156,Alolan Exeggutor,Celestial Guardians
A3-059,Alolan Geodude,Celestial Guardians
A3-061,Alolan Golem,Celestial Guardians
A3-060,Alolan Graveler,Celestial Guardians
A3-110,Alolan Grimer,Celestial Guardians
A3-027,Alolan Marowak,Celestial Guardians
A3-160,Alolan Marowak,Celestial Guardians
A3-108,Alolan Meowth,Celestial Guardians
A3-111,Alolan Muk ex,Celestial Guardians
A3-188,Alolan Muk ex,Celestial Guardians
A3-206,Alolan Muk ex,Celestial Guardians
A3-041,Alolan Ninetales,Celestial Guardians
A3-109,Alolan Persian,Celestial Guardians
A3-058,Alolan Raichu ex,Celestial Guardians
A3-185,Alolan Raichu ex,Celestial Guardians
A3-203,Alolan Raichu ex,Celestial Guardians
A3-107,Alolan Raticate,Celestial Guardians
A3-106,Alolan Rattata,Celestial Guardians
A3-038,Alolan Sandshrew,Celestial Guardians
A3-039,Alolan Sandslash,Celestial Guardians
A3-040,Alolan Vulpix,Celestial Guardians
A3-162,Alolan Vulpix,Celestial Guardians
A3-053,Araquanid,Celestial Guardians
A3-026,Arcanine,Celestial Guardians
A3-075,Banette,Celestial Guardians
A3-139,Bewear,Celestial Guardians
A3-178,Bewear,Celestial Guardians
A3-142,Big Malasada,Celestial Guardians
A3-217,Blastoise,Celestial Guardians
A3-232,Blastoise ex,Celestial Guardians
A3-018,Bounsweet,Celestial Guardians
A3-047,Brionne,Celestial Guardians
A3-055,Bruxish,Celestial Guardians
A3-210,Bulbasaur,Celestial Guardians
A3-064,Charjabug,Celestial Guardians
A3-043,Cloyster,Celestial Guardians
A3-080,Comfey,Celestial Guardians
A3-168,Comfey,Celestial Guardians
A3-096,Conkeldurr,Celestial Guardians
A3-086,Cosmoem,Celestial Guardians
A3-085,Cosmog,Celestial Guardians
A3-171,Cosmog,Celestial Guardians
A3-049,Crabominable ex,Celestial Guardians
A3-183,Crabominable ex,Celestial Guardians
A3-201,Crabominable ex,Celestial Guardians
A3-097,Crabrawler,Celestial Guardians
A3-089,Cubone,Celestial Guardians
A3-226,Cubone,Celestial Guardians
A3-078,Cutiefly,Celestial Guardians
A3-167,Cutiefly,Celestial Guardians
A3-011,Dartrix,Celestial Guardians
A3-012,Decidueye ex,Celestial Guardians
A3-180,Decidueye ex,Celestial Guardians
A3-198,Decidueye ex,Celestial Guardians
A3-130,Delcatty,Celestial Guardians
A3-052,Dewpider,Celestial Guardians
A3-023,Dhelmise ex,Celestial Guardians
A3-181,Dhelmise ex,Celestial Guardians
A3-199,Dhelmise ex,Celestial Guardians
A3-124,Drampa,Celestial Guardians
A3-176,Drampa,Celestial Guardians
A3-093,Drilbur,Celestial Guardians
A3-120,Escavalier,Celestial Guardians
A3-119,Excadrill,Celestial Guardians
A3-001,Exeggcute,Celestial Guardians
A3-213,Exeggcute,Celestial Guardians
A3-214,Exeggutor,Celestial Guardians
A3-231,Exeggutor ex,Celestial Guardians
A3-143,Fishing Net,Celestial Guardians
A3-028,Fletchinder,Celestial Guardians
A3-131,Fletchling,Celestial Guardians
A3-014,Fomantis,Celestial Guardians
A3-114,Garbodor,Celestial Guardians
A3-220,Gastly,Celestial Guardians
A3-222,Gengar,Celestial Guardians
A3-234,Gengar ex,Celestial Guardians
A3-022,Golisopod,Celestial Guardians
A3-025,Growlithe,Celestial Guardians
A3-013,Grubbin,Celestial Guardians
A3-072,Grumpig,Celestial Guardians
A3-137,Gumshoos,Celestial Guardians
A3-095,Gurdurr,Celestial Guardians
A3-151,Guzma,Celestial Guardians
A3-193,Guzma,Celestial Guardians
A3-208,Guzma,Celestial Guardians
A3-126,Hakamo-o,Celestial Guardians
A3-091,Hariyama,Celestial Guardians
A3-221,Haunter,Celestial Guardians
A3-132,Hawlucha,Celestial Guardians
A3-063,Heliolisk,Celestial Guardians
A3-062,Helioptile,Celestial Guardians
A3-149,Ilima,Celestial Guardians
A3-191,Ilima,Celestial Guardians
A3-033,Incineroar ex,Celestial Guardians
A3-182,Incineroar ex,Celestial Guardians
A3-200,Incineroar ex,Celestial Guardians
A3-211,Ivysaur,Celestial Guardians
A3-125,Jangmo-o,Celestial Guardians
A3-228,Jigglypuff,Celestial Guardians
A3-006,Karrablast,Celestial Guardians
A3-150,Kiawe,Celestial Guardians
A3-192,Kiawe,Celestial Guardians
A3-121,Klefki,Celestial Guardians
A3-141,Komala,Celestial Guardians
A3-179,Komala,Celestial Guardians
A3-127,Kommo-o,Celestial Guardians
A3-152,Lana,Celestial Guardians
A3-194,Lana,Celestial Guardians
A3-044,Lapras,Celestial Guardians
A3-147,Leaf Cape,Celestial Guardians
A3-155,Lillie,Celestial Guardians
A3-197,Lillie,Celestial Guardians
A3-209,Lillie,Celestial Guardians
A3-030,Litten,Celestial Guardians
A3-031,Litten,Celestial Guardians
A3-087,Lunala ex,Celestial Guardians
A3-186,Lunala ex,Celestial Guardians
A3-204,Lunala ex,Celestial Guardians
A3-238,Lunala ex,Celestial Guardians
A3-073,Lunatone,Celestial Guardians
A3-015,Lurantis,Celestial Guardians
A3-100,Lycanroc,Celestial Guardians
A3-101,Lycanroc,Celestial Guardians
A3-225,Machamp,Celestial Guardians
A3-235,Machamp ex,Celestial Guardians
A3-224,Machoke,Celestial Guardians
A3-223,Machop,Celestial Guardians
A3-123,Magearna,Celestial Guardians
A3-175,Magearna,Celestial Guardians
A3-090,Makuhita,Celestial Guardians
A3-154,Mallow,Celestial Guardians
A3-196,Mallow,Celestial Guardians
A3-005,Maractus,Celestial Guardians
A3-115,Mareanie,Celestial Guardians
A3-227,Marowak,Celestial Guardians
A3-236,Marowak ex,Celestial Guardians
A3-004,Masquerain,Celestial Guardians
A3-083,Mimikyu,Celestial Guardians
A3-105,Minior,Celestial Guardians
A3-174,Minior,Celestial Guardians
A3-016,Morelull,Celestial Guardians
A3-157,Morelull,Celestial Guardians
A3-069,Mr. Mime,Celestial Guardians
A3-102,Mudbray,Celestial Guardians
A3-103,Mudsdale,Celestial Guardians
A3-173,Mudsdale,Celestial Guardians
A3-088,Necrozma,Celestial Guardians
A3-140,Oranguru,Celestial Guardians
A3-034,Oricorio,Celestial Guardians
A3-066,Oricorio,Celestial Guardians
A3-076,Oricorio,Celestial Guardians
A3-077,Oricorio,Celestial Guardians
A3-165,Oricorio,Celestial Guardians
A3-082,Palossand,Celestial Guardians
A3-104,Passimian ex,Celestial Guardians
A3-187,Passimian ex,Celestial Guardians
A3-205,Passimian ex,Celestial Guardians
A3-007,Phantump,Celestial Guardians
A3-057,Pikachu,Celestial Guardians
A3-133,Pikipek,Celestial Guardians
A3-177,Pikipek,Celestial Guardians
A3-146,Poison Barb,Celestial Guardians
A3-045,Popplio,Celestial Guardians
A3-046,Popplio,Celestial Guardians
A3-048,Primarina,Celestial Guardians
A3-054,Pyukumuku,Celestial Guardians
A3-163,Pyukumuku,Celestial Guardians
A3-144,Rare Candy,Celestial Guardians
A3-079,Ribombee,Celestial Guardians
A3-098,Rockruff,Celestial Guardians
A3-099,Rockruff,Celestial Guardians
A3-172,Rockruff,Celestial Guardians
A3-145,Rotom Dex,Celestial Guardians
A3-009,Rowlet,Celestial Guardians
A3-010,Rowlet,Celestial Guardians
A3-070,Sableye,Celestial Guardians
A3-035,Salandit,Celestial Guardians
A3-036,Salazzle,Celestial Guardians
A3-081,Sandygast,Celestial Guardians
A3-169,Sandygast,Celestial Guardians
A3-042,Shellder,Celestial Guardians
A3-017,Shiinotic,Celestial Guardians
A3-074,Shuppet,Celestial Guardians
A3-129,Skitty,Celestial Guardians
A3-122,Solgaleo ex,Celestial Guardians
A3-189,Solgaleo ex,Celestial Guardians
A3-207,Solgaleo ex,Celestial Guardians
A3-239,Solgaleo ex,Celestial Guardians
A3-092,Solrock,Celestial Guardians
A3-153,Sophocles,Celestial Guardians
A3-195,Sophocles,Celestial Guardians
A3-071,Spoink,Celestial Guardians
A3-215,Squirtle,Celestial Guardians
A3-219,Starmie,Celestial Guardians
A3-233,Starmie ex,Celestial Guardians
A3-218,Staryu,Celestial Guardians
A3-019,Steenee,Celestial Guardians
A3-138,Stufful,Celestial Guardians
A3-003,Surskit,Celestial Guardians
A3-029,Talonflame,Celestial Guardians
A3-024,Tapu Bulu,Celestial Guardians
A3-159,Tapu Bulu,Celestial Guardians
A3-056,Tapu Fini,Celestial Guardians
A3-164,Tapu Fini,Celestial Guardians
A3-068,Tapu Koko,Celestial Guardians
A3-166,Tapu Koko,Celestial Guardians
A3-084,Tapu Lele,Celestial Guardians
A3-170,Tapu Lele,Celestial Guardians
A3-128,Tauros,Celestial Guardians
A3-094,Timburr,Celestial Guardians
A3-067,Togedemaru,Celestial Guardians
A3-032,Torracat,Celestial Guardians
A3-135,Toucannon,Celestial Guardians
A3-116,Toxapex,Celestial Guardians
A3-008,Trevenant,Celestial Guardians
A3-113,Trubbish,Celestial Guardians
A3-134,Trumbeak,Celestial Guardians
A3-020,Tsareena,Celestial Guardians
A3-158,Tsareena,Celestial Guardians
A3-037,Turtonator,Celestial Guardians
A3-161,Turtonator,Celestial Guardians
A3-212,Venusaur,Celestial Guardians
A3-230,Venusaur ex,Celestial Guardians
A3-065,Vikavolt,Celestial Guardians
A3-216,Wartortle,Celestial Guardians
A3-229,Wigglytuff,Celestial Guardians
A3-237,Wigglytuff ex,Celestial Guardians
A3-021,Wimpod,Celestial Guardians
A3-050,Wishiwashi,Celestial Guardians
A3-051,Wishiwashi ex,Celestial Guardians
A3-184,Wishiwashi ex,Celestial Guardians
A3-202,Wishiwashi ex,Celestial Guardians
A3-136,Yungoos,Celestial Guardians
sm7-126,Bill’s Maintenance,Celestial Storm
sm7-162,Bill’s Maintenance,Celestial Storm
sm7-145,Steven’s Resolve,Celestial Storm
sm7-165,Steven’s Resolve,Celestial Storm
swsh3.5-62,Professor's Research (Professor Magnolia),Champion's Path
sm12-195,Lana’s Fishing Rod,Cosmic Eclipse
sm12-266,Lana’s Fishing Rod,Cosmic Eclipse
sm12-196,Lillie’s Full Force,Cosmic Eclipse
sm12-230,Lillie’s Full Force,Cosmic Eclipse
sm12-197,Lillie’s Poké Doll,Cosmic Eclipse
sm12-267,Lillie’s Poké Doll,Cosmic Eclipse
sm12-200,N’s Resolve,Cosmic Eclipse
sm12-232,N’s Resolve,Cosmic Eclipse
sm12-201,Professor Oak’s Setup,Cosmic Eclipse
sm12-233,Professor Oak’s Setup,Cosmic Eclipse
B1a-102,Aegislash,Crimson Blaze
B1a-006,Ariados,Crimson Blaze
B1a-070,Ariados,Crimson Blaze
B1a-036,Aromatisse,Crimson Blaze
B1a-021,Basculin,Crimson Blaze
B1a-019,Blastoise,Crimson Blaze
B1a-064,Bouffalant,Crimson Blaze
B1a-001,Bulbasaur,Crimson Blaze
B1a-062,Buneary,Crimson Blaze
B1a-075,Buneary,Crimson Blaze
B1a-009,Burmy,Crimson Blaze
B1a-098,Buzzwole ex,Crimson Blaze
B1a-013,Charizard,Crimson Blaze
B1a-091,Charizard,Crimson Blaze
B1a-011,Charmander,Crimson Blaze
B1a-012,Charmeleon,Crimson Blaze
B1a-022,Clauncher,Crimson Blaze
B1a-023,Clawitzer,Crimson Blaze
B1a-068,Clemont,Crimson Blaze
B1a-081,Clemont,Crimson Blaze
B1a-066,Clemont's Backpack,Crimson Blaze
B1a-093,Cloyster,Crimson Blaze
B1a-055,Ditto,Crimson Blaze
B1a-033,Duosion,Crimson Blaze
B1a-027,Emolga,Crimson Blaze
B1a-065,Furfrou,Crimson Blaze
B1a-050,Garbodor,Crimson Blaze
B1a-054,Genesect,Crimson Blaze
B1a-089,Gloom,Crimson Blaze
B1a-045,Grimer,Crimson Blaze
B1a-100,Guzzlord ex,Crimson Blaze
B1a-040,Hariyama,Crimson Blaze
B1a-029,Heliolisk,Crimson Blaze
B1a-028,Helioptile,Crimson Blaze
B1a-016,Houndoom,Crimson Blaze
B1a-015,Houndour,Crimson Blaze
B1a-002,Ivysaur,Crimson Blaze
B1a-048,Liepard,Crimson Blaze
B1a-063,Lopunny,Crimson Blaze
B1a-099,Lunala ex,Crimson Blaze
B1a-024,Magnemite,Crimson Blaze
B1a-025,Magneton,Crimson Blaze
B1a-026,Magnezone,Crimson Blaze
B1a-039,Makuhita,Crimson Blaze
B1a-020,Mega Blastoise ex,Crimson Blaze
B1a-078,Mega Blastoise ex,Crimson Blaze
B1a-084,Mega Blastoise ex,Crimson Blaze
B1a-014,Mega Charizard Y ex,Crimson Blaze
B1a-077,Mega Charizard Y ex,Crimson Blaze
B1a-087,Mega Charizard Y ex,Crimson Blaze
B1a-042,Mega Lopunny ex,Crimson Blaze
B1a-079,Mega Lopunny ex,Crimson Blaze
B1a-085,Mega Lopunny ex,Crimson Blaze
B1a-052,Mega Steelix ex,Crimson Blaze
B1a-080,Mega Steelix ex,Crimson Blaze
B1a-086,Mega Steelix ex,Crimson Blaze
B1a-004,Mega Venusaur ex,Crimson Blaze
B1a-076,Mega Venusaur ex,Crimson Blaze
B1a-083,Mega Venusaur ex,Crimson Blaze
B1a-043,Mienfoo,Crimson Blaze
B1a-044,Mienshao,Crimson Blaze
B1a-030,Misdreavus,Crimson Blaze
B1a-031,Mismagius,Crimson Blaze
B1a-010,Mothim,Crimson Blaze
B1a-046,Muk,Crimson Blaze
B1a-041,Nosepass,Crimson Blaze
B1a-088,Oddish,Crimson Blaze
B1a-038,Onix,Crimson Blaze
B1a-056,Porygon,Crimson Blaze
B1a-057,Porygon2,Crimson Blaze
B1a-058,Porygon-Z,Crimson Blaze
B1a-053,Probopass,Crimson Blaze
B1a-047,Purrloin,Crimson Blaze
B1a-067,Quick-Grow Extract,Crimson Blaze
B1a-103,Quick-Grow Extract,Crimson Blaze
B1a-034,Reuniclus,Crimson Blaze
B1a-072,Reuniclus,Crimson Blaze
B1a-094,Sandshrew,Crimson Blaze
B1a-095,Sandslash,Crimson Blaze
B1a-069,Serena,Crimson Blaze
B1a-082,Serena,Crimson Blaze
B1a-092,Shellder,Crimson Blaze
B1a-097,Silvally,Crimson Blaze
B1a-101,Solgaleo ex,Crimson Blaze
B1a-032,Solosis,Crimson Blaze
B1a-005,Spinarak,Crimson Blaze
B1a-035,Spritzee,Crimson Blaze
B1a-017,Squirtle,Crimson Blaze
B1a-061,Staraptor,Crimson Blaze
B1a-060,Staravia,Crimson Blaze
B1a-059,Starly,Crimson Blaze
B1a-051,Steelix,Crimson Blaze
B1a-008,Sunflora,Crimson Blaze
B1a-071,Sunflora,Crimson Blaze
B1a-007,Sunkern,Crimson Blaze
B1a-049,Trubbish,Crimson Blaze
B1a-074,Trubbish,Crimson Blaze
B1a-096,Type: Null,Crimson Blaze
B1a-003,Venusaur,Crimson Blaze
B1a-090,Vileplume,Crimson Blaze
B1a-018,Wartortle,Crimson Blaze
B1a-037,Xerneas,Crimson Blaze
B1a-073,Xerneas,Crimson Blaze
sm4-63a,Guzzlord-GX,Crimson Invasion
bw5-107,Darkrai-EX,Dark Explorers
bw5-63,Darkrai-EX,Dark Explorers
bw5-103,Entei-EX,Dark Explorers
bw5-13,Entei-EX,Dark Explorers
bw5-106,Groudon-EX,Dark Explorers
bw5-54,Groudon-EX,Dark Explorers
bw5-104,Kyogre-EX,Dark Explorers
bw5-26,Kyogre-EX,Dark Explorers
bw5-105,Raikou-EX,Dark Explorers
bw5-38,Raikou-EX,Dark Explorers
bw5-108,Tornadus-EX,Dark Explorers
bw5-90,Tornadus-EX,Dark Explorers
swsh3-174,Heat Fire Energy,Darkness Ablaze
swsh3-175,Hiding Darkness Energy,Darkness Ablaze
swsh3-166,Pokémon Breeder's Nurturing,Darkness Ablaze
swsh3-188,Pokémon Breeder's Nurturing,Darkness Ablaze
swsh3-195,Pokémon Breeder's Nurturing,Darkness Ablaze
swsh3-176,Powerful Colorless Energy,Darkness Ablaze
dp1-65,Unown A,Diamond & Pearl
dp1-66,Unown B,Diamond & Pearl
dp1-67,Unown C,Diamond & Pearl
dp1-68,Unown D,Diamond & Pearl
dpp-DP50,Arceus,DP Black Star Promos
dpp-DP53,Arceus,DP Black Star Promos
dpp-DP56,Arceus,DP Black Star Promos
dpp-DP54,Beginning Door,DP Black Star Promos
dpp-DP13,Buizel,DP Black Star Promos
dpp-DP06,Buneary,DP Black Star Promos
dpp-DP42,Carnivine G,DP Black Star Promos
dpp-DP45,Charizard G,DP Black Star Promos
dpp-DP14,Chatot,DP Black Star Promos
dpp-DP02,Chimchar,DP Black Star Promos
dpp-DP07,Cranidos,DP Black Star Promos
dpp-DP51,Cresselia,DP Black Star Promos
dpp-DP19,Darkrai,DP Black Star Promos
dpp-DP24,Darkrai,DP Black Star Promos
dpp-DP52,Darkrai,DP Black Star Promos
dpp-DP17,Dialga,DP Black Star Promos
dpp-DP26,Dialga,DP Black Star Promos
dpp-DP37,Dialga,DP Black Star Promos
dpp-DP49,Dialga,DP Black Star Promos
dpp-DP34,Drifblim,DP Black Star Promos
dpp-DP33,Dusknoir,DP Black Star Promos
dpp-DP11,Empoleon,DP Black Star Promos
dpp-DP46,Garchomp C,DP Black Star Promos
dpp-DP38,Giratina,DP Black Star Promos
dpp-DP23,Glameow,DP Black Star Promos
dpp-DP36,Gliscor,DP Black Star Promos
dpp-DP31,Heatran,DP Black Star Promos
dpp-DP10,Infernape,DP Black Star Promos
dpp-DP12,Lucario,DP Black Star Promos
dpp-DP20,Magmortar,DP Black Star Promos
dpp-DP32,Magnezone,DP Black Star Promos
dpp-DP44,Magnezone,DP Black Star Promos
dpp-DP28,Mewtwo,DP Black Star Promos
dpp-DP22,Mime Jr.,DP Black Star Promos
dpp-DP04,Pachirisu,DP Black Star Promos
dpp-DP18,Palkia,DP Black Star Promos
dpp-DP27,Palkia,DP Black Star Promos
dpp-DP16,Pikachu,DP Black Star Promos
dpp-DP03,Piplup,DP Black Star Promos
dpp-DP35,Porygon-Z,DP Black Star Promos
dpp-DP43,Probopass G,DP Black Star Promos
dpp-DP21,Raichu,DP Black Star Promos
dpp-DP47,Rayquaza C,DP Black Star Promos
dpp-DP30,Regigigas,DP Black Star Promos
dpp-DP40,Regigigas,DP Black Star Promos
dpp-DP29,Rhyperior,DP Black Star Promos
dpp-DP39,Shaymin,DP Black Star Promos
dpp-DP08,Shieldon,DP Black Star Promos
dpp-DP15,Shinx,DP Black Star Promos
dpp-DP09,Torterra,DP Black Star Promos
dpp-DP41,Toxicroak G,DP Black Star Promos
dpp-DP05,Tropical Wind,DP Black Star Promos
dpp-DP25,Tropical Wind,DP Black Star Promos
dpp-DP48,Tropical Wind,DP Black Star Promos
dpp-DP01,Turtwig,DP Black Star Promos
dpp-DP55,Ultimate Zone,DP Black Star Promos
tk-dp-l-8,Energy Search,DP trainer Kit (Lucario)
tk-dp-l-11,Fighting Energy,DP trainer Kit (Lucario)
tk-dp-l-1,Geodude,DP trainer Kit (Lucario)
tk-dp-l-2,Graveler,DP trainer Kit (Lucario)
tk-dp-l-3,Lucario,DP trainer Kit (Lucario)
tk-dp-l-4,Machoke,DP trainer Kit (Lucario)
tk-dp-l-5,Machop,DP trainer Kit (Lucario)
tk-dp-l-9,Potion,DP trainer Kit (Lucario)
tk-dp-l-10,Quick Ball,DP trainer Kit (Lucario)
tk-dp-l-6,Riolu,DP trainer Kit (Lucario)
tk-dp-l-7,Starly,DP trainer Kit (Lucario)
tk-dp-m-1,Buizel,DP trainer Kit (Manaphy)
tk-dp-m-9,Dusk Ball,DP trainer Kit (Manaphy)
tk-dp-m-10,Energy Search,DP trainer Kit (Manaphy)
tk-dp-m-2,Floatzel,DP trainer Kit (Manaphy)
tk-dp-m-3,Goldeen,DP trainer Kit (Manaphy)
tk-dp-m-4,Manaphy,DP trainer Kit (Manaphy)
tk-dp-m-5,Piplup,DP trainer Kit (Manaphy)
tk-dp-m-11,Potion,DP trainer Kit (Manaphy)
tk-dp-m-6,Prinplup,DP trainer Kit (Manaphy)
tk-dp-m-7,Seaking,DP trainer Kit (Manaphy)
tk-dp-m-8,Totodile,DP trainer Kit (Manaphy)
tk-dp-m-12,Water Energy,DP trainer Kit (Manaphy)
ex15-100,Charizard Star δ,Dragon Frontiers
ex15-101,Mew Star δ,Dragon Frontiers
ex15-56,Nidoran♀ δ,Dragon Frontiers
ex15-57,Nidoran♂ δ,Dragon Frontiers
ex15-88,δ Rainbow Energy,Dragon Frontiers
sm7.5-58,Blaine’s Last Stand,Dragon Majesty
sm7.5-69,Blaine’s Last Stand,Dragon Majesty
sm7.5-61,Lance ◇,Dragon Majesty
bw6-117,Blend Energy Grass Fire Psychic Darkness,Dragons Exalted
bw6-118,Blend Energy Water Lightning Fighting Metal,Dragons Exalted
bw6-124,Giratina-EX,Dragons Exalted
bw6-92,Giratina-EX,Dragons Exalted
bw6-119,Ho-Oh-EX,Dragons Exalted
bw6-22,Ho-Oh-EX,Dragons Exalted
bw6-120,Mew-EX,Dragons Exalted
bw6-46,Mew-EX,Dragons Exalted
bw6-123,Rayquaza-EX,Dragons Exalted
bw6-85,Rayquaza-EX,Dragons Exalted
bw6-122,Registeel-EX,Dragons Exalted
bw6-81,Registeel-EX,Dragons Exalted
bw6-121,Terrakion-EX,Dragons Exalted
bw6-71,Terrakion-EX,Dragons Exalted
A3b-058,Aipom,Eevee Grove
A3b-037,Alcremie,Eevee Grove
A3b-021,Alomomola,Eevee Grove
A3b-059,Ambipom,Eevee Grove
A3b-007,Appletun,Eevee Grove
A3b-006,Applin,Eevee Grove
A3b-101,Arbok,Eevee Grove
A3b-104,Articuno ex,Eevee Grove
A3b-061,Audino,Eevee Grove
A3b-038,Barboach,Eevee Grove
A3b-003,Bounsweet,Eevee Grove
A3b-023,Brionne,Eevee Grove
A3b-042,Carbink,Eevee Grove
A3b-060,Chatot,Eevee Grove
A3b-063,Cinccino,Eevee Grove
A3b-052,Dragonair,Eevee Grove
A3b-053,Dragonite ex,Eevee Grove
A3b-082,Dragonite ex,Eevee Grove
A3b-090,Dragonite ex,Eevee Grove
A3b-054,Drampa,Eevee Grove
A3b-051,Dratini,Eevee Grove
A3b-055,Eevee,Eevee Grove
A3b-078,Eevee,Eevee Grove
A3b-066,Eevee Bag,Eevee Grove
A3b-107,Eevee Bag,Eevee Grove
A3b-056,Eevee ex,Eevee Grove
A3b-083,Eevee ex,Eevee Grove
A3b-092,Eevee ex,Eevee Grove
A3b-100,Ekans,Eevee Grove
A3b-096,Electrode,Eevee Grove
A3b-028,Espeon,Eevee Grove
A3b-075,Espeon,Eevee Grove
A3b-102,Farfetch'd,Eevee Grove
A3b-008,Flareon,Eevee Grove
A3b-071,Flareon,Eevee Grove
A3b-009,Flareon ex,Eevee Grove
A3b-079,Flareon ex,Eevee Grove
A3b-087,Flareon ex,Eevee Grove
A3b-106,Gallade ex,Eevee Grove
A3b-027,Galvantula,Eevee Grove
A3b-099,Gardevoir,Eevee Grove
A3b-017,Glaceon,Eevee Grove
A3b-073,Glaceon,Eevee Grove
A3b-065,Greedent,Eevee Grove
A3b-068,Hau,Eevee Grove
A3b-085,Hau,Eevee Grove
A3b-013,Incineroar,Eevee Grove
A3b-025,Jolteon,Eevee Grove
A3b-074,Jolteon,Eevee Grove
A3b-026,Joltik,Eevee Grove
A3b-098,Kirlia,Eevee Grove
A3b-094,Lapras,Eevee Grove
A3b-002,Leafeon,Eevee Grove
A3b-070,Leafeon,Eevee Grove
A3b-067,Leftovers,Eevee Grove
A3b-046,Liepard,Eevee Grove
A3b-011,Litten,Eevee Grove
A3b-047,Mawile,Eevee Grove
A3b-050,Melmetal,Eevee Grove
A3b-049,Meltan,Eevee Grove
A3b-040,Mienfoo,Eevee Grove
A3b-041,Mienshao,Eevee Grove
A3b-036,Milcery,Eevee Grove
A3b-035,Mimikyu,Eevee Grove
A3b-062,Minccino,Eevee Grove
A3b-103,Moltres ex,Eevee Grove
A3b-069,Penny,Eevee Grove
A3b-086,Penny,Eevee Grove
A3b-093,Pinsir,Eevee Grove
A3b-022,Popplio,Eevee Grove
A3b-024,Primarina ex,Eevee Grove
A3b-080,Primarina ex,Eevee Grove
A3b-088,Primarina ex,Eevee Grove
A3b-045,Purrloin,Eevee Grove
A3b-097,Ralts,Eevee Grove
A3b-044,Sableye,Eevee Grove
A3b-014,Salandit,Eevee Grove
A3b-015,Salazzle,Eevee Grove
A3b-064,Skwovet,Eevee Grove
A3b-032,Slurpuff,Eevee Grove
A3b-057,Snorlax ex,Eevee Grove
A3b-084,Snorlax ex,Eevee Grove
A3b-091,Snorlax ex,Eevee Grove
A3b-004,Steenee,Eevee Grove
A3b-031,Swirlix,Eevee Grove
A3b-030,Swoobat,Eevee Grove
A3b-033,Sylveon,Eevee Grove
A3b-076,Sylveon,Eevee Grove
A3b-034,Sylveon ex,Eevee Grove
A3b-081,Sylveon ex,Eevee Grove
A3b-089,Sylveon ex,Eevee Grove
A3b-048,Togedemaru,Eevee Grove
A3b-010,Torkoal,Eevee Grove
A3b-012,Torracat,Eevee Grove
A3b-001,Tropius,Eevee Grove
A3b-005,Tsareena,Eevee Grove
A3b-043,Umbreon,Eevee Grove
A3b-077,Umbreon,Eevee Grove
A3b-019,Vanillish,Eevee Grove
A3b-018,Vanillite,Eevee Grove
A3b-020,Vanilluxe,Eevee Grove
A3b-016,Vaporeon,Eevee Grove
A3b-072,Vaporeon,Eevee Grove
A3b-095,Voltorb,Eevee Grove
A3b-039,Whiscash,Eevee Grove
A3b-029,Woobat,Eevee Grove
A3b-105,Zapdos ex,Eevee Grove
xy12-43,Nidoran♂,Evolutions
xy12-109,ナッシー[Exeggutor],Evolutions
A3a-098,Aerodactyl,Extradimensional Crisis
A3a-101,Aerodactyl ex,Extradimensional Crisis
A3a-050,Aggron,Extradimensional Crisis
A3a-046,Alolan Diglett,Extradimensional Crisis
A3a-047,Alolan Dugtrio ex,Extradimensional Crisis
A3a-080,Alolan Dugtrio ex,Extradimensional Crisis
A3a-087,Alolan Dugtrio ex,Extradimensional Crisis
A3a-037,Alolan Meowth,Extradimensional Crisis
A3a-073,Alolan Meowth,Extradimensional Crisis
A3a-038,Alolan Persian,Extradimensional Crisis
A3a-090,Arcanine,Extradimensional Crisis
A3a-100,Arcanine ex,Extradimensional Crisis
A3a-048,Aron,Extradimensional Crisis
A3a-030,Baltoy,Extradimensional Crisis
A3a-066,Beastite,Extradimensional Crisis
A3a-063,Beast Wall,Extradimensional Crisis
A3a-058,Bewear,Extradimensional Crisis
A3a-009,Blacephalon,Extradimensional Crisis
A3a-072,Blacephalon,Extradimensional Crisis
A3a-016,Blitzle,Extradimensional Crisis
A3a-006,Buzzwole ex,Extradimensional Crisis
A3a-076,Buzzwole ex,Extradimensional Crisis
A3a-088,Buzzwole ex,Extradimensional Crisis
A3a-011,Carvanha,Extradimensional Crisis
A3a-099,Celebi ex,Extradimensional Crisis
A3a-062,Celesteela,Extradimensional Crisis
A3a-075,Celesteela,Extradimensional Crisis
A3a-031,Claydol,Extradimensional Crisis
A3a-023,Clefable,Extradimensional Crisis
A3a-022,Clefairy,Extradimensional Crisis
A3a-004,Dartrix,Extradimensional Crisis
A3a-005,Decidueye,Extradimensional Crisis
A3a-065,Electrical Cord,Extradimensional Crisis
A3a-018,Emolga,Extradimensional Crisis
A3a-051,Ferroseed,Extradimensional Crisis
A3a-052,Ferrothorn,Extradimensional Crisis
A3a-091,Froakie,Extradimensional Crisis
A3a-092,Frogadier,Extradimensional Crisis
A3a-067,Gladion,Extradimensional Crisis
A3a-081,Gladion,Extradimensional Crisis
A3a-093,Greninja,Extradimensional Crisis
A3a-089,Growlithe,Extradimensional Crisis
A3a-043,Guzzlord ex,Extradimensional Crisis
A3a-079,Guzzlord ex,Extradimensional Crisis
A3a-086,Guzzlord ex,Extradimensional Crisis
A3a-055,Herdier,Extradimensional Crisis
A3a-094,Jynx,Extradimensional Crisis
A3a-008,Kartana,Extradimensional Crisis
A3a-040,Krokorok,Extradimensional Crisis
A3a-041,Krookodile,Extradimensional Crisis
A3a-049,Lairon,Extradimensional Crisis
A3a-002,Lilligant,Extradimensional Crisis
A3a-054,Lillipup,Extradimensional Crisis
A3a-068,Looker,Extradimensional Crisis
A3a-082,Looker,Extradimensional Crisis
A3a-069,Lusamine,Extradimensional Crisis
A3a-083,Lusamine,Extradimensional Crisis
A3a-014,Luxio,Extradimensional Crisis
A3a-015,Luxray,Extradimensional Crisis
A3a-033,Lycanroc ex,Extradimensional Crisis
A3a-078,Lycanroc ex,Extradimensional Crisis
A3a-085,Lycanroc ex,Extradimensional Crisis
A3a-010,Mantine,Extradimensional Crisis
A3a-029,Medicham,Extradimensional Crisis
A3a-028,Meditite,Extradimensional Crisis
A3a-026,Morelull,Extradimensional Crisis
A3a-045,Naganadel,Extradimensional Crisis
A3a-042,Nihilego,Extradimensional Crisis
A3a-103,Nihilego,Extradimensional Crisis
A3a-059,Oranguru,Extradimensional Crisis
A3a-036,Palossand,Extradimensional Crisis
A3a-034,Passimian,Extradimensional Crisis
A3a-001,Petilil,Extradimensional Crisis
A3a-024,Phantump,Extradimensional Crisis
A3a-007,Pheromosa,Extradimensional Crisis
A3a-071,Pheromosa,Extradimensional Crisis
A3a-097,Pidgeot,Extradimensional Crisis
A3a-102,Pidgeot ex,Extradimensional Crisis
A3a-096,Pidgeotto,Extradimensional Crisis
A3a-095,Pidgey,Extradimensional Crisis
A3a-044,Poipole,Extradimensional Crisis
A3a-064,Repel,Extradimensional Crisis
A3a-032,Rockruff,Extradimensional Crisis
A3a-003,Rowlet,Extradimensional Crisis
A3a-070,Rowlet,Extradimensional Crisis
A3a-039,Sandile,Extradimensional Crisis
A3a-035,Sandygast,Extradimensional Crisis
A3a-012,Sharpedo,Extradimensional Crisis
A3a-027,Shiinotic,Extradimensional Crisis
A3a-013,Shinx,Extradimensional Crisis
A3a-061,Silvally,Extradimensional Crisis
A3a-074,Silvally,Extradimensional Crisis
A3a-053,Stakataka,Extradimensional Crisis
A3a-056,Stoutland,Extradimensional Crisis
A3a-057,Stufful,Extradimensional Crisis
A3a-019,Tapu Koko ex,Extradimensional Crisis
A3a-077,Tapu Koko ex,Extradimensional Crisis
A3a-084,Tapu Koko ex,Extradimensional Crisis
A3a-025,Trevenant,Extradimensional Crisis
A3a-060,Type: Null,Extradimensional Crisis
A3a-020,Xurkitree,Extradimensional Crisis
A3a-017,Zebstrika,Extradimensional Crisis
A3a-021,Zeraora,Extradimensional Crisis
tk-ex-m-1,Arcanine,EX trainer Kit 2 (Minun)
tk-ex-m-8,Celio's Network,EX trainer Kit 2 (Minun)
tk-ex-m-2,Charmander,EX trainer Kit 2 (Minun)
tk-ex-m-3,Charmeleon,EX trainer Kit 2 (Minun)
tk-ex-m-9,Energy Search,EX trainer Kit 2 (Minun)
tk-ex-m-11,Fire Energy,EX trainer Kit 2 (Minun)
tk-ex-m-4,Growlithe,EX trainer Kit 2 (Minun)
tk-ex-m-12,Lightning Energy,EX trainer Kit 2 (Minun)
tk-ex-m-5,Mareep,EX trainer Kit 2 (Minun)
tk-ex-m-6,Minun,EX trainer Kit 2 (Minun)
tk-ex-m-10,Potion,EX trainer Kit 2 (Minun)
tk-ex-m-7,Vulpix,EX trainer Kit 2 (Minun)
B2-120,Aegislash,Fantastical Parade
B2-096,Alolan Grimer,Fantastical Parade
B2-018,Alolan Marowak,Fantastical Parade
B2-094,Alolan Meowth,Fantastical Parade
B2-097,Alolan Muk,Fantastical Parade
B2-173,Alolan Muk,Fantastical Parade
B2-029,Alolan Ninetales ex,Fantastical Parade
B2-182,Alolan Ninetales ex,Fantastical Parade
B2-196,Alolan Ninetales ex,Fantastical Parade
B2-095,Alolan Persian,Fantastical Parade
B2-050,Alolan Raichu,Fantastical Parade
B2-028,Alolan Vulpix,Fantastical Parade
B2-041,Amaura,Fantastical Parade
B2-046,Arrokuda,Fantastical Parade
B2-042,Aurorus,Fantastical Parade
B2-163,Aurorus,Fantastical Parade
B2-121,Bagon,Fantastical Parade
B2-047,Barraskewda,Fantastical Parade
B2-057,Bellibolt,Fantastical Parade
B2-023,Blacephalon ex,Fantastical Parade
B2-181,Blacephalon ex,Fantastical Parade
B2-195,Blacephalon ex,Fantastical Parade
B2-086,Boldore,Fantastical Parade
B2-139,Bunnelby,Fantastical Parade
B2-014,Buzzwole,Fantastical Parade
B2-159,Buzzwole,Fantastical Parade
B2-006,Cacnea,Fantastical Parade
B2-156,Cacnea,Fantastical Parade
B2-007,Cacturne,Fantastical Parade
B2-069,Chandelure,Fantastical Parade
B2-010,Chesnaught,Fantastical Parade
B2-008,Chespin,Fantastical Parade
B2-043,Chewtle,Fantastical Parade
B2-026,Cinderace,Fantastical Parade
B2-215,Clefable,Fantastical Parade
B2-214,Clefairy,Fantastical Parade
B2-093,Cornerstone Mask Ogerpon,Fantastical Parade
B2-045,Cramorant,Fantastical Parade
B2-164,Cramorant,Fantastical Parade
B2-040,Cryogonal,Fantastical Parade
B2-082,Cubone,Fantastical Parade
B2-032,Delibird,Fantastical Parade
B2-149,Diantha,Fantastical Parade
B2-190,Diantha,Fantastical Parade
B2-140,Diggersby,Fantastical Parade
B2-230,Donphan ex,Fantastical Parade
B2-119,Doublade,Fantastical Parade
B2-044,Drednaw,Fantastical Parade
B2-088,Drilbur,Fantastical Parade
B2-016,Eldegoss,Fantastical Parade
B2-228,Espeon ex,Fantastical Parade
B2-114,Excadrill,Fantastical Parade
B2-092,Falinks,Fantastical Parade
B2-172,Falinks,Fantastical Parade
B2-115,Ferroseed,Fantastical Parade
B2-116,Ferrothorn,Fantastical Parade
B2-225,Flareon ex,Fantastical Parade
B2-141,Furfrou,Fantastical Parade
B2-129,Furret,Fantastical Parade
B2-099,Galarian Linoone,Fantastical Parade
B2-110,Galarian Meowth,Fantastical Parade
B2-030,Galarian Mr. Mime,Fantastical Parade
B2-031,Galarian Mr. Rime,Fantastical Parade
B2-100,Galarian Obstagoon,Fantastical Parade
B2-176,Galarian Obstagoon,Fantastical Parade
B2-111,Galarian Perrserker,Fantastical Parade
B2-177,Galarian Perrserker,Fantastical Parade
B2-058,Galarian Ponyta,Fantastical Parade
B2-167,Galarian Ponyta,Fantastical Parade
B2-059,Galarian Rapidash,Fantastical Parade
B2-117,Galarian Stunfisk,Fantastical Parade
B2-098,Galarian Zigzagoon,Fantastical Parade
B2-065,Gardevoir,Fantastical Parade
B2-087,Gigalith ex,Fantastical Parade
B2-187,Gigalith ex,Fantastical Parade
B2-200,Gigalith ex,Fantastical Parade
B2-015,Gossifleur,Fantastical Parade
B2-072,Gourgeist,Fantastical Parade
B2-062,Granbull,Fantastical Parade
B2-109,Guzzlord,Fantastical Parade
B2-027,Hearthflame Mask Ogerpon,Fantastical Parade
B2-219,Hitmonchan,Fantastical Parade
B2-218,Hitmonlee,Fantastical Parade
B2-118,Honedge,Fantastical Parade
B2-226,Ho-Oh ex,Fantastical Parade
B2-208,Horsea,Fantastical Parade
B2-076,Indeedee,Fantastical Parade
B2-169,Indeedee,Fantastical Parade
B2-144,Jaw Fossil,Fantastical Parade
B2-151,Juggler,Fantastical Parade
B2-192,Juggler,Fantastical Parade
B2-220,Kabuto,Fantastical Parade
B2-221,Kabutops,Fantastical Parade
B2-126,Kangaskhan,Fantastical Parade
B2-227,Kingdra ex,Fantastical Parade
B2-064,Kirlia,Fantastical Parade
B2-068,Lampent,Fantastical Parade
B2-216,Latias,Fantastical Parade
B2-217,Latios,Fantastical Parade
B2-002,Ledian,Fantastical Parade
B2-001,Ledyba,Fantastical Parade
B2-105,Liepard,Fantastical Parade
B2-020,Litleo,Fantastical Parade
B2-067,Litwick,Fantastical Parade
B2-145,Lucky Ice Pop,Fantastical Parade
B2-131,Lugia,Fantastical Parade
B2-232,Lugia ex,Fantastical Parade
B2-081,Machamp,Fantastical Parade
B2-080,Machoke,Fantastical Parade
B2-079,Machop,Fantastical Parade
B2-206,Magby,Fantastical Parade
B2-207,Magmar,Fantastical Parade
B2-210,Mantyke,Fantastical Parade
B2-034,Marshtomp,Fantastical Parade
B2-143,Maushold,Fantastical Parade
B2-112,Mawile,Fantastical Parade
B2-084,Medicham,Fantastical Parade
B2-083,Meditite,Fantastical Parade
B2-066,Mega Gardevoir ex,Fantastical Parade
B2-185,Mega Gardevoir ex,Fantastical Parade
B2-203,Mega Gardevoir ex,Fantastical Parade
B2-127,Mega Kangaskhan ex,Fantastical Parade
B2-189,Mega Kangaskhan ex,Fantastical Parade
B2-202,Mega Kangaskhan ex,Fantastical Parade
B2-113,Mega Mawile ex,Fantastical Parade
B2-188,Mega Mawile ex,Fantastical Parade
B2-201,Mega Mawile ex,Fantastical Parade
B2-036,Mega Swampert ex,Fantastical Parade
B2-183,Mega Swampert ex,Fantastical Parade
B2-197,Mega Swampert ex,Fantastical Parade
B2-070,Meloetta,Fantastical Parade
B2-233,Meloetta,Fantastical Parade
B2-124,Meowth,Fantastical Parade
B2-204,Meowth,Fantastical Parade
B2-148,Metal Core Barrier,Fantastical Parade
B2-073,Mimikyu ex,Fantastical Parade
B2-186,Mimikyu ex,Fantastical Parade
B2-199,Mimikyu ex,Fantastical Parade
B2-053,Minun,Fantastical Parade
B2-165,Minun,Fantastical Parade
B2-033,Mudkip,Fantastical Parade
B2-211,Omanyte,Fantastical Parade
B2-212,Omastar,Fantastical Parade
B2-022,Oricorio,Fantastical Parade
B2-161,Oricorio,Fantastical Parade
B2-091,Passimian,Fantastical Parade
B2-155,Peculiar Plaza,Fantastical Parade
B2-125,Persian,Fantastical Parade
B2-222,Phanpy,Fantastical Parade
B2-213,Pichu,Fantastical Parade
B2-152,Piers,Fantastical Parade
B2-193,Piers,Fantastical Parade
B2-049,Pikachu,Fantastical Parade
B2-052,Plusle,Fantastical Parade
B2-075,Polteageist,Fantastical Parade
B2-147,Protective Poncho,Fantastical Parade
B2-234,Protective Poncho,Fantastical Parade
B2-071,Pumpkaboo,Fantastical Parade
B2-104,Purrloin,Fantastical Parade
B2-174,Purrloin,Fantastical Parade
B2-021,Pyroar,Fantastical Parade
B2-009,Quilladin,Fantastical Parade
B2-025,Raboot,Fantastical Parade
B2-063,Ralts,Fantastical Parade
B2-019,Reshiram,Fantastical Parade
B2-160,Reshiram,Fantastical Parade
B2-085,Roggenrola,Fantastical Parade
B2-004,Roselia,Fantastical Parade
B2-005,Roserade,Fantastical Parade
B2-157,Roserade,Fantastical Parade
B2-146,Sail Fossil,Fantastical Parade
B2-123,Salamence,Fantastical Parade
B2-178,Salamence,Fantastical Parade
B2-077,Sandshrew,Fantastical Parade
B2-170,Sandshrew,Fantastical Parade
B2-078,Sandslash,Fantastical Parade
B2-011,Scatterbug,Fantastical Parade
B2-024,Scorbunny,Fantastical Parade
B2-162,Scorbunny,Fantastical Parade
B2-107,Scrafty,Fantastical Parade
B2-106,Scraggy,Fantastical Parade
B2-209,Seadra,Fantastical Parade
B2-128,Sentret,Fantastical Parade
B2-122,Shelgon,Fantastical Parade
B2-003,Shuckle,Fantastical Parade
B2-150,Sightseer,Fantastical Parade
B2-191,Sightseer,Fantastical Parade
B2-074,Sinistea,Fantastical Parade
B2-102,Skuntank,Fantastical Parade
B2-136,Slaking,Fantastical Parade
B2-134,Slakoth,Fantastical Parade
B2-179,Slakoth,Fantastical Parade
B2-130,Smeargle,Fantastical Parade
B2-061,Snubbull,Fantastical Parade
B2-168,Snubbull,Fantastical Parade
B2-012,Spewpa,Fantastical Parade
B2-137,Spinda,Fantastical Parade
B2-103,Spiritomb,Fantastical Parade
B2-154,Starting Plains,Fantastical Parade
B2-101,Stunky,Fantastical Parade
B2-035,Swampert,Fantastical Parade
B2-133,Swellow,Fantastical Parade
B2-229,Sylveon ex,Fantastical Parade
B2-056,Tadbulb,Fantastical Parade
B2-132,Taillow,Fantastical Parade
B2-142,Tandemaus,Fantastical Parade
B2-205,Tangela,Fantastical Parade
B2-224,Tauros,Fantastical Parade
B2-017,Teal Mask Ogerpon ex,Fantastical Parade
B2-180,Teal Mask Ogerpon ex,Fantastical Parade
B2-194,Teal Mask Ogerpon ex,Fantastical Parade
B2-138,Tornadus,Fantastical Parade
B2-054,Toxel,Fantastical Parade
B2-166,Toxel,Fantastical Parade
B2-055,Toxtricity ex,Fantastical Parade
B2-184,Toxtricity ex,Fantastical Parade
B2-198,Toxtricity ex,Fantastical Parade
B2-153,Training Area,Fantastical Parade
B2-090,Tyrantrum,Fantastical Parade
B2-171,Tyrantrum,Fantastical Parade
B2-223,Tyrogue,Fantastical Parade
B2-089,Tyrunt,Fantastical Parade
B2-231,Umbreon ex,Fantastical Parade
B2-038,Vanillish,Fantastical Parade
B2-037,Vanillite,Fantastical Parade
B2-039,Vanilluxe,Fantastical Parade
B2-135,Vigoroth,Fantastical Parade
B2-013,Vivillon,Fantastical Parade
B2-158,Vivillon,Fantastical Parade
B2-048,Wellspring Mask Ogerpon,Fantastical Parade
B2-060,Wobbuffet,Fantastical Parade
B2-108,Yveltal,Fantastical Parade
B2-175,Yveltal,Fantastical Parade
B2-051,Zapdos,Fantastical Parade
ex6-70,Nidoran♀,FireRed & LeafGreen
ex6-71,Nidoran♂,FireRed & LeafGreen
ex6-96,PokéDex (HANDY909),FireRed & LeafGreen
sm6-110,Lysandre ◇,Forbidden Light
sm6-118,Unit Energy FightingDarknessFairy,Forbidden Light
sm6-146,Unit Energy FightingDarknessFairy,Forbidden Light
xy3-55a,M Lucario EX,Furious Fists
g1-28a,Jolteon-EX,Generations
g1-RC31,M Gardevoir EX,Generations
A1-115,Abra,Genetic Apex
A1-210,Aerodactyl,Genetic Apex
A1-117,Alakazam,Genetic Apex
A1-236,Alakazam,Genetic Apex
A1-165,Arbok,Genetic Apex
A1-040,Arcanine,Genetic Apex
A1-041,Arcanine ex,Genetic Apex
A1-254,Arcanine ex,Genetic Apex
A1-083,Articuno,Genetic Apex
A1-084,Articuno ex,Genetic Apex
A1-258,Articuno ex,Genetic Apex
A1-275,Articuno ex,Genetic Apex
A1-010,Beedrill,Genetic Apex
A1-018,Bellsprout,Genetic Apex
A1-180,Bisharp,Genetic Apex
A1-221,Blaine,Genetic Apex
A1-268,Blaine,Genetic Apex
A1-055,Blastoise,Genetic Apex
A1-056,Blastoise ex,Genetic Apex
A1-256,Blastoise ex,Genetic Apex
A1-105,Blitzle,Genetic Apex
A1-224,Brock,Genetic Apex
A1-271,Brock,Genetic Apex
A1-091,Bruxish,Genetic Apex
A1-001,Bulbasaur,Genetic Apex
A1-227,Bulbasaur,Genetic Apex
A1-007,Butterfree,Genetic Apex
A1-005,Caterpie,Genetic Apex
A1-052,Centiskorch,Genetic Apex
A1-202,Chansey,Genetic Apex
A1-035,Charizard,Genetic Apex
A1-036,Charizard ex,Genetic Apex
A1-253,Charizard ex,Genetic Apex
A1-280,Charizard ex,Genetic Apex
A1-284,Charizard ex,Genetic Apex
A1-033,Charmander,Genetic Apex
A1-230,Charmander,Genetic Apex
A1-034,Charmeleon,Genetic Apex
A1-213,Cinccino,Genetic Apex
A1-114,Clefable,Genetic Apex
A1-113,Clefairy,Genetic Apex
A1-162,Clobbopus,Genetic Apex
A1-067,Cloyster,Genetic Apex
A1-027,Cottonee,Genetic Apex
A1-151,Cubone,Genetic Apex
A1-239,Cubone,Genetic Apex
A1-065,Dewgong,Genetic Apex
A1-139,Diglett,Genetic Apex
A1-238,Diglett,Genetic Apex
A1-205,Ditto,Genetic Apex
A1-247,Ditto,Genetic Apex
A1-200,Dodrio,Genetic Apex
A1-199,Doduo,Genetic Apex
A1-217,Dome Fossil,Genetic Apex
A1-184,Dragonair,Genetic Apex
A1-185,Dragonite,Genetic Apex
A1-244,Dragonite,Genetic Apex
A1-183,Dratini,Genetic Apex
A1-124,Drowzee,Genetic Apex
A1-215,Dubwool,Genetic Apex
A1-085,Ducklett,Genetic Apex
A1-140,Dugtrio,Genetic Apex
A1-108,Eelektrik,Genetic Apex
A1-109,Eelektross,Genetic Apex
A1-206,Eevee,Genetic Apex
A1-207,Eevee,Genetic Apex
A1-208,Eevee,Genetic Apex
A1-248,Eevee,Genetic Apex
A1-164,Ekans,Genetic Apex
A1-101,Electabuzz,Genetic Apex
A1-100,Electrode,Genetic Apex
A1-235,Electrode,Genetic Apex
A1-219,Erika,Genetic Apex
A1-266,Erika,Genetic Apex
A1-021,Exeggcute,Genetic Apex
A1-022,Exeggutor,Genetic Apex
A1-023,Exeggutor ex,Genetic Apex
A1-252,Exeggutor ex,Genetic Apex
A1-198,Farfetch'd,Genetic Apex
A1-192,Fearow,Genetic Apex
A1-045,Flareon,Genetic Apex
A1-087,Froakie,Genetic Apex
A1-088,Frogadier,Genetic Apex
A1-093,Frosmoth,Genetic Apex
A1-132,Gardevoir,Genetic Apex
A1-120,Gastly,Genetic Apex
A1-122,Gengar,Genetic Apex
A1-123,Gengar ex,Genetic Apex
A1-261,Gengar ex,Genetic Apex
A1-277,Gengar ex,Genetic Apex
A1-147,Geodude,Genetic Apex
A1-223,Giovanni,Genetic Apex
A1-270,Giovanni,Genetic Apex
A1-012,Gloom,Genetic Apex
A1-228,Gloom,Genetic Apex
A1-032,Gogoat,Genetic Apex
A1-173,Golbat,Genetic Apex
A1-242,Golbat,Genetic Apex
A1-072,Goldeen,Genetic Apex
A1-058,Golduck,Genetic Apex
A1-149,Golem,Genetic Apex
A1-135,Golett,Genetic Apex
A1-136,Golurk,Genetic Apex
A1-163,Grapploct,Genetic Apex
A1-148,Graveler,Genetic Apex
A1-089,Greninja,Genetic Apex
A1-174,Grimer,Genetic Apex
A1-039,Growlithe,Genetic Apex
A1-078,Gyarados,Genetic Apex
A1-233,Gyarados,Genetic Apex
A1-121,Haunter,Genetic Apex
A1-048,Heatmor,Genetic Apex
A1-111,Heliolisk,Genetic Apex
A1-110,Helioptile,Genetic Apex
A1-216,Helix Fossil,Genetic Apex
A1-155,Hitmonchan,Genetic Apex
A1-154,Hitmonlee,Genetic Apex
A1-070,Horsea,Genetic Apex
A1-125,Hypno,Genetic Apex
A1-002,Ivysaur,Genetic Apex
A1-193,Jigglypuff,Genetic Apex
A1-102,Jolteon,Genetic Apex
A1-127,Jynx,Genetic Apex
A1-158,Kabuto,Genetic Apex
A1-159,Kabutops,Genetic Apex
A1-116,Kadabra,Genetic Apex
A1-009,Kakuna,Genetic Apex
A1-203,Kangaskhan,Genetic Apex
A1-069,Kingler,Genetic Apex
A1-131,Kirlia,Genetic Apex
A1-176,Koffing,Genetic Apex
A1-222,Koga,Genetic Apex
A1-269,Koga,Genetic Apex
A1-068,Krabby,Genetic Apex
A1-079,Lapras,Genetic Apex
A1-234,Lapras,Genetic Apex
A1-201,Lickitung,Genetic Apex
A1-030,Lilligant,Genetic Apex
A1-226,Lt. Surge,Genetic Apex
A1-273,Lt. Surge,Genetic Apex
A1-145,Machamp,Genetic Apex
A1-146,Machamp ex,Genetic Apex
A1-263,Machamp ex,Genetic Apex
A1-278,Machamp ex,Genetic Apex
A1-144,Machoke,Genetic Apex
A1-143,Machop,Genetic Apex
A1-077,Magikarp,Genetic Apex
A1-044,Magmar,Genetic Apex
A1-097,Magnemite,Genetic Apex
A1-098,Magneton,Genetic Apex
A1-141,Mankey,Genetic Apex
A1-152,Marowak,Genetic Apex
A1-153,Marowak ex,Genetic Apex
A1-264,Marowak ex,Genetic Apex
A1-178,Mawile,Genetic Apex
A1-182,Melmetal,Genetic Apex
A1-181,Meltan,Genetic Apex
A1-196,Meowth,Genetic Apex
A1-246,Meowth,Genetic Apex
A1-006,Metapod,Genetic Apex
A1-283,Mew,Genetic Apex
A1-128,Mewtwo,Genetic Apex
A1-129,Mewtwo ex,Genetic Apex
A1-262,Mewtwo ex,Genetic Apex
A1-282,Mewtwo ex,Genetic Apex
A1-286,Mewtwo ex,Genetic Apex
A1-160,Mienfoo,Genetic Apex
A1-161,Mienshao,Genetic Apex
A1-212,Minccino,Genetic Apex
A1-220,Misty,Genetic Apex
A1-267,Misty,Genetic Apex
A1-046,Moltres,Genetic Apex
A1-047,Moltres ex,Genetic Apex
A1-255,Moltres ex,Genetic Apex
A1-274,Moltres ex,Genetic Apex
A1-126,Mr. Mime,Genetic Apex
A1-175,Muk,Genetic Apex
A1-171,Nidoking,Genetic Apex
A1-241,Nidoking,Genetic Apex
A1-168,Nidoqueen,Genetic Apex
A1-240,Nidoqueen,Genetic Apex
A1-166,Nidoran♀,Genetic Apex
A1-169,Nidoran♂,Genetic Apex
A1-167,Nidorina,Genetic Apex
A1-170,Nidorino,Genetic Apex
A1-038,Ninetales,Genetic Apex
A1-011,Oddish,Genetic Apex
A1-218,Old Amber,Genetic Apex
A1-081,Omanyte,Genetic Apex
A1-082,Omastar,Genetic Apex
A1-150,Onix,Genetic Apex
A1-014,Paras,Genetic Apex
A1-015,Parasect,Genetic Apex
A1-179,Pawniard,Genetic Apex
A1-197,Persian,Genetic Apex
A1-029,Petilil,Genetic Apex
A1-188,Pidgeot,Genetic Apex
A1-245,Pidgeot,Genetic Apex
A1-187,Pidgeotto,Genetic Apex
A1-186,Pidgey,Genetic Apex
A1-094,Pikachu,Genetic Apex
A1-096,Pikachu ex,Genetic Apex
A1-259,Pikachu ex,Genetic Apex
A1-281,Pikachu ex,Genetic Apex
A1-285,Pikachu ex,Genetic Apex
A1-112,Pincurchin,Genetic Apex
A1-026,Pinsir,Genetic Apex
A1-229,Pinsir,Genetic Apex
A1-059,Poliwag,Genetic Apex
A1-060,Poliwhirl,Genetic Apex
A1-061,Poliwrath,Genetic Apex
A1-042,Ponyta,Genetic Apex
A1-209,Porygon,Genetic Apex
A1-249,Porygon,Genetic Apex
A1-142,Primeape,Genetic Apex
A1-057,Psyduck,Genetic Apex
A1-090,Pyukumuku,Genetic Apex
A1-095,Raichu,Genetic Apex
A1-130,Ralts,Genetic Apex
A1-043,Rapidash,Genetic Apex
A1-231,Rapidash,Genetic Apex
A1-190,Raticate,Genetic Apex
A1-189,Rattata,Genetic Apex
A1-157,Rhydon,Genetic Apex
A1-156,Rhyhorn,Genetic Apex
A1-225,Sabrina,Genetic Apex
A1-272,Sabrina,Genetic Apex
A1-049,Salandit,Genetic Apex
A1-050,Salazzle,Genetic Apex
A1-137,Sandshrew,Genetic Apex
A1-138,Sandslash,Genetic Apex
A1-025,Scyther,Genetic Apex
A1-071,Seadra,Genetic Apex
A1-073,Seaking,Genetic Apex
A1-064,Seel,Genetic Apex
A1-066,Shellder,Genetic Apex
A1-051,Sizzlipede,Genetic Apex
A1-031,Skiddo,Genetic Apex
A1-119,Slowbro,Genetic Apex
A1-118,Slowpoke,Genetic Apex
A1-237,Slowpoke,Genetic Apex
A1-092,Snom,Genetic Apex
A1-211,Snorlax,Genetic Apex
A1-250,Snorlax,Genetic Apex
A1-191,Spearow,Genetic Apex
A1-053,Squirtle,Genetic Apex
A1-232,Squirtle,Genetic Apex
A1-075,Starmie,Genetic Apex
A1-076,Starmie ex,Genetic Apex
A1-257,Starmie ex,Genetic Apex
A1-074,Staryu,Genetic Apex
A1-086,Swanna,Genetic Apex
A1-134,Swoobat,Genetic Apex
A1-024,Tangela,Genetic Apex
A1-204,Tauros,Genetic Apex
A1-062,Tentacool,Genetic Apex
A1-063,Tentacruel,Genetic Apex
A1-107,Tynamo,Genetic Apex
A1-080,Vaporeon,Genetic Apex
A1-017,Venomoth,Genetic Apex
A1-016,Venonat,Genetic Apex
A1-003,Venusaur,Genetic Apex
A1-004,Venusaur ex,Genetic Apex
A1-251,Venusaur ex,Genetic Apex
A1-020,Victreebel,Genetic Apex
A1-013,Vileplume,Genetic Apex
A1-099,Voltorb,Genetic Apex
A1-037,Vulpix,Genetic Apex
A1-054,Wartortle,Genetic Apex
A1-008,Weedle,Genetic Apex
A1-019,Weepinbell,Genetic Apex
A1-177,Weezing,Genetic Apex
A1-243,Weezing,Genetic Apex
A1-028,Whimsicott,Genetic Apex
A1-194,Wigglytuff,Genetic Apex
A1-195,Wigglytuff ex,Genetic Apex
A1-265,Wigglytuff ex,Genetic Apex
A1-279,Wigglytuff ex,Genetic Apex
A1-133,Woobat,Genetic Apex
A1-214,Wooloo,Genetic Apex
A1-103,Zapdos,Genetic Apex
A1-104,Zapdos ex,Genetic Apex
A1-260,Zapdos ex,Genetic Apex
A1-276,Zapdos ex,Genetic Apex
A1-106,Zebstrika,Genetic Apex
A1-172,Zubat,Genetic Apex
dp4-56,Unown F,Great Encounters
dp4-57,Unown G,Great Encounters
dp4-29,Unown H,Great Encounters
dp4-91,Unown L,Great Encounters
gym2-75,Giovanni's Nidoran♀,Gym Challenge
gym2-76,Giovanni's Nidoran♂,Gym Challenge
hgss1-19,Farfetch’d,HeartGold SoulSilver
hgss1-96,Pokégear3.0,HeartGold SoulSilver
hgss1-100,Professor Elm’s Training Method,HeartGold SoulSilver
hgss1-101,Professor Oak’s New Theory,HeartGold SoulSilver
hgssp-HGSS12,Cleffa,HGSS Black Star Promos
hgssp-HGSS20,Entei,HGSS Black Star Promos
hgssp-HGSS07,Feraligatr,HGSS Black Star Promos
hgssp-HGSS24,Hitmonchan,HGSS Black Star Promos
hgssp-HGSS25,Hitmonlee,HGSS Black Star Promos
hgssp-HGSS01,Ho-Oh,HGSS Black Star Promos
hgssp-HGSS05,Hoothoot,HGSS Black Star Promos
hgssp-HGSS14,Lapras,HGSS Black Star Promos
hgssp-HGSS10,Latias,HGSS Black Star Promos
hgssp-HGSS11,Latios,HGSS Black Star Promos
hgssp-HGSS02,Lugia,HGSS Black Star Promos
hgssp-HGSS08,Meganium,HGSS Black Star Promos
hgssp-HGSS17,Minun,HGSS Black Star Promos
hgssp-HGSS06,Noctowl,HGSS Black Star Promos
hgssp-HGSS03,Pikachu,HGSS Black Star Promos
hgssp-HGSS16,Plusle,HGSS Black Star Promos
hgssp-HGSS22,Porygon,HGSS Black Star Promos
hgssp-HGSS23,Porygon2,HGSS Black Star Promos
hgssp-HGSS19,Raikou,HGSS Black Star Promos
hgssp-HGSS15,Shuckle,HGSS Black Star Promos
hgssp-HGSS13,Smoochum,HGSS Black Star Promos
hgssp-HGSS21,Suicune,HGSS Black Star Promos
hgssp-HGSS18,Tropical Tidal Wave,HGSS Black Star Promos
hgssp-HGSS09,Typhlosion,HGSS Black Star Promos
hgssp-HGSS04,Wobbuffet,HGSS Black Star Promos
sm115-51,Bill’s Analysis,Hidden Fates
sm115-52,Blaine’s Last Stand,Hidden Fates
sm115-53,Brock’s Grit,Hidden Fates
sm115-54,Brock’s Pewter City Gym,Hidden Fates
sm115-55,Brock’s Training,Hidden Fates
sm115-56,Erika’s Hospitality,Hidden Fates
sm115-45,Farfetch’d,Hidden Fates
sm115-57,Giovanni’s Exile,Hidden Fates
sm115-67,Giovanni’s Exile,Hidden Fates
sm115-59,Koga’s Trap,Hidden Fates
sm115-60,Lt. Surge’s Strategy,Hidden Fates
sm115-61,Misty’s Cerulean City Gym,Hidden Fates
sm115-62,Misty’s Determination,Hidden Fates
sm115-63,Misty’s Water Command,Hidden Fates
sm115-65,Sabrina’s Suggestion,Hidden Fates
ex5-84,Ancient Technical Machine (Ice),Hidden Legends
ex5-85,Ancient Technical Machine (Rock),Hidden Legends
ex5-86,Ancient Technical Machine (Steel),Hidden Legends
ex13-102,Gyarados Star δ,Holon Phantoms
ex13-98,δ Rainbow Energy,Holon Phantoms
base2-57,Nidoran♀,Jungle
lc-82,Nidoran♀,Legendary Collection
lc-83,Nidoran♂,Legendary Collection
bw11-100,Black Kyurem-EX,Legendary Treasures
bw11-77,Chandelure-EX,Legendary Treasures
bw11-88,Darkrai-EX,Legendary Treasures
bw11-82,Excadrill-EX,Legendary Treasures
bw11-45,Keldeo-EX,Legendary Treasures
bw11-44,Kyurem-EX,Legendary Treasures
bw11-102,Lugia-EX,Legendary Treasures
bw11-RC11,Meloetta-EX,Legendary Treasures
bw11-RC25,Meloetta-EX,Legendary Treasures
bw11-RC24,Mew-EX,Legendary Treasures
bw11-54,Mewtwo-EX,Legendary Treasures
bw11-29,Reshiram-EX,Legendary Treasures
bw11-RC21,Shaymin-EX,Legendary Treasures
bw11-24,Victini-EX,Legendary Treasures
bw11-101,White Kyurem-EX,Legendary Treasures
bw11-52,Zekrom-EX,Legendary Treasures
dp6-50,Castform Snow-cloud Form,Legends Awakened
dp6-42,Unown !,Legends Awakened
dp6-82,Unown ?,Legends Awakened
dp6-76,Unown J,Legends Awakened
dp6-77,Unown R,Legends Awakened
dp6-78,Unown U,Legends Awakened
dp6-79,Unown V,Legends Awakened
dp6-80,Unown W,Legends Awakened
dp6-81,Unown Y,Legends Awakened
sm8-177,Fairy Charm Dragon,Lost Thunder
sm8-176,Fairy Charm Fighting,Lost Thunder
sm8-174,Fairy Charm Grass,Lost Thunder
sm8-175,Fairy Charm Psychic,Lost Thunder
sm8-188,Professor Elm’s Lecture,Lost Thunder
sm8-213,Professor Elm’s Lecture,Lost Thunder
2016xy-10,Dedenne,Macdonald's Collection 2016
2016xy-12,Eevee,Macdonald's Collection 2016
2016xy-8,Jigglypuff,Macdonald's Collection 2016
2016xy-4,Magikarp,Macdonald's Collection 2016
2016xy-11,Meowth,Macdonald's Collection 2016
2016xy-7,Scraggy,Macdonald's Collection 2016
2016xy-9,Togepi,Macdonald's Collection 2016
2016xy-5,Totodile,Macdonald's Collection 2016
2016xy-1,Vulpix,Macdonald's Collection 2016
2021swsh-1,Bulbasaur,Macdonald's Collection 2021
2021swsh-9,Charmander,Macdonald's Collection 2021
2021swsh-6,Chespin,Macdonald's Collection 2021
2021swsh-2,Chikorita,Macdonald's Collection 2021
2021swsh-12,Chimchar,Macdonald's Collection 2021
2021swsh-10,Cyndaquil,Macdonald's Collection 2021
2021swsh-14,Fennekin,Macdonald's Collection 2021
2021swsh-22,Froakie,Macdonald's Collection 2021
2021swsh-8,Grookey,Macdonald's Collection 2021
2021swsh-15,Litten,Macdonald's Collection 2021
2021swsh-19,Mudkip,Macdonald's Collection 2021
2021swsh-21,Oshawott,Macdonald's Collection 2021
2021swsh-25,Pikachu,Macdonald's Collection 2021
2021swsh-20,Piplup,Macdonald's Collection 2021
2021swsh-23,Popplio,Macdonald's Collection 2021
2021swsh-7,Rowlet,Macdonald's Collection 2021
2021swsh-16,Scorbunny,Macdonald's Collection 2021
2021swsh-5,Snivy,Macdonald's Collection 2021
2021swsh-24,Sobble,Macdonald's Collection 2021
2021swsh-17,Squirtle,Macdonald's Collection 2021
2021swsh-13,Tepig,Macdonald's Collection 2021
2021swsh-11,Torchic,Macdonald's Collection 2021
2021swsh-18,Totodile,Macdonald's Collection 2021
2021swsh-3,Treecko,Macdonald's Collection 2021
2021swsh-4,Turtwig,Macdonald's Collection 2021
dp5-33,Unown P,Majestic Dawn
dp5-49,Unown Q,Majestic Dawn
B1-150,Absol,Mega Rising
B1-172,Aegislash,Mega Rising
B1-185,Aipom,Mega Rising
B1-311,Alolan Diglett,Mega Rising
B1-325,Alolan Dugtrio ex,Mega Rising
B1-197,Altaria,Mega Rising
B1-186,Ambipom,Mega Rising
B1-084,Ampharos,Mega Rising
B1-029,Arcanine,Mega Rising
B1-328,Arceus ex,Mega Rising
B1-133,Archen,Mega Rising
B1-134,Archeops,Mega Rising
B1-242,Archeops,Mega Rising
B1-116,Aromatisse,Mega Rising
B1-078,Arrokuda,Mega Rising
B1-298,Articuno,Mega Rising
B1-075,Avalugg,Mega Rising
B1-079,Barraskewda,Mega Rising
B1-005,Beautifly,Mega Rising
B1-227,Beautifly,Mega Rising
B1-287,Bellsprout,Mega Rising
B1-074,Bergmite,Mega Rising
B1-142,Bewear,Mega Rising
B1-327,Bibarel ex,Mega Rising
B1-316,Bidoof,Mega Rising
B1-035,Blaziken,Mega Rising
B1-090,Blitzle,Mega Rising
B1-096,Boltund,Mega Rising
B1-205,Braviary,Mega Rising
B1-012,Breloom,Mega Rising
B1-301,Brionne,Mega Rising
B1-119,Carbink,Mega Rising
B1-146,Carkol,Mega Rising
B1-067,Carracosta,Mega Rising
B1-006,Cascoon,Mega Rising
B1-043,Chandelure,Mega Rising
B1-231,Chandelure,Mega Rising
B1-198,Chatot,Mega Rising
B1-076,Chewtle,Mega Rising
B1-109,Chingling,Mega Rising
B1-147,Coalossal,Mega Rising
B1-169,Cobalion,Mega Rising
B1-111,Cofagrigus,Mega Rising
B1-238,Cofagrigus,Mega Rising
B1-034,Combusken,Mega Rising
B1-225,Copycat,Mega Rising
B1-270,Copycat,Mega Rising
B1-058,Corphish,Mega Rising
B1-175,Corviknight,Mega Rising
B1-246,Corviknight,Mega Rising
B1-210,Corvisquire,Mega Rising
B1-015,Cottonee,Mega Rising
B1-216,Cover Fossil,Mega Rising
B1-140,Crabominable,Mega Rising
B1-139,Crabrawler,Mega Rising
B1-059,Crawdaunt,Mega Rising
B1-154,Darkrai,Mega Rising
B1-040,Darmanitan,Mega Rising
B1-291,Dartrix,Mega Rising
B1-039,Darumaka,Mega Rising
B1-317,Decidueye ex,Mega Rising
B1-094,Dedenne,Mega Rising
B1-155,Deino,Mega Rising
B1-194,Delcatty,Mega Rising
B1-248,Delcatty,Mega Rising
B1-326,Dialga ex,Mega Rising
B1-315,Dodrio,Mega Rising
B1-314,Doduo,Mega Rising
B1-171,Doublade,Mega Rising
B1-160,Dragalge ex,Mega Rising
B1-263,Dragalge ex,Mega Rising
B1-281,Dragalge ex,Mega Rising
B1-153,Drapion,Mega Rising
B1-077,Drednaw,Mega Rising
B1-108,Drifblim,Mega Rising
B1-107,Drifloon,Mega Rising
B1-305,Drowzee,Mega Rising
B1-176,Druddigon,Mega Rising
B1-212,Dubwool,Mega Rising
B1-168,Durant,Mega Rising
B1-104,Dusclops,Mega Rising
B1-105,Dusknoir,Mega Rising
B1-103,Duskull,Mega Rising
B1-007,Dustox,Mega Rising
B1-184,Eevee,Mega Rising
B1-080,Eiscue,Mega Rising
B1-236,Eiscue,Mega Rising
B1-192,Exploud,Mega Rising
B1-224,Fantina,Mega Rising
B1-269,Fantina,Mega Rising
B1-166,Ferroseed,Mega Rising
B1-167,Ferrothorn,Mega Rising
B1-083,Flaaffy,Mega Rising
B1-217,Flame Patch,Mega Rising
B1-331,Flame Patch,Mega Rising
B1-068,Frillish,Mega Rising
B1-071,Froakie,Mega Rising
B1-072,Frogadier,Mega Rising
B1-206,Furfrou,Mega Rising
B1-207,Furfrou,Mega Rising
B1-208,Furfrou,Mega Rising
B1-093,Galvantula,Mega Rising
B1-307,Geodude,Mega Rising
B1-022,Gogoat,Mega Rising
B1-049,Golduck,Mega Rising
B1-309,Golem,Mega Rising
B1-135,Golett,Mega Rising
B1-136,Golurk,Mega Rising
B1-179,Goodra,Mega Rising
B1-177,Goomy,Mega Rising
B1-247,Goomy,Mega Rising
B1-112,Gothita,Mega Rising
B1-239,Gothita,Mega Rising
B1-114,Gothitelle,Mega Rising
B1-113,Gothorita,Mega Rising
B1-308,Graveler,Mega Rising
B1-073,Greninja ex,Mega Rising
B1-256,Greninja ex,Mega Rising
B1-275,Greninja ex,Mega Rising
B1-165,Grimmsnarl,Mega Rising
B1-025,Grookey,Mega Rising
B1-028,Growlithe,Mega Rising
B1-230,Growlithe,Mega Rising
B1-051,Gyarados,Mega Rising
B1-222,Hala,Mega Rising
B1-267,Hala,Mega Rising
B1-127,Hariyama,Mega Rising
B1-044,Heatmor,Mega Rising
B1-219,Heavy Helmet,Mega Rising
B1-202,Herdier,Mega Rising
B1-128,Hippopotas,Mega Rising
B1-129,Hippowdon,Mega Rising
B1-241,Hippowdon,Mega Rising
B1-124,Hitmonchan ex,Mega Rising
B1-261,Hitmonchan ex,Mega Rising
B1-279,Hitmonchan ex,Mega Rising
B1-215,Hitting Hammer,Mega Rising
B1-149,Honchkrow,Mega Rising
B1-244,Honchkrow,Mega Rising
B1-170,Honedge,Mega Rising
B1-032,Ho-Oh,Mega Rising
B1-157,Hydreigon,Mega Rising
B1-245,Hydreigon,Mega Rising
B1-306,Hypno,Mega Rising
B1-163,Impidimp,Mega Rising
B1-318,Incineroar ex,Mega Rising
B1-121,Indeedee ex,Mega Rising
B1-260,Indeedee ex,Mega Rising
B1-278,Indeedee ex,Mega Rising
B1-069,Jellicent,Mega Rising
B1-234,Jellicent,Mega Rising
B1-106,Jirachi,Mega Rising
B1-081,Jolteon ex,Mega Rising
B1-257,Jolteon ex,Mega Rising
B1-276,Jolteon ex,Mega Rising
B1-092,Joltik,Mega Rising
B1-070,Keldeo,Mega Rising
B1-235,Keldeo,Mega Rising
B1-120,Klefki,Mega Rising
B1-330,Klefki,Mega Rising
B1-131,Krokorok,Mega Rising
B1-132,Krookodile,Mega Rising
B1-042,Lampent,Mega Rising
B1-018,Lilligant,Mega Rising
B1-329,Lilligant,Mega Rising
B1-201,Lillipup,Mega Rising
B1-189,Linoone,Mega Rising
B1-226,Lisia,Mega Rising
B1-271,Lisia,Mega Rising
B1-045,Litleo,Mega Rising
B1-293,Litten,Mega Rising
B1-041,Litwick,Mega Rising
B1-054,Lombre,Mega Rising
B1-053,Lotad,Mega Rising
B1-191,Loudred,Mega Rising
B1-220,Lucky Mittens,Mega Rising
B1-055,Ludicolo,Mega Rising
B1-233,Ludicolo,Mega Rising
B1-060,Luvdisc,Mega Rising
B1-087,Luxio,Mega Rising
B1-088,Luxray,Mega Rising
B1-237,Luxray,Mega Rising
B1-323,Lycanroc ex,Mega Rising
B1-050,Magikarp,Mega Rising
B1-232,Magikarp,Mega Rising
B1-126,Makuhita,Mega Rising
B1-240,Makuhita,Mega Rising
B1-299,Manaphy,Mega Rising
B1-019,Maractus,Mega Rising
B1-161,Mareanie,Mega Rising
B1-082,Mareep,Mega Rising
B1-221,Marlon,Mega Rising
B1-266,Marlon,Mega Rising
B1-223,May,Mega Rising
B1-268,May,Mega Rising
B1-151,Mega Absol ex,Mega Rising
B1-262,Mega Absol ex,Mega Rising
B1-280,Mega Absol ex,Mega Rising
B1-102,Mega Altaria ex,Mega Rising
B1-259,Mega Altaria ex,Mega Rising
B1-286,Mega Altaria ex,Mega Rising
B1-085,Mega Ampharos ex,Mega Rising
B1-258,Mega Ampharos ex,Mega Rising
B1-277,Mega Ampharos ex,Mega Rising
B1-036,Mega Blaziken ex,Mega Rising
B1-254,Mega Blaziken ex,Mega Rising
B1-284,Mega Blaziken ex,Mega Rising
B1-052,Mega Gyarados ex,Mega Rising
B1-255,Mega Gyarados ex,Mega Rising
B1-285,Mega Gyarados ex,Mega Rising
B1-002,Mega Pinsir ex,Mega Rising
B1-251,Mega Pinsir ex,Mega Rising
B1-272,Mega Pinsir ex,Mega Rising
B1-174,Melmetal ex,Mega Rising
B1-264,Melmetal ex,Mega Rising
B1-282,Melmetal ex,Mega Rising
B1-173,Meltan,Mega Rising
B1-312,Meowth,Mega Rising
B1-187,Miltank,Mega Rising
B1-099,Misdreavus,Mega Rising
B1-100,Mismagius,Mega Rising
B1-292,Moltres,Mega Rising
B1-164,Morgrem,Mega Rising
B1-148,Murkrow,Mega Rising
B1-097,Natu,Mega Rising
B1-009,Nuzleaf,Mega Rising
B1-303,Oricorio,Mega Rising
B1-089,Pachirisu,Mega Rising
B1-319,Palkia ex,Mega Rising
B1-144,Palossand,Mega Rising
B1-064,Palpitoad,Mega Rising
B1-138,Pancham,Mega Rising
B1-243,Pancham,Mega Rising
B1-158,Pangoro,Mega Rising
B1-061,Panpour,Mega Rising
B1-013,Pansage,Mega Rising
B1-037,Pansear,Mega Rising
B1-324,Passimian ex,Mega Rising
B1-199,Patrat,Mega Rising
B1-313,Persian,Mega Rising
B1-017,Petilil,Mega Rising
B1-023,Phantump,Mega Rising
B1-182,Pidgeot,Mega Rising
B1-181,Pidgeotto,Mega Rising
B1-180,Pidgey,Mega Rising
B1-321,Pikachu ex,Mega Rising
B1-001,Pinsir,Mega Rising
B1-214,Plume Fossil,Mega Rising
B1-295,Poliwag,Mega Rising
B1-296,Poliwhirl,Mega Rising
B1-297,Poliwrath,Mega Rising
B1-030,Ponyta,Mega Rising
B1-300,Popplio,Mega Rising
B1-213,Prank Spinner,Mega Rising
B1-320,Primarina ex,Mega Rising
B1-048,Psyduck,Mega Rising
B1-046,Pyroar,Mega Rising
B1-031,Rapidash ex,Mega Rising
B1-253,Rapidash ex,Mega Rising
B1-274,Rapidash ex,Mega Rising
B1-027,Rillaboom,Mega Rising
B1-229,Rillaboom,Mega Rising
B1-310,Rockruff,Mega Rising
B1-145,Rolycoly,Mega Rising
B1-209,Rookidee,Mega Rising
B1-290,Rowlet,Mega Rising
B1-204,Rufflet,Mega Rising
B1-250,Rufflet,Mega Rising
B1-101,Sableye,Mega Rising
B1-130,Sandile,Mega Rising
B1-122,Sandshrew,Mega Rising
B1-123,Sandslash,Mega Rising
B1-143,Sandygast,Mega Rising
B1-008,Seedot,Mega Rising
B1-065,Seismitoad,Mega Rising
B1-010,Shiftry,Mega Rising
B1-086,Shinx,Mega Rising
B1-011,Shroomish,Mega Rising
B1-004,Silcoon,Mega Rising
B1-062,Simipour,Mega Rising
B1-014,Simisage,Mega Rising
B1-038,Simisear,Mega Rising
B1-218,Sitrus Berry,Mega Rising
B1-021,Skiddo,Mega Rising
B1-228,Skiddo,Mega Rising
B1-193,Skitty,Mega Rising
B1-152,Skorupi,Mega Rising
B1-159,Skrelp,Mega Rising
B1-178,Sliggoo,Mega Rising
B1-118,Slurpuff,Mega Rising
B1-195,Spinda,Mega Rising
B1-115,Spritzee,Mega Rising
B1-203,Stoutland,Mega Rising
B1-249,Stoutland,Mega Rising
B1-141,Stufful,Mega Rising
B1-125,Sudowoodo,Mega Rising
B1-196,Swablu,Mega Rising
B1-117,Swirlix,Mega Rising
B1-322,Tapu Koko ex,Mega Rising
B1-183,Tauros ex,Mega Rising
B1-265,Tauros ex,Mega Rising
B1-283,Tauros ex,Mega Rising
B1-137,Terrakion,Mega Rising
B1-026,Thwackey,Mega Rising
B1-066,Tirtouga,Mega Rising
B1-033,Torchic,Mega Rising
B1-294,Torracat,Mega Rising
B1-162,Toxapex,Mega Rising
B1-024,Trevenant,Mega Rising
B1-047,Turtonator,Mega Rising
B1-063,Tympole,Mega Rising
B1-289,Victreebel,Mega Rising
B1-020,Virizion,Mega Rising
B1-056,Wailmer,Mega Rising
B1-057,Wailord,Mega Rising
B1-200,Watchog,Mega Rising
B1-288,Weepinbell,Mega Rising
B1-016,Whimsicott ex,Mega Rising
B1-252,Whimsicott ex,Mega Rising
B1-273,Whimsicott ex,Mega Rising
B1-190,Whismur,Mega Rising
B1-211,Wooloo,Mega Rising
B1-003,Wurmple,Mega Rising
B1-098,Xatu,Mega Rising
B1-110,Yamask,Mega Rising
B1-095,Yamper,Mega Rising
B1-302,Zapdos,Mega Rising
B1-091,Zebstrika,Mega Rising
B1-304,Zeraora,Mega Rising
B1-188,Zigzagoon,Mega Rising
B1-156,Zweilous,Mega Rising
dp2-91,Nidoran♀,Mysterious Treasures
dp2-65,Unown E,Mysterious Treasures
dp2-37,Unown I,Mysterious Treasures
dp2-66,Unown M,Mysterious Treasures
dp2-67,Unown T,Mysterious Treasures
A1a-046,Aerodactyl ex,Mythical Island
A1a-078,Aerodactyl ex,Mythical Island
A1a-084,Aerodactyl ex,Mythical Island
A1a-035,Beheeyem,Mythical Island
A1a-067,Blue,Mythical Island
A1a-081,Blue,Mythical Island
A1a-066,Budding Expeditioner,Mythical Island
A1a-080,Budding Expeditioner,Mythical Island
A1a-003,Celebi ex,Mythical Island
A1a-075,Celebi ex,Mythical Island
A1a-085,Celebi ex,Mythical Island
A1a-062,Chatot,Mythical Island
A1a-022,Chewtle,Mythical Island
A1a-024,Cramorant,Mythical Island
A1a-030,Dedenne,Mythical Island
A1a-073,Dedenne,Mythical Island
A1a-009,Dhelmise,Mythical Island
A1a-023,Drednaw,Mythical Island
A1a-056,Druddigon,Mythical Island
A1a-061,Eevee,Mythical Island
A1a-027,Electabuzz,Mythical Island
A1a-034,Elgyem,Mythical Island
A1a-001,Exeggcute,Mythical Island
A1a-002,Exeggutor,Mythical Island
A1a-069,Exeggutor,Mythical Island
A1a-020,Finneon,Mythical Island
A1a-036,Flabébé,Mythical Island
A1a-037,Floette,Mythical Island
A1a-038,Florges,Mythical Island
A1a-029,Galvantula,Mythical Island
A1a-043,Geodude,Mythical Island
A1a-045,Golem,Mythical Island
A1a-044,Graveler,Mythical Island
A1a-018,Gyarados ex,Mythical Island
A1a-076,Gyarados ex,Mythical Island
A1a-028,Joltik,Mythical Island
A1a-049,Koffing,Mythical Island
A1a-013,Larvesta,Mythical Island
A1a-068,Leaf,Mythical Island
A1a-082,Leaf,Mythical Island
A1a-052,Liepard,Mythical Island
A1a-021,Lumineon,Mythical Island
A1a-017,Magikarp,Mythical Island
A1a-012,Magmar,Mythical Island
A1a-041,Mankey,Mythical Island
A1a-047,Marshadow,Mythical Island
A1a-074,Marshadow,Mythical Island
A1a-031,Mew,Mythical Island
A1a-032,Mew ex,Mythical Island
A1a-077,Mew ex,Mythical Island
A1a-083,Mew ex,Mythical Island
A1a-086,Mew ex,Mythical Island
A1a-007,Morelull,Mythical Island
A1a-065,Mythical Slab,Mythical Island
A1a-063,Old Amber,Mythical Island
A1a-059,Pidgeot ex,Mythical Island
A1a-079,Pidgeot ex,Mythical Island
A1a-058,Pidgeotto,Mythical Island
A1a-057,Pidgey,Mythical Island
A1a-025,Pikachu,Mythical Island
A1a-064,Pokémon Flute,Mythical Island
A1a-010,Ponyta,Mythical Island
A1a-042,Primeape,Mythical Island
A1a-051,Purrloin,Mythical Island
A1a-026,Raichu,Mythical Island
A1a-011,Rapidash,Mythical Island
A1a-015,Salandit,Mythical Island
A1a-071,Salandit,Mythical Island
A1a-016,Salazzle,Mythical Island
A1a-055,Scolipede,Mythical Island
A1a-006,Serperior,Mythical Island
A1a-070,Serperior,Mythical Island
A1a-005,Servine,Mythical Island
A1a-008,Shiinotic,Mythical Island
A1a-033,Sigilyph,Mythical Island
A1a-040,Slurpuff,Mythical Island
A1a-004,Snivy,Mythical Island
A1a-048,Stonjourner,Mythical Island
A1a-039,Swirlix,Mythical Island
A1a-060,Tauros,Mythical Island
A1a-019,Vaporeon,Mythical Island
A1a-072,Vaporeon,Mythical Island
A1a-053,Venipede,Mythical Island
A1a-014,Volcarona,Mythical Island
A1a-050,Weezing,Mythical Island
A1a-054,Whirlipede,Mythical Island
bw4-38,Kyurem-EX,Next Destinies
bw4-96,Kyurem-EX,Next Destinies
bw4-54,Mewtwo-EX,Next Destinies
bw4-98,Mewtwo-EX,Next Destinies
bw4-82,Regigigas-EX,Next Destinies
bw4-99,Regigigas-EX,Next Destinies
bw4-22,Reshiram-EX,Next Destinies
bw4-95,Reshiram-EX,Next Destinies
bw4-5,Shaymin-EX,Next Destinies
bw4-94,Shaymin-EX,Next Destinies
bw4-51,Zekrom-EX,Next Destinies
bw4-97,Zekrom-EX,Next Destinies
np-32,Articuno ex,Nintendo Black Star Promos
np-22,Beldum,Nintendo Black Star Promos
np-29,Celebi,Nintendo Black Star Promos
np-28,Championship Arena,Nintendo Black Star Promos
np-24,Chimecho,Nintendo Black Star Promos
np-9,Combusken,Nintendo Black Star Promos
np-25,Flygon,Nintendo Black Star Promos
np-2,Groudon ex,Nintendo Black Star Promos
np-38,Groudon ex,Nintendo Black Star Promos
np-4,Grovyle,Nintendo Black Star Promos
np-21,Jirachi,Nintendo Black Star Promos
np-1,Kyogre ex,Nintendo Black Star Promos
np-37,Kyogre ex,Nintendo Black Star Promos
np-14,Latias,Nintendo Black Star Promos
np-15,Latios,Nintendo Black Star Promos
np-20,Ludicolo,Nintendo Black Star Promos
np-11,Marshtomp,Nintendo Black Star Promos
np-13,Meowth,Nintendo Black Star Promos
np-23,Metang,Nintendo Black Star Promos
np-40,Mew,Nintendo Black Star Promos
np-31,Moltres ex,Nintendo Black Star Promos
np-10,Mudkip,Nintendo Black Star Promos
np-18,Mudkip,Nintendo Black Star Promos
np-5,Mudkip,Nintendo Black Star Promos
np-12,Pikachu,Nintendo Black Star Promos
np-35,Pikachu δ,Nintendo Black Star Promos
np-39,Rayquaza ex,Nintendo Black Star Promos
np-30,Suicune,Nintendo Black Star Promos
np-17,Torchic,Nintendo Black Star Promos
np-6,Torchic,Nintendo Black Star Promos
np-8,Torchic,Nintendo Black Star Promos
np-16,Treecko,Nintendo Black Star Promos
np-3,Treecko,Nintendo Black Star Promos
np-7,Treecko,Nintendo Black Star Promos
np-27,Tropical Tidal Wave,Nintendo Black Star Promos
np-36,Tropical Tidal Wave,Nintendo Black Star Promos
np-26,Tropical Wind,Nintendo Black Star Promos
np-34,Typhlosion,Nintendo Black Star Promos
np-19,Whismur,Nintendo Black Star Promos
np-33,Zapdos ex,Nintendo Black Star Promos
xy4-24a,M Manectric EX,Phantom Forces
bw10-65,Dialga-EX,Plasma Blast
bw10-99,Dialga-EX,Plasma Blast
bw10-11,Genesect-EX,Plasma Blast
bw10-97,Genesect-EX,Plasma Blast
bw10-60,Jirachi-EX,Plasma Blast
bw10-98,Jirachi-EX,Plasma Blast
bw10-30,Kyurem-EX,Plasma Blast
bw10-100,Palkia-EX,Plasma Blast
bw10-66,Palkia-EX,Plasma Blast
bw10-9,Virizion-EX,Plasma Blast
bw10-96,Virizion-EX,Plasma Blast
bw9-111,Deoxys-EX,Plasma Freeze
bw9-53,Deoxys-EX,Plasma Freeze
bw9-109,Heatran-EX,Plasma Freeze
bw9-13,Heatran-EX,Plasma Freeze
bw9-112,Latias-EX,Plasma Freeze
bw9-85,Latias-EX,Plasma Freeze
bw9-113,Latios-EX,Plasma Freeze
bw9-86,Latios-EX,Plasma Freeze
bw9-40,Nidoran♀,Plasma Freeze
bw9-43,Nidoran♂,Plasma Freeze
bw9-110,Thundurus-EX,Plasma Freeze
bw9-38,Thundurus-EX,Plasma Freeze
bw9-114,Tornadus-EX,Plasma Freeze
bw9-98,Tornadus-EX,Plasma Freeze
bw8-132,Articuno-EX,Plasma Storm
bw8-25,Articuno-EX,Plasma Storm
bw8-95,Black Kyurem-EX,Plasma Storm
bw8-133,Cobalion-EX,Plasma Storm
bw8-93,Cobalion-EX,Plasma Storm
bw8-108,Lugia-EX,Plasma Storm
bw8-134,Lugia-EX,Plasma Storm
bw8-14,Moltres-EX,Plasma Storm
bw8-131,Victini-EX,Plasma Storm
bw8-18,Victini-EX,Plasma Storm
bw8-96,White Kyurem-EX,Plasma Storm
bw8-48,Zapdos-EX,Plasma Storm
fut2020-2,Eevee on the Ball,Pokémon Futsal 2020
fut2020-3,Grookey on the Ball,Pokémon Futsal 2020
fut2020-1,Pikachu on the Ball,Pokémon Futsal 2020
fut2020-4,Scorbunny on the Ball,Pokémon Futsal 2020
fut2020-5,Sobble on the Ball,Pokémon Futsal 2020
pop2-8,Mr. Briney’s Compassion,POP Series 2
pop5-6,Bill’s Maintenance,POP Series 5
pop5-16,Espeon ★,POP Series 5
pop5-17,Umbreon ★,POP Series 5
pop5-9,δ Rainbow Energy,POP Series 5
pop8-11,Roseanne’s Research,POP Series 8
xy5-66,Nidoran♀,Primal Clash
P-A-087,Alcremie,Promos-A
P-A-069,Alolan Exeggutor,Promos-A
P-A-072,Alolan Grimer,Promos-A
P-A-070,Alolan Ninetales,Promos-A
P-A-089,Audino,Promos-A
P-A-057,Bidoof,Promos-A
P-A-076,Blacephalon,Promos-A
P-A-029,Blastoise,Promos-A
P-A-098,Blissey ex,Promos-A
P-A-023,Bulbasaur,Promos-A
P-A-013,Butterfree,Promos-A
P-A-011,Chansey,Promos-A
P-A-032,Charmander,Promos-A
P-A-043,Cherrim,Promos-A
P-A-040,Chimchar,Promos-A
P-A-095,Chinchou,Promos-A
P-A-031,Cinccino,Promos-A
P-A-016,Clefairy,Promos-A
P-A-093,Cleffa,Promos-A
P-A-067,Cosmog,Promos-A
P-A-071,Crabrawler,Promos-A
P-A-037,Cresselia ex,Promos-A
P-A-051,Cyclizar,Promos-A
P-A-042,Darkrai ex,Promos-A
P-A-078,Dawn Wings Necrozma,Promos-A
P-A-088,Dragonair,Promos-A
P-A-079,Dusk Mane Necrozma,Promos-A
P-A-030,Eevee,Promos-A
P-A-092,Eevee,Promos-A
P-A-056,Ekans,Promos-A
P-A-036,Electivire,Promos-A
P-A-060,Exeggcute,Promos-A
P-A-062,Farfetch'd,Promos-A
P-A-053,Floatzel,Promos-A
P-A-061,Froakie,Promos-A
P-A-046,Gible,Promos-A
P-A-091,Greedent,Promos-A
P-A-019,Greninja,Promos-A
P-A-003,Hand Scope,Promos-A
P-A-020,Haunter,Promos-A
P-A-094,Horsea,Promos-A
P-A-096,Houndoom,Promos-A
P-A-022,Jigglypuff,Promos-A
P-A-086,Jolteon,Promos-A
P-A-097,Kangaskhan,Promos-A
P-A-075,Kartana,Promos-A
P-A-014,Lapras ex,Promos-A
P-A-068,Lycanroc,Promos-A
P-A-055,Machamp,Promos-A
P-A-024,Magnemite,Promos-A
P-A-048,Manaphy,Promos-A
P-A-017,Mankey,Promos-A
P-A-099,Marill,Promos-A
P-A-012,Meowth,Promos-A
P-A-010,Mewtwo,Promos-A
P-A-050,Mewtwo ex,Promos-A
P-A-066,Mimikyu,Promos-A
P-A-038,Misdreavus,Promos-A
P-A-025,Moltres ex,Promos-A
P-A-045,Nosepass,Promos-A
P-A-021,Onix,Promos-A
P-A-058,Pachirisu,Promos-A
P-A-054,Pawmot,Promos-A
P-A-009,Pikachu,Promos-A
P-A-015,Pikachu,Promos-A
P-A-026,Pikachu,Promos-A
P-A-034,Piplup,Promos-A
P-A-082,Poipole,Promos-A
P-A-005,Poké Ball,Promos-A
P-A-004,Pokédex,Promos-A
P-A-008,Pokédex,Promos-A
P-A-001,Potion,Promos-A
P-A-007,Professor's Research,Promos-A
P-A-044,Raichu,Promos-A
P-A-063,Rayquaza,Promos-A
P-A-064,Rayquaza ex,Promos-A
P-A-065,Rayquaza ex,Promos-A
P-A-006,Red Card,Promos-A
P-A-059,Riolu,Promos-A
P-A-039,Skarmory,Promos-A
P-A-027,Snivy,Promos-A
P-A-049,Snorlax,Promos-A
P-A-052,Sprigatito,Promos-A
P-A-033,Squirtle,Promos-A
P-A-080,Stakataka,Promos-A
P-A-047,Staraptor,Promos-A
P-A-083,Stufful,Promos-A
P-A-084,Tapu Koko ex,Promos-A
P-A-090,Togedemaru,Promos-A
P-A-041,Togepi,Promos-A
P-A-073,Toucannon,Promos-A
P-A-035,Turtwig,Promos-A
P-A-081,Ultra Necrozma ex,Promos-A
P-A-085,Vanillite,Promos-A
P-A-018,Venusaur,Promos-A
P-A-028,Volcarona,Promos-A
P-A-100,Weavile,Promos-A
P-A-002,X Speed,Promos-A
P-A-077,Xurkitree,Promos-A
P-A-074,Zeraora,Promos-A
swsh2-154,Boss's Orders (Giovanni),Rebel Clash
swsh2-189,Boss's Orders (Giovanni),Rebel Clash
swsh2-200,Boss's Orders (Giovanni),Rebel Clash
swsh2-172,Horror Psychic Energy,Rebel Clash
swsh2-173,Speed Lightning Energy,Rebel Clash
pl2-103,Alakazam 4,Rising Rivals
pl2-38,Alakazam 4,Rising Rivals
pl2-16,Bronzong 4,Rising Rivals
pl2-17,Drapion 4,Rising Rivals
pl2-18,Espeon 4,Rising Rivals
pl2-60,Flareon 4,Rising Rivals
pl2-106,Gallade 4,Rising Rivals
pl2-20,Gallade 4,Rising Rivals
pl2-62,Gliscor 4,Rising Rivals
pl2-23,Golem 4,Rising Rivals
pl2-24,Heracross 4,Rising Rivals
pl2-42,Hippowdon 4,Rising Rivals
pl2-65,Houndoom 4,Rising Rivals
pl2-108,Infernape 4,Rising Rivals
pl2-43,Infernape 4,Rising Rivals
pl2-28,Mr. Mime 4,Rising Rivals
pl2-71,Nidoran♀,Rising Rivals
pl2-72,Nidoran♂,Rising Rivals
pl2-47,Rapidash 4,Rising Rivals
pl2-32,Rhyperior 4,Rising Rivals
pl2-48,Scizor 4,Rising Rivals
pl2-35,Vespiquen 4,Rising Rivals
pl2-54,Whiscash 4,Rising Rivals
pl2-37,Yanmega 4,Rising Rivals
A4a-055,Altaria,Secluded Springs
A4a-063,Azurill,Secluded Springs
A4a-077,Azurill,Secluded Springs
A4a-031,Boltund,Secluded Springs
A4a-006,Celebi,Secluded Springs
A4a-091,Chimchar,Secluded Springs
A4a-047,Crustle,Secluded Springs
A4a-024,Cryogonal,Secluded Springs
A4a-040,Diglett,Secluded Springs
A4a-044,Donphan,Secluded Springs
A4a-054,Dragalge,Secluded Springs
A4a-041,Dugtrio,Secluded Springs
A4a-007,Durant,Secluded Springs
A4a-046,Dwebble,Secluded Springs
A4a-027,Eelektrik,Secluded Springs
A4a-028,Eelektross,Secluded Springs
A4a-010,Entei ex,Secluded Springs
A4a-079,Entei ex,Secluded Springs
A4a-087,Entei ex,Secluded Springs
A4a-056,Farfetch'd,Secluded Springs
A4a-021,Feebas,Secluded Springs
A4a-011,Fletchinder,Secluded Springs
A4a-066,Fletchling,Secluded Springs
A4a-038,Frillish,Secluded Springs
A4a-099,Gabite,Secluded Springs
A4a-034,Galarian Corsola,Secluded Springs
A4a-035,Galarian Cursola,Secluded Springs
A4a-103,Garchomp ex,Secluded Springs
A4a-098,Gible,Secluded Springs
A4a-094,Golduck,Secluded Springs
A4a-001,Hoppip,Secluded Springs
A4a-059,Igglybuff,Secluded Springs
A4a-101,Infernape ex,Secluded Springs
A4a-067,Inflatable Boat,Secluded Springs
A4a-051,Inkay,Secluded Springs
A4a-039,Jellicent,Secluded Springs
A4a-003,Jumpluff ex,Secluded Springs
A4a-078,Jumpluff ex,Secluded Springs
A4a-086,Jumpluff ex,Secluded Springs
A4a-019,Jynx,Secluded Springs
A4a-096,Kingler,Secluded Springs
A4a-095,Krabby,Secluded Springs
A4a-036,Latias,Secluded Springs
A4a-037,Latios,Secluded Springs
A4a-075,Latios,Secluded Springs
A4a-058,Lickilicky,Secluded Springs
A4a-057,Lickitung,Secluded Springs
A4a-009,Magcargo,Secluded Springs
A4a-052,Malamar,Secluded Springs
A4a-023,Mantyke,Secluded Springs
A4a-105,Mantyke,Secluded Springs
A4a-068,Memory Light,Secluded Springs
A4a-102,Mew ex,Secluded Springs
A4a-022,Milotic,Secluded Springs
A4a-072,Milotic,Secluded Springs
A4a-062,Miltank,Secluded Springs
A4a-032,Misdreavus,Secluded Springs
A4a-033,Mismagius,Secluded Springs
A4a-092,Monferno,Secluded Springs
A4a-071,Morty,Secluded Springs
A4a-085,Morty,Secluded Springs
A4a-104,Paldean Clodsire ex,Secluded Springs
A4a-100,Paldean Wooper,Secluded Springs
A4a-043,Phanpy,Secluded Springs
A4a-076,Phanpy,Secluded Springs
A4a-013,Poliwag,Secluded Springs
A4a-014,Poliwhirl,Secluded Springs
A4a-042,Poliwrath ex,Secluded Springs
A4a-082,Poliwrath ex,Secluded Springs
A4a-089,Poliwrath ex,Secluded Springs
A4a-093,Psyduck,Secluded Springs
A4a-097,Pyukumuku,Secluded Springs
A4a-025,Raikou ex,Secluded Springs
A4a-081,Raikou ex,Secluded Springs
A4a-088,Raikou ex,Secluded Springs
A4a-045,Relicanth,Secluded Springs
A4a-048,Seviper,Secluded Springs
A4a-002,Skiploom,Secluded Springs
A4a-053,Skrelp,Secluded Springs
A4a-018,Slowking,Secluded Springs
A4a-017,Slowpoke,Secluded Springs
A4a-008,Slugma,Secluded Springs
A4a-029,Stunfisk,Secluded Springs
A4a-073,Stunfisk,Secluded Springs
A4a-020,Suicune ex,Secluded Springs
A4a-080,Suicune ex,Secluded Springs
A4a-090,Suicune ex,Secluded Springs
A4a-005,Sunflora,Secluded Springs
A4a-004,Sunkern,Secluded Springs
A4a-064,Swablu,Secluded Springs
A4a-012,Talonflame,Secluded Springs
A4a-060,Teddiursa,Secluded Springs
A4a-015,Tentacool,Secluded Springs
A4a-016,Tentacruel,Secluded Springs
A4a-070,Traveling Merchant,Secluded Springs
A4a-084,Traveling Merchant,Secluded Springs
A4a-026,Tynamo,Secluded Springs
A4a-061,Ursaring,Secluded Springs
A4a-069,Whitney,Secluded Springs
A4a-083,Whitney,Secluded Springs
A4a-030,Yamper,Secluded Springs
A4a-074,Yamper,Secluded Springs
A4a-065,Zangoose,Secluded Springs
A4a-050,Zoroark,Secluded Springs
A4a-049,Zorua,Secluded Springs
dp3-97,Nidoran♂,Secret Wonders
dp3-68,Unown K,Secret Wonders
dp3-69,Unown N,Secret Wonders
dp3-70,Unown O,Secret Wonders
dp3-39,Unown S,Secret Wonders
dp3-71,Unown X,Secret Wonders
dp3-72,Unown Z,Secret Wonders
swsh4.5-58,Boss's Orders (Lysandre),Shining Fates
swsh4.5-60,Professor's Research (Professor Juniper),Shining Fates
A2b-029,Abra,Shining Revelry
A2b-031,Alakazam,Shining Revelry
A2b-046,Arbok,Shining Revelry
A2b-003,Beedrill ex,Shining Revelry
A2b-079,Beedrill ex,Shining Revelry
A2b-107,Beedrill ex,Shining Revelry
A2b-065,Bibarel ex,Shining Revelry
A2b-087,Bibarel ex,Shining Revelry
A2b-095,Bibarel ex,Shining Revelry
A2b-064,Bidoof,Shining Revelry
A2b-016,Buizel,Shining Revelry
A2b-074,Buizel,Shining Revelry
A2b-066,Buneary,Shining Revelry
A2b-010,Charizard ex,Shining Revelry
A2b-080,Charizard ex,Shining Revelry
A2b-108,Charizard ex,Shining Revelry
A2b-008,Charmander,Shining Revelry
A2b-099,Charmander,Shining Revelry
A2b-009,Charmeleon,Shining Revelry
A2b-100,Charmeleon,Shining Revelry
A2b-068,Cyclizar,Shining Revelry
A2b-020,Dondozo,Shining Revelry
A2b-102,Dondozo,Shining Revelry
A2b-034,Drifblim,Shining Revelry
A2b-033,Drifloon,Shining Revelry
A2b-045,Ekans,Shining Revelry
A2b-024,Electrode,Shining Revelry
A2b-044,Flamigo,Shining Revelry
A2b-017,Floatzel,Shining Revelry
A2b-006,Floragato,Shining Revelry
A2b-057,Gholdengo,Shining Revelry
A2b-077,Gholdengo,Shining Revelry
A2b-036,Gimmighoul,Shining Revelry
A2b-035,Giratina ex,Shining Revelry
A2b-083,Giratina ex,Shining Revelry
A2b-096,Giratina ex,Shining Revelry
A2b-051,Grafaiai,Shining Revelry
A2b-076,Grafaiai,Shining Revelry
A2b-041,Hitmonchan,Shining Revelry
A2b-040,Hitmonlee,Shining Revelry
A2b-069,Iono,Shining Revelry
A2b-088,Iono,Shining Revelry
A2b-060,Jigglypuff,Shining Revelry
A2b-030,Kadabra,Shining Revelry
A2b-002,Kakuna,Shining Revelry
A2b-098,Kakuna,Shining Revelry
A2b-063,Lickilicky,Shining Revelry
A2b-062,Lickitung,Shining Revelry
A2b-067,Lopunny,Shining Revelry
A2b-043,Lucario ex,Shining Revelry
A2b-084,Lucario ex,Shining Revelry
A2b-110,Lucario ex,Shining Revelry
A2b-039,Machamp,Shining Revelry
A2b-038,Machoke,Shining Revelry
A2b-037,Machop,Shining Revelry
A2b-011,Magmar,Shining Revelry
A2b-012,Magmortar,Shining Revelry
A2b-007,Meowscarada,Shining Revelry
A2b-073,Meowscarada,Shining Revelry
A2b-032,Mr. Mime,Shining Revelry
A2b-025,Pachirisu,Shining Revelry
A2b-103,Pachirisu,Shining Revelry
A2b-048,Paldean Clodsire ex,Shining Revelry
A2b-085,Paldean Clodsire ex,Shining Revelry
A2b-093,Paldean Clodsire ex,Shining Revelry
A2b-013,Paldean Tauros,Shining Revelry
A2b-047,Paldean Wooper,Shining Revelry
A2b-026,Pawmi,Shining Revelry
A2b-027,Pawmo,Shining Revelry
A2b-028,Pawmot,Shining Revelry
A2b-022,Pikachu ex,Shining Revelry
A2b-082,Pikachu ex,Shining Revelry
A2b-092,Pikachu ex,Shining Revelry
A2b-004,Pinsir,Shining Revelry
A2b-111,Poké Ball,Shining Revelry
A2b-070,Pokémon Center Lady,Shining Revelry
A2b-089,Pokémon Center Lady,Shining Revelry
A2b-059,Raticate,Shining Revelry
A2b-058,Rattata,Shining Revelry
A2b-071,Red,Shining Revelry
A2b-090,Red,Shining Revelry
A2b-056,Revavroom,Shining Revelry
A2b-106,Revavroom,Shining Revelry
A2b-042,Riolu,Shining Revelry
A2b-104,Riolu,Shining Revelry
A2b-050,Shroodle,Shining Revelry
A2b-049,Spiritomb,Shining Revelry
A2b-005,Sprigatito,Shining Revelry
A2b-021,Tatsugiri,Shining Revelry
A2b-075,Tatsugiri,Shining Revelry
A2b-072,Team Rocket Grunt,Shining Revelry
A2b-091,Team Rocket Grunt,Shining Revelry
A2b-014,Tentacool,Shining Revelry
A2b-015,Tentacruel,Shining Revelry
A2b-052,Tinkatink,Shining Revelry
A2b-054,Tinkaton ex,Shining Revelry
A2b-086,Tinkaton ex,Shining Revelry
A2b-094,Tinkaton ex,Shining Revelry
A2b-053,Tinkatuff,Shining Revelry
A2b-055,Varoom,Shining Revelry
A2b-105,Varoom,Shining Revelry
A2b-023,Voltorb,Shining Revelry
A2b-001,Weedle,Shining Revelry
A2b-097,Weedle,Shining Revelry
A2b-061,Wigglytuff,Shining Revelry
A2b-078,Wigglytuff,Shining Revelry
A2b-018,Wiglett,Shining Revelry
A2b-101,Wiglett,Shining Revelry
A2b-019,Wugtrio ex,Shining Revelry
A2b-081,Wugtrio ex,Shining Revelry
A2b-109,Wugtrio ex,Shining Revelry
ecard3-81,Nidoran♀,Skyridge
ecard3-82,Nidoran♀,Skyridge
smp-SM244,Aipom,SM Black Star Promos
smp-SM187,Alolan Marowak GX,SM Black Star Promos
smp-SM43,Alolan Meowth,SM Black Star Promos
smp-SM51,Alolan Meowth,SM Black Star Promos
smp-SM128,Alolan Ninetales,SM Black Star Promos
smp-SM65,Alolan Raichu,SM Black Star Promos
smp-SM72,Alolan Raichu,SM Black Star Promos
smp-SM127,Alolan Sandslash,SM Black Star Promos
smp-SM18,Alolan Sandslash,SM Black Star Promos
smp-SM236,Alolan Sandslash GX,SM Black Star Promos
smp-SM202,Amoonguss,SM Black Star Promos
smp-SM228,Armored Mewtwo,SM Black Star Promos
smp-SM144,Articuno,SM Black Star Promos
smp-SM108,Ash's Pikachu,SM Black Star Promos
smp-SM109,Ash's Pikachu,SM Black Star Promos
smp-SM110,Ash's Pikachu,SM Black Star Promos
smp-SM111,Ash's Pikachu,SM Black Star Promos
smp-SM112,Ash's Pikachu,SM Black Star Promos
smp-SM113,Ash's Pikachu,SM Black Star Promos
smp-SM114,Ash's Pikachu,SM Black Star Promos
smp-SM49,Bewear,SM Black Star Promos
smp-SM34,Bewear GX,SM Black Star Promos
smp-SM221,Blacephalon,SM Black Star Promos
smp-SM189,Blastoise GX,SM Black Star Promos
smp-SM11,Bruxish,SM Black Star Promos
smp-SM198,Bulbasaur,SM Black Star Promos
smp-SM218,Buzzwole,SM Black Star Promos
smp-SM69,Buzzwole GX,SM Black Star Promos
smp-SM239,Carracosta GX,SM Black Star Promos
smp-SM224,Celebi,SM Black Star Promos
smp-SM167,Celebi & Venusaur GX,SM Black Star Promos
smp-SM131,Celesteela,SM Black Star Promos
smp-SM67,Celesteela GX,SM Black Star Promos
smp-SM148,Champions Festival,SM Black Star Promos
smp-SM231,Champions Festival,SM Black Star Promos
smp-SM78,Champions Festival,SM Black Star Promos
smp-SM158,Charizard,SM Black Star Promos
smp-SM226,Charizard,SM Black Star Promos
smp-SM230,Charizard & Braixen GX,SM Black Star Promos
smp-SM195,Charizard GX,SM Black Star Promos
smp-SM211,Charizard GX,SM Black Star Promos
smp-SM60,Charizard GX,SM Black Star Promos
smp-SM42,Cosmog,SM Black Star Promos
smp-SM47,Crabominable,SM Black Star Promos
smp-SM106,Dawn Wings Necrozma,SM Black Star Promos
smp-SM123,Dawn Wings Necrozma,SM Black Star Promos
smp-SM101,Dawn Wings Necrozma GX,SM Black Star Promos
smp-SM55,Decidueye,SM Black Star Promos
smp-SM37,Decidueye GX,SM Black Star Promos
smp-SM132,Delcatty,SM Black Star Promos
smp-SM164,Deoxys,SM Black Star Promos
smp-SM170,Detective Pikachu,SM Black Star Promos
smp-SM190,Detective Pikachu,SM Black Star Promos
smp-SM194,Detective Pikachu,SM Black Star Promos
smp-SM53,Dhelmise,SM Black Star Promos
smp-SM156,Dragonite GX,SM Black Star Promos
smp-SM21,Drampa,SM Black Star Promos
smp-SM107,Dusk Mane Necrozma,SM Black Star Promos
smp-SM124,Dusk Mane Necrozma,SM Black Star Promos
smp-SM102,Dusk Mane Necrozma GX,SM Black Star Promos
smp-SM184,Eevee,SM Black Star Promos
smp-SM235,Eevee,SM Black Star Promos
smp-SM174,Eevee GX,SM Black Star Promos
smp-SM175,Eevee GX,SM Black Star Promos
smp-SM176,Eevee GX,SM Black Star Promos
smp-SM233,Eevee GX,SM Black Star Promos
smp-SM242,Eevee GX,SM Black Star Promos
smp-SM169,Eevee & Snorlax GX,SM Black Star Promos
smp-SM219,Entei,SM Black Star Promos
smp-SM240,Espeon & Deoxys GX,SM Black Star Promos
smp-SM35,Espeon GX,SM Black Star Promos
smp-SM119,Exeggcute,SM Black Star Promos
smp-SM186,Flareon,SM Black Star Promos
smp-SM171,Flareon GX,SM Black Star Promos
smp-SM193,Garchomp & Giratina GX,SM Black Star Promos
smp-SM151,Giratina,SM Black Star Promos
smp-SM238,Glaceon,SM Black Star Promos
smp-SM147,Glaceon GX,SM Black Star Promos
smp-SM52,Golisopod,SM Black Star Promos
smp-SM62,Golisopod GX,SM Black Star Promos
smp-SM197,Greninja GX,SM Black Star Promos
smp-SM97,Gumshoos,SM Black Star Promos
smp-SM212,Gyarados GX,SM Black Star Promos
smp-SM96,Heatran,SM Black Star Promos
smp-SM57,Ho-Oh GX,SM Black Star Promos
smp-SM80,Ho-Oh GX,SM Black Star Promos
smp-SM38,Incineroar GX,SM Black Star Promos
smp-SM40,Jangmo-o,SM Black Star Promos
smp-SM161,Jirachi,SM Black Star Promos
smp-SM173,Jolteon GX,SM Black Star Promos
smp-SM188,Kangaskhan GX,SM Black Star Promos
smp-SM155,Kingdra GX,SM Black Star Promos
smp-SM41,Komala,SM Black Star Promos
smp-SM71,Kommo-o GX,SM Black Star Promos
smp-SM129,Kyogre,SM Black Star Promos
smp-SM142,Kyurem,SM Black Star Promos
smp-SM135,Latias,SM Black Star Promos
smp-SM87,Latias,SM Black Star Promos
smp-SM136,Latios,SM Black Star Promos
smp-SM88,Latios,SM Black Star Promos
smp-SM237,Leafeon,SM Black Star Promos
smp-SM146,Leafeon GX,SM Black Star Promos
smp-SM02,Litten,SM Black Star Promos
smp-SM08,Litten,SM Black Star Promos
smp-SM23,Litten,SM Black Star Promos
smp-SM54,Lucario,SM Black Star Promos
smp-SM95,Lucario,SM Black Star Promos
smp-SM100,Lucario GX,SM Black Star Promos
smp-SM192,Lucario & Melmetal GX,SM Black Star Promos
smp-SM103,Lunala GX,SM Black Star Promos
smp-SM17,Lunala GX,SM Black Star Promos
smp-SM25,Lurantis,SM Black Star Promos
smp-SM105,Lycanroc,SM Black Star Promos
smp-SM118,Lycanroc,SM Black Star Promos
smp-SM14,Lycanroc GX,SM Black Star Promos
smp-SM166,Magikarp & Wailord GX,SM Black Star Promos
smp-SM117,Malamar,SM Black Star Promos
smp-SM130,Manectric,SM Black Star Promos
smp-SM85,Marshadow,SM Black Star Promos
smp-SM93,Marshadow,SM Black Star Promos
smp-SM59,Marshadow GX,SM Black Star Promos
smp-SM181,Melmetal,SM Black Star Promos
smp-SM178,Melmetal GX,SM Black Star Promos
smp-SM177,Meltan,SM Black Star Promos
smp-SM215,Mew,SM Black Star Promos
smp-SM214,Mewtwo,SM Black Star Promos
smp-SM77,Mewtwo,SM Black Star Promos
smp-SM196,Mewtwo GX,SM Black Star Promos
smp-SM191,Mewtwo & Mew GX,SM Black Star Promos
smp-SM163,Mimikyu,SM Black Star Promos
smp-SM29,Mimikyu,SM Black Star Promos
smp-SM99,Mimikyu,SM Black Star Promos
smp-SM222,Mismagius,SM Black Star Promos
smp-SM143,Moltres,SM Black Star Promos
smp-SM210,Moltres & Zapdos & Articuno GX,SM Black Star Promos
smp-SM20,Mudsdale,SM Black Star Promos
smp-SM125,Naganadel GX,SM Black Star Promos
smp-SM204,Necrozma,SM Black Star Promos
smp-SM58,Necrozma GX,SM Black Star Promos
smp-SM160,Nidoqueen,SM Black Star Promos
smp-SM13,Oranguru,SM Black Star Promos
smp-SM19,Oricorio,SM Black Star Promos
smp-SM12,Passimian,SM Black Star Promos
smp-SM182,Persian,SM Black Star Promos
smp-SM115,Pheromosa,SM Black Star Promos
smp-SM66,Pheromosa GX,SM Black Star Promos
smp-SM220,Phione,SM Black Star Promos
smp-SM04,Pikachu,SM Black Star Promos
smp-SM157,Pikachu,SM Black Star Promos
smp-SM162,Pikachu,SM Black Star Promos
smp-SM183,Pikachu,SM Black Star Promos
smp-SM206,Pikachu,SM Black Star Promos
smp-SM227,Pikachu,SM Black Star Promos
smp-SM234,Pikachu,SM Black Star Promos
smp-SM76,Pikachu,SM Black Star Promos
smp-SM81,Pikachu,SM Black Star Promos
smp-SM86,Pikachu,SM Black Star Promos
smp-SM98,Pikachu,SM Black Star Promos
smp-SM232,Pikachu GX,SM Black Star Promos
smp-SM168,Pikachu & Zekrom GX,SM Black Star Promos
smp-SM07,Pikipek,SM Black Star Promos
smp-SM03,Popplio,SM Black Star Promos
smp-SM24,Popplio,SM Black Star Promos
smp-SM216,Porygon-Z GX,SM Black Star Promos
smp-SM39,Primarina GX,SM Black Star Promos
smp-SM199,Psyduck,SM Black Star Promos
smp-SM213,Raichu GX,SM Black Star Promos
smp-SM90,Raichu GX,SM Black Star Promos
smp-SM150,Raikou,SM Black Star Promos
smp-SM121,Raikou GX,SM Black Star Promos
smp-SM243,Regigigas,SM Black Star Promos
smp-SM74,Regirock,SM Black Star Promos
smp-SM75,Registeel,SM Black Star Promos
smp-SM201,Reshiram & Charizard GX,SM Black Star Promos
smp-SM137,Reshiram GX,SM Black Star Promos
smp-SM06,Rockruff,SM Black Star Promos
smp-SM120,Rockruff,SM Black Star Promos
smp-SM01,Rowlet,SM Black Star Promos
smp-SM153,Rowlet,SM Black Star Promos
smp-SM22,Rowlet,SM Black Star Promos
smp-SM140,Salamence,SM Black Star Promos
smp-SM139,Salamence GX,SM Black Star Promos
smp-SM154,Salandit,SM Black Star Promos
smp-SM73,Salazzle,SM Black Star Promos
smp-SM63,Salazzle GX,SM Black Star Promos
smp-SM46,Seviper,SM Black Star Promos
smp-SM10,Shiinotic,SM Black Star Promos
smp-SM79,Shining Celebi,SM Black Star Promos
smp-SM70,Shining Ho-Oh,SM Black Star Promos
smp-SM82,Shining Lugia,SM Black Star Promos
smp-SM64,Silvally,SM Black Star Promos
smp-SM91,Silvally GX,SM Black Star Promos
smp-SM05,Snorlax GX,SM Black Star Promos
smp-SM200,Snubbull,SM Black Star Promos
smp-SM104,Solgaleo GX,SM Black Star Promos
smp-SM16,Solgaleo GX,SM Black Star Promos
smp-SM180,Stakataka,SM Black Star Promos
smp-SM209,Stakataka,SM Black Star Promos
smp-SM207,Sudowoodo,SM Black Star Promos
smp-SM149,Suicune,SM Black Star Promos
smp-SM61,Tapu Bulu,SM Black Star Promos
smp-SM32,Tapu Bulu GX,SM Black Star Promos
smp-SM203,Tapu Fini,SM Black Star Promos
smp-SM92,Tapu Fini,SM Black Star Promos
smp-SM30,Tapu Koko,SM Black Star Promos
smp-SM31,Tapu Koko,SM Black Star Promos
smp-SM33,Tapu Koko GX,SM Black Star Promos
smp-SM50,Tapu Koko GX,SM Black Star Promos
smp-SM152,Tapu Lele,SM Black Star Promos
smp-SM45,Tapu Lele,SM Black Star Promos
smp-SM205,Terrakion,SM Black Star Promos
smp-SM223,Terrakion,SM Black Star Promos
smp-SM133,Thundurus GX,SM Black Star Promos
smp-SM09,Togedemaru,SM Black Star Promos
smp-SM44,Togedemaru,SM Black Star Promos
smp-SM134,Tornadus GX,SM Black Star Promos
smp-SM217,Trevenant & Dusknoir GX,SM Black Star Promos
smp-SM26,Tsareena,SM Black Star Promos
smp-SM56,Tsareena GX,SM Black Star Promos
smp-SM27,Turtonator,SM Black Star Promos
smp-SM185,Typhlosion,SM Black Star Promos
smp-SM165,Ultra Necrozma,SM Black Star Promos
smp-SM126,Ultra Necrozma GX,SM Black Star Promos
smp-SM241,Umbreon & Darkrai GX,SM Black Star Promos
smp-SM36,Umbreon GX,SM Black Star Promos
smp-SM172,Vaporeon GX,SM Black Star Promos
smp-SM229,Venusaur & Snivy GX,SM Black Star Promos
smp-SM225,Victini,SM Black Star Promos
smp-SM208,Vikavolt,SM Black Star Promos
smp-SM28,Vikavolt,SM Black Star Promos
smp-SM179,Volcanion,SM Black Star Promos
smp-SM94,Wash Rotom,SM Black Star Promos
smp-SM141,White Kyurem GX,SM Black Star Promos
smp-SM116,Xurkitree,SM Black Star Promos
smp-SM68,Xurkitree GX,SM Black Star Promos
smp-SM145,Zapdos,SM Black Star Promos
smp-SM159,Zapdos,SM Black Star Promos
smp-SM138,Zekrom GX,SM Black Star Promos
smp-SM89,Zoroark,SM Black Star Promos
smp-SM84,Zoroark GX,SM Black Star Promos
smp-SM83,Zorua,SM Black Star Promos
smp-SM15,Zygarde,SM Black Star Promos
smp-SM48,Zygarde,SM Black Star Promos
smp-SM122,Zygarde GX,SM Black Star Promos
A2-045,Abomasnow,Space-Time Smackdown
A2-130,Aipom,Space-Time Smackdown
A2-131,Ambipom,Space-Time Smackdown
A2-145,Armor Fossil,Space-Time Smackdown
A2-077,Azelf,Space-Time Smackdown
A2-114,Bastiodon,Space-Time Smackdown
A2-003,Bellossom,Space-Time Smackdown
A2-136,Bibarel,Space-Time Smackdown
A2-135,Bidoof,Space-Time Smackdown
A2-177,Bidoof,Space-Time Smackdown
A2-117,Bronzong,Space-Time Smackdown
A2-116,Bronzor,Space-Time Smackdown
A2-038,Buizel,Space-Time Smackdown
A2-137,Buneary,Space-Time Smackdown
A2-015,Burmy,Space-Time Smackdown
A2-019,Carnivine,Space-Time Smackdown
A2-158,Carnivine,Space-Time Smackdown
A2-141,Chatot,Space-Time Smackdown
A2-027,Chimchar,Space-Time Smackdown
A2-017,Combee,Space-Time Smackdown
A2-157,Combee,Space-Time Smackdown
A2-088,Cranidos,Space-Time Smackdown
A2-079,Cresselia,Space-Time Smackdown
A2-168,Cresselia,Space-Time Smackdown
A2-107,Croagunk,Space-Time Smackdown
A2-173,Croagunk,Space-Time Smackdown
A2-152,Cynthia,Space-Time Smackdown
A2-192,Cynthia,Space-Time Smackdown
A2-150,Cyrus,Space-Time Smackdown
A2-190,Cyrus,Space-Time Smackdown
A2-109,Darkrai,Space-Time Smackdown
A2-110,Darkrai ex,Space-Time Smackdown
A2-187,Darkrai ex,Space-Time Smackdown
A2-202,Darkrai ex,Space-Time Smackdown
A2-154,Dawn,Space-Time Smackdown
A2-194,Dawn,Space-Time Smackdown
A2-119,Dialga ex,Space-Time Smackdown
A2-188,Dialga ex,Space-Time Smackdown
A2-205,Dialga ex,Space-Time Smackdown
A2-207,Dialga ex,Space-Time Smackdown
A2-106,Drapion,Space-Time Smackdown
A2-074,Drifblim,Space-Time Smackdown
A2-073,Drifloon,Space-Time Smackdown
A2-165,Drifloon,Space-Time Smackdown
A2-071,Dusclops,Space-Time Smackdown
A2-072,Dusknoir,Space-Time Smackdown
A2-070,Duskull,Space-Time Smackdown
A2-126,Eevee,Space-Time Smackdown
A2-056,Electabuzz,Space-Time Smackdown
A2-057,Electivire,Space-Time Smackdown
A2-055,Electrode,Space-Time Smackdown
A2-037,Empoleon,Space-Time Smackdown
A2-142,Fan Rotom,Space-Time Smackdown
A2-042,Finneon,Space-Time Smackdown
A2-039,Floatzel,Space-Time Smackdown
A2-048,Frost Rotom,Space-Time Smackdown
A2-122,Gabite,Space-Time Smackdown
A2-095,Gallade ex,Space-Time Smackdown
A2-185,Gallade ex,Space-Time Smackdown
A2-200,Gallade ex,Space-Time Smackdown
A2-123,Garchomp,Space-Time Smackdown
A2-175,Garchomp,Space-Time Smackdown
A2-041,Gastrodon,Space-Time Smackdown
A2-161,Gastrodon,Space-Time Smackdown
A2-147,Giant Cape,Space-Time Smackdown
A2-121,Gible,Space-Time Smackdown
A2-078,Giratina,Space-Time Smackdown
A2-167,Giratina,Space-Time Smackdown
A2-046,Glaceon,Space-Time Smackdown
A2-139,Glameow,Space-Time Smackdown
A2-178,Glameow,Space-Time Smackdown
A2-083,Gligar,Space-Time Smackdown
A2-084,Gliscor,Space-Time Smackdown
A2-002,Gloom,Space-Time Smackdown
A2-011,Grotle,Space-Time Smackdown
A2-120,Heatran,Space-Time Smackdown
A2-174,Heatran,Space-Time Smackdown
A2-030,Heat Rotom,Space-Time Smackdown
A2-093,Hippopotas,Space-Time Smackdown
A2-171,Hippopotas,Space-Time Smackdown
A2-094,Hippowdon,Space-Time Smackdown
A2-085,Hitmontop,Space-Time Smackdown
A2-097,Honchkrow,Space-Time Smackdown
A2-029,Infernape ex,Space-Time Smackdown
A2-181,Infernape ex,Space-Time Smackdown
A2-197,Infernape ex,Space-Time Smackdown
A2-069,Kirlia,Space-Time Smackdown
A2-013,Kricketot,Space-Time Smackdown
A2-014,Kricketune,Space-Time Smackdown
A2-020,Leafeon,Space-Time Smackdown
A2-125,Lickilicky ex,Space-Time Smackdown
A2-189,Lickilicky ex,Space-Time Smackdown
A2-203,Lickilicky ex,Space-Time Smackdown
A2-124,Lickitung,Space-Time Smackdown
A2-138,Lopunny,Space-Time Smackdown
A2-092,Lucario,Space-Time Smackdown
A2-170,Lucario,Space-Time Smackdown
A2-149,Lum Berry,Space-Time Smackdown
A2-043,Lumineon,Space-Time Smackdown
A2-059,Luxio,Space-Time Smackdown
A2-060,Luxray,Space-Time Smackdown
A2-026,Magcargo,Space-Time Smackdown
A2-023,Magmar,Space-Time Smackdown
A2-024,Magmortar,Space-Time Smackdown
A2-051,Magnemite,Space-Time Smackdown
A2-052,Magneton,Space-Time Smackdown
A2-053,Magnezone,Space-Time Smackdown
A2-033,Mamoswine,Space-Time Smackdown
A2-160,Mamoswine,Space-Time Smackdown
A2-050,Manaphy,Space-Time Smackdown
A2-162,Manaphy,Space-Time Smackdown
A2-155,Mars,Space-Time Smackdown
A2-195,Mars,Space-Time Smackdown
A2-076,Mesprit,Space-Time Smackdown
A2-166,Mesprit,Space-Time Smackdown
A2-101,Mightyena,Space-Time Smackdown
A2-066,Misdreavus,Space-Time Smackdown
A2-067,Mismagius ex,Space-Time Smackdown
A2-184,Mismagius ex,Space-Time Smackdown
A2-199,Mismagius ex,Space-Time Smackdown
A2-028,Monferno,Space-Time Smackdown
A2-021,Mow Rotom,Space-Time Smackdown
A2-096,Murkrow,Space-Time Smackdown
A2-086,Nosepass,Space-Time Smackdown
A2-001,Oddish,Space-Time Smackdown
A2-061,Pachirisu ex,Space-Time Smackdown
A2-183,Pachirisu ex,Space-Time Smackdown
A2-198,Pachirisu ex,Space-Time Smackdown
A2-049,Palkia ex,Space-Time Smackdown
A2-182,Palkia ex,Space-Time Smackdown
A2-204,Palkia ex,Space-Time Smackdown
A2-206,Palkia ex,Space-Time Smackdown
A2-032,Piloswine,Space-Time Smackdown
A2-035,Piplup,Space-Time Smackdown
A2-146,Pokémon Communication,Space-Time Smackdown
A2-100,Poochyena,Space-Time Smackdown
A2-127,Porygon,Space-Time Smackdown
A2-128,Porygon2,Space-Time Smackdown
A2-129,Porygon-Z,Space-Time Smackdown
A2-036,Prinplup,Space-Time Smackdown
A2-118,Probopass,Space-Time Smackdown
A2-140,Purugly,Space-Time Smackdown
A2-068,Ralts,Space-Time Smackdown
A2-089,Rampardos,Space-Time Smackdown
A2-034,Regice,Space-Time Smackdown
A2-143,Regigigas,Space-Time Smackdown
A2-179,Regigigas,Space-Time Smackdown
A2-087,Regirock,Space-Time Smackdown
A2-112,Registeel,Space-Time Smackdown
A2-081,Rhydon,Space-Time Smackdown
A2-080,Rhyhorn,Space-Time Smackdown
A2-082,Rhyperior,Space-Time Smackdown
A2-169,Rhyperior,Space-Time Smackdown
A2-091,Riolu,Space-Time Smackdown
A2-148,Rocky Helmet,Space-Time Smackdown
A2-008,Roselia,Space-Time Smackdown
A2-009,Roserade,Space-Time Smackdown
A2-062,Rotom,Space-Time Smackdown
A2-164,Rotom,Space-Time Smackdown
A2-022,Shaymin,Space-Time Smackdown
A2-159,Shaymin,Space-Time Smackdown
A2-040,Shellos,Space-Time Smackdown
A2-113,Shieldon,Space-Time Smackdown
A2-058,Shinx,Space-Time Smackdown
A2-163,Shinx,Space-Time Smackdown
A2-111,Skarmory,Space-Time Smackdown
A2-105,Skorupi,Space-Time Smackdown
A2-144,Skull Fossil,Space-Time Smackdown
A2-103,Skuntank,Space-Time Smackdown
A2-025,Slugma,Space-Time Smackdown
A2-098,Sneasel,Space-Time Smackdown
A2-044,Snover,Space-Time Smackdown
A2-104,Spiritomb,Space-Time Smackdown
A2-172,Spiritomb,Space-Time Smackdown
A2-134,Staraptor,Space-Time Smackdown
A2-176,Staraptor,Space-Time Smackdown
A2-133,Staravia,Space-Time Smackdown
A2-132,Starly,Space-Time Smackdown
A2-102,Stunky,Space-Time Smackdown
A2-031,Swinub,Space-Time Smackdown
A2-004,Tangela,Space-Time Smackdown
A2-005,Tangrowth,Space-Time Smackdown
A2-156,Tangrowth,Space-Time Smackdown
A2-151,Team Galactic Grunt,Space-Time Smackdown
A2-191,Team Galactic Grunt,Space-Time Smackdown
A2-065,Togekiss,Space-Time Smackdown
A2-063,Togepi,Space-Time Smackdown
A2-064,Togetic,Space-Time Smackdown
A2-012,Torterra,Space-Time Smackdown
A2-108,Toxicroak,Space-Time Smackdown
A2-010,Turtwig,Space-Time Smackdown
A2-075,Uxie,Space-Time Smackdown
A2-018,Vespiquen,Space-Time Smackdown
A2-153,Volkner,Space-Time Smackdown
A2-193,Volkner,Space-Time Smackdown
A2-054,Voltorb,Space-Time Smackdown
A2-047,Wash Rotom,Space-Time Smackdown
A2-099,Weavile ex,Space-Time Smackdown
A2-186,Weavile ex,Space-Time Smackdown
A2-201,Weavile ex,Space-Time Smackdown
A2-016,Wormadam,Space-Time Smackdown
A2-090,Wormadam,Space-Time Smackdown
A2-115,Wormadam,Space-Time Smackdown
A2-006,Yanma,Space-Time Smackdown
A2-007,Yanmega ex,Space-Time Smackdown
A2-180,Yanmega ex,Space-Time Smackdown
A2-196,Yanmega ex,Space-Time Smackdown
xy11-43,Nidoran♂,Steam Siege
pl3-1,Absol G,Supreme Victors
pl3-141,Absol G,Supreme Victors
pl3-49,Altaria C,Supreme Victors
pl3-15,Arcanine G,Supreme Victors
pl3-142,Blaziken FB,Supreme Victors
pl3-2,Blaziken FB,Supreme Victors
pl3-17,Butterfree FB,Supreme Victors
pl3-19,Camerupt G,Supreme Victors
pl3-143,Charizard G,Supreme Victors
pl3-20,Charizard G,Supreme Victors
pl3-54,Chatot G,Supreme Victors
pl3-23,Crawdaunt G,Supreme Victors
pl3-56,Dragonite FB,Supreme Victors
pl3-3,Drifblim FB,Supreme Victors
pl3-26,Dusknoir FB,Supreme Victors
pl3-144,Electivire FB,Supreme Victors
pl3-4,Electivire FB,Supreme Victors
pl3-27,Empoleon FB,Supreme Victors
pl3-145,Garchomp C,Supreme Victors
pl3-60,Garchomp C,Supreme Victors
pl3-30,Lickilicky C,Supreme Victors
pl3-31,Lucario C,Supreme Victors
pl3-66,Manectric G,Supreme Victors
pl3-35,Milotic C,Supreme Victors
pl3-78,Raticate G,Supreme Victors
pl3-146,Rayquaza C,Supreme Victors
pl3-8,Rayquaza C,Supreme Victors
pl3-9,Regigigas FB,Supreme Victors
pl3-40,Roserade C,Supreme Victors
pl3-41,Sableye G,Supreme Victors
pl3-83,Skarmory FB,Supreme Victors
pl3-84,Spiritomb C,Supreme Victors
pl3-11,Staraptor FB,Supreme Victors
pl3-147,Staraptor FB,Supreme Victors
pl3-86,Togekiss C,Supreme Victors
svp-060,Aegislash,SVP Black Star Promos
svp-050,Alakazam ex,SVP Black Star Promos
svp-109,Ampharos,SVP Black Star Promos
svp-016,Ampharos ex,SVP Black Star Promos
svp-032,Annihilape ex,SVP Black Star Promos
svp-011,Arcanine,SVP Black Star Promos
svp-064,Arctibax,SVP Black Star Promos
svp-105,Armarouge ex,SVP Black Star Promos
svp-125,Armarouge ex,SVP Black Star Promos
svp-019,Baxcalibur,SVP Black Star Promos
svp-094,Bellibolt,SVP Black Star Promos
svp-112,Bisharp,SVP Black Star Promos
svp-177,Bloodmoon Ursaluna ex,SVP Black Star Promos
svp-136,Bouffalant,SVP Black Star Promos
svp-046,Bulbasaur,SVP Black Star Promos
svp-093,Carvanha,SVP Black Star Promos
svp-063,Cetitan,SVP Black Star Promos
svp-056,Charizard ex,SVP Black Star Promos
svp-074,Charizard ex,SVP Black Star Promos
svp-161,Charizard ex,SVP Black Star Promos
svp-196,Charizard EX,SVP Black Star Promos
svp-044,Charmander,SVP Black Star Promos
svp-047,Charmander,SVP Black Star Promos
svp-152,Chien-Pao,SVP Black Star Promos
svp-030,Chien-Pao ex,SVP Black Star Promos
svp-057,Chi-Yu,SVP Black Star Promos
svp-163,Cinderace ex,SVP Black Star Promos
svp-037,Cleffa,SVP Black Star Promos
svp-095,Cleffa,SVP Black Star Promos
svp-134,Crabominable,SVP Black Star Promos
svp-080,Crocalor,SVP Black Star Promos
svp-096,Cyclizar,SVP Black Star Promos
svp-018,Cyclizar ex,SVP Black Star Promos
svp-204,Cynthia's Garchomp ex,SVP Black Star Promos
svp-110,Darkrai ex,SVP Black Star Promos
svp-180,Dialga ex,SVP Black Star Promos
svp-012,Dondozo,SVP Black Star Promos
svp-135,Drifblim,SVP Black Star Promos
svp-043,Eevee,SVP Black Star Promos
svp-173,Eevee,SVP Black Star Promos
svp-200,Eevee,SVP Black Star Promos
svp-174,Eevee ex,SVP Black Star Promos
svp-010,Espathra,SVP Black Star Promos
svp-089,Feraligatr,SVP Black Star Promos
svp-213,Feraligatr,SVP Black Star Promos
svp-069,Fidough,SVP Black Star Promos
svp-015,Flaaffy,SVP Black Star Promos
svp-108,Flaaffy,SVP Black Star Promos
svp-167,Flareon,SVP Black Star Promos
svp-077,Floragato,SVP Black Star Promos
svp-097,Flutter Mane,SVP Black Star Promos
svp-117,Froslass,SVP Black Star Promos
svp-002,Fuecoco,SVP Black Star Promos
svp-079,Fuecoco,SVP Black Star Promos
svp-192,Fuecoco,SVP Black Star Promos
svp-171,Glaceon,SVP Black Star Promos
svp-151,Gouging Fire,SVP Black Star Promos
svp-144,Gouging Fire ex,SVP Black Star Promos
svp-100,Grafaiai ex,SVP Black Star Promos
svp-072,Great Tusk ex,SVP Black Star Promos
svp-070,Greavard,SVP Black Star Promos
svp-054,Greninja ex,SVP Black Star Promos
svp-132,Greninja ex,SVP Black Star Promos
svp-024,Growlithe,SVP Black Star Promos
svp-007,Hawlucha,SVP Black Star Promos
svp-184,Hop's Snorlax,SVP Black Star Promos
svp-193,Hop's Zacian ex,SVP Black Star Promos
svp-137,Horsea,SVP Black Star Promos
svp-103,Houndoom ex,SVP Black Star Promos
svp-042,Houndstone,SVP Black Star Promos
svp-162,Houndstone ex,SVP Black Star Promos
svp-154,Indeedee,SVP Black Star Promos
svp-116,Infernape,SVP Black Star Promos
svp-124,Iono,SVP Black Star Promos
svp-194,Iono's Bellibolt ex,SVP Black Star Promos
svp-182,Iono's Kilowattrel,SVP Black Star Promos
svp-147,Iron Boulder ex,SVP Black Star Promos
svp-058,Iron Bundle,SVP Black Star Promos
svp-066,Iron Bundle,SVP Black Star Promos
svp-146,Iron Crown ex,SVP Black Star Promos
svp-128,Iron Leaves ex,SVP Black Star Promos
svp-098,Iron Thorns,SVP Black Star Promos
svp-073,Iron Treads ex,SVP Black Star Promos
svp-068,Iron Valiant ex,SVP Black Star Promos
svp-169,Jolteon,SVP Black Star Promos
svp-202,Kangaskhan,SVP Black Star Promos
svp-055,Kangaskhan ex,SVP Black Star Promos
svp-113,Kingambit,SVP Black Star Promos
svp-130,Kingambit,SVP Black Star Promos
svp-131,Kingdra ex,SVP Black Star Promos
svp-014,Koraidon,SVP Black Star Promos
svp-091,Koraidon,SVP Black Star Promos
svp-029,Koraidon ex,SVP Black Star Promos
svp-197,Koraidon ex,SVP Black Star Promos
svp-178,Kyogre ex,SVP Black Star Promos
svp-164,Lapras ex,SVP Black Star Promos
svp-139,Latias,SVP Black Star Promos
svp-170,Leafeon,SVP Black Star Promos
svp-133,Ledian,SVP Black Star Promos
svp-195,Lillie's Clefairy ex,SVP Black Star Promos
svp-183,Lillie's Ribombee,SVP Black Star Promos
svp-017,Lucario ex,SVP Black Star Promos
svp-086,Mabosstiff ex,SVP Black Star Promos
svp-153,Magneton,SVP Black Star Promos
svp-159,Magneton,SVP Black Star Promos
svp-107,Mareep,SVP Black Star Promos
svp-206,Marnie's Morpeko,SVP Black Star Promos
svp-071,Maschiff,SVP Black Star Promos
svp-039,Mawile,SVP Black Star Promos
svp-104,Melmetal ex,SVP Black Star Promos
svp-033,Meowscarada ex,SVP Black Star Promos
svp-078,Meowscarada ex,SVP Black Star Promos
svp-090,Metang,SVP Black Star Promos
svp-053,Mew ex,SVP Black Star Promos
svp-052,Mewtwo,SVP Black Star Promos
svp-075,Mimikyu,SVP Black Star Promos
svp-004,Mimikyu ex,SVP Black Star Promos
svp-013,Miraidon,SVP Black Star Promos
svp-092,Miraidon,SVP Black Star Promos
svp-148,Miraidon,SVP Black Star Promos
svp-028,Miraidon ex,SVP Black Star Promos
svp-143,Miraidon ex,SVP Black Star Promos
svp-021,Murkrow,SVP Black Star Promos
svp-141,Noctowl,SVP Black Star Promos
svp-181,N's Darmanitan,SVP Black Star Promos
svp-189,N's Zorua,SVP Black Star Promos
svp-102,Oddish,SVP Black Star Promos
svp-158,Pachirisu,SVP Black Star Promos
svp-036,Palafin,SVP Black Star Promos
svp-126,Palafin ex,SVP Black Star Promos
svp-041,Paldean Wooper,SVP Black Star Promos
svp-045,Paradise Resort,SVP Black Star Promos
svp-150,Paradise Resort,SVP Black Star Promos
svp-224,Paradise Resort,SVP Black Star Promos
svp-040,Pawmi,SVP Black Star Promos
svp-006,Pawmot,SVP Black Star Promos
svp-111,Pawniard,SVP Black Star Promos
svp-129,Pecharunt,SVP Black Star Promos
svp-149,Pecharunt,SVP Black Star Promos
svp-022,Pelipper,SVP Black Star Promos
svp-114,Picnicker,SVP Black Star Promos
svp-027,Pikachu,SVP Black Star Promos
svp-088,Pikachu,SVP Black Star Promos
svp-101,Pikachu,SVP Black Star Promos
svp-190,Pikachu,SVP Black Star Promos
svp-214,Pikachu,SVP Black Star Promos
svp-225,Pikachu,SVP Black Star Promos
svp-106,Pikachu ex,SVP Black Star Promos
svp-085,Pikachu with Grey Felt Hat,SVP Black Star Promos
svp-061,Pineco,SVP Black Star Promos
svp-138,Porygon2,SVP Black Star Promos
svp-120,Pupitar,SVP Black Star Promos
svp-156,Quagsire,SVP Black Star Promos
svp-005,Quaquaval,SVP Black Star Promos
svp-035,Quaquaval ex,SVP Black Star Promos
svp-084,Quaquaval ex,SVP Black Star Promos
svp-003,Quaxly,SVP Black Star Promos
svp-082,Quaxly,SVP Black Star Promos
svp-083,Quaxwell,SVP Black Star Promos
svp-145,Raging Bolt ex,SVP Black Star Promos
svp-008,Revavroom,SVP Black Star Promos
svp-121,Revavroom,SVP Black Star Promos
svp-067,Roaring Moon ex,SVP Black Star Promos
svp-188,Scrafty,SVP Black Star Promos
svp-186,Scraggy,SVP Black Star Promos
svp-065,Scream Tail,SVP Black Star Promos
svp-099,Shroodle,SVP Black Star Promos
svp-062,Sinistea,SVP Black Star Promos
svp-034,Skeledirge ex,SVP Black Star Promos
svp-081,Skeledirge ex,SVP Black Star Promos
svp-023,Smoliv,SVP Black Star Promos
svp-051,Snorlax,SVP Black Star Promos
svp-122,Snorlax,SVP Black Star Promos
svp-009,Spidops,SVP Black Star Promos
svp-001,Sprigatito,SVP Black Star Promos
svp-076,Sprigatito,SVP Black Star Promos
svp-191,Sprigatito,SVP Black Star Promos
svp-087,Sprigatito ex,SVP Black Star Promos
svp-160,Squawkabilly ex,SVP Black Star Promos
svp-048,Squirtle,SVP Black Star Promos
svp-207,Steven's Beldum,SVP Black Star Promos
svp-172,Sylveon,SVP Black Star Promos
svp-118,Tatsugiri,SVP Black Star Promos
svp-123,Teal Mask Ogerpon,SVP Black Star Promos
svp-166,Teal Mask Ogerpon ex,SVP Black Star Promos
svp-205,Team Rocket's Mewtwo ex,SVP Black Star Promos
svp-216,Team Rocket's Mewtwo ex,SVP Black Star Promos
svp-217,Team Rocket's Nidoking ex,SVP Black Star Promos
svp-218,Team Rocket's Persian ex,SVP Black Star Promos
svp-203,Team Rocket's Wobbuffet,SVP Black Star Promos
svp-165,Terapagos ex,SVP Black Star Promos
svp-500,Terapagos & Friends,SVP Black Star Promos
svp-115,Thwackey,SVP Black Star Promos
svp-025,Tinkatink,SVP Black Star Promos
svp-020,Tinkaton,SVP Black Star Promos
svp-140,Tinkaton,SVP Black Star Promos
svp-031,Tinkaton ex,SVP Black Star Promos
svp-038,Togekiss,SVP Black Star Promos
svp-119,Toxel,SVP Black Star Promos
svp-215,Toxtricity ex,SVP Black Star Promos
svp-168,Vaporeon,SVP Black Star Promos
svp-026,Varoom,SVP Black Star Promos
svp-142,Victini ex,SVP Black Star Promos
svp-127,Walking Wake ex,SVP Black Star Promos
svp-155,Wooper,SVP Black Star Promos
svp-059,Xatu,SVP Black Star Promos
svp-179,Xerneas ex,SVP Black Star Promos
svp-185,Yanma,SVP Black Star Promos
svp-187,Yanmega,SVP Black Star Promos
svp-198,Zacian ex,SVP Black Star Promos
svp-157,Zapdos,SVP Black Star Promos
svp-049,Zapdos ex,SVP Black Star Promos
svp-199,Zarude,SVP Black Star Promos
svp-201,Zebstrika,SVP Black Star Promos
swsh1-178,Professor's Research (Professor Magnolia),Sword & Shield
swsh1-201,Professor's Research (Professor Magnolia),Sword & Shield
swsh1-209,Professor's Research (Professor Magnolia),Sword & Shield
swshp-SWSH144,Greninja {star},SWSH Black Star Promos
swshp-SWSH138,Hydreigon C,SWSH Black Star Promos
ex4-79,Team Aqua's Technical Machine 01,Team Magma vs Team Aqua
ex4-84,Team Magma's Technical Machine 01,Team Magma vs Team Aqua
ex7-107,Mudkip Star,Team Rocket Returns
sm9-133,Bill’s Analysis,Team Up
sm9-135,Brock’s Grit,Team Up
sm9-172,Brock’s Grit,Team Up
sm9-140,Erika’s Hospitality,Team Up
sm9-174,Erika’s Hospitality,Team Up
sm9-127,Farfetch’d,Team Up
sm9-54,Nidoran♀,Team Up
sm9-57,Nidoran♂,Team Up
sm9-154,Sabrina’s Suggestion,Team Up
sm9-181,Sabrina’s Suggestion,Team Up
sm9-51,Tapu Koko ◇,Team Up
hgss4-69,Nidoran♀,Triumphant
hgss4-70,Nidoran♂,Triumphant
A2a-021,Abomasnow,Triumphant Light
A2a-075,Adaman,Triumphant Light
A2a-090,Adaman,Triumphant Light
A2a-070,Arceus,Triumphant Light
A2a-071,Arceus ex,Triumphant Light
A2a-086,Arceus ex,Triumphant Light
A2a-095,Arceus ex,Triumphant Light
A2a-096,Arceus ex,Triumphant Light
A2a-015,Azumarill,Triumphant Light
A2a-016,Barboach,Triumphant Light
A2a-074,Barry,Triumphant Light
A2a-089,Barry,Triumphant Light
A2a-059,Bronzong,Triumphant Light
A2a-058,Bronzor,Triumphant Light
A2a-002,Burmy,Triumphant Light
A2a-009,Carnivine,Triumphant Light
A2a-073,Celestic Town Elder,Triumphant Light
A2a-088,Celestic Town Elder,Triumphant Light
A2a-007,Cherrim,Triumphant Light
A2a-008,Cherrim,Triumphant Light
A2a-006,Cherubi,Triumphant Light
A2a-030,Clefable,Triumphant Light
A2a-029,Clefairy,Triumphant Light
A2a-004,Combee,Triumphant Light
A2a-051,Croagunk,Triumphant Light
A2a-050,Crobat,Triumphant Light
A2a-038,Donphan,Triumphant Light
A2a-062,Eevee,Triumphant Light
A2a-027,Electrike,Triumphant Light
A2a-019,Froslass,Triumphant Light
A2a-046,Gabite,Triumphant Light
A2a-047,Garchomp ex,Triumphant Light
A2a-084,Garchomp ex,Triumphant Light
A2a-093,Garchomp ex,Triumphant Light
A2a-031,Gastly,Triumphant Light
A2a-033,Gengar,Triumphant Light
A2a-045,Gible,Triumphant Light
A2a-061,Giratina,Triumphant Light
A2a-022,Glaceon ex,Triumphant Light
A2a-083,Glaceon ex,Triumphant Light
A2a-092,Glaceon ex,Triumphant Light
A2a-049,Golbat,Triumphant Light
A2a-032,Haunter,Triumphant Light
A2a-013,Heatran,Triumphant Light
A2a-001,Heracross,Triumphant Light
A2a-064,Hoothoot,Triumphant Light
A2a-012,Houndoom,Triumphant Light
A2a-076,Houndoom,Triumphant Light
A2a-011,Houndour,Triumphant Light
A2a-072,Irida,Triumphant Light
A2a-087,Irida,Triumphant Light
A2a-039,Larvitar,Triumphant Light
A2a-010,Leafeon ex,Triumphant Light
A2a-082,Leafeon ex,Triumphant Light
A2a-091,Leafeon ex,Triumphant Light
A2a-053,Magnemite,Triumphant Light
A2a-080,Magnemite,Triumphant Light
A2a-054,Magneton,Triumphant Light
A2a-055,Magnezone,Triumphant Light
A2a-028,Manectric,Triumphant Light
A2a-014,Marill,Triumphant Light
A2a-077,Marill,Triumphant Light
A2a-056,Mawile,Triumphant Light
A2a-044,Medicham,Triumphant Light
A2a-043,Meditite,Triumphant Light
A2a-003,Mothim,Triumphant Light
A2a-065,Noctowl,Triumphant Light
A2a-042,Nosepass,Triumphant Light
A2a-060,Origin Forme Dialga,Triumphant Light
A2a-023,Origin Forme Palkia,Triumphant Light
A2a-037,Phanpy,Triumphant Light
A2a-024,Phione,Triumphant Light
A2a-025,Pikachu,Triumphant Light
A2a-057,Probopass ex,Triumphant Light
A2a-085,Probopass ex,Triumphant Light
A2a-094,Probopass ex,Triumphant Light
A2a-040,Pupitar,Triumphant Light
A2a-026,Raichu,Triumphant Light
A2a-035,Rotom,Triumphant Light
A2a-069,Shaymin,Triumphant Light
A2a-081,Shaymin,Triumphant Light
A2a-063,Snorlax,Triumphant Light
A2a-018,Snorunt,Triumphant Light
A2a-020,Snover,Triumphant Light
A2a-068,Staraptor,Triumphant Light
A2a-067,Staravia,Triumphant Light
A2a-066,Starly,Triumphant Light
A2a-036,Sudowoodo,Triumphant Light
A2a-079,Sudowoodo,Triumphant Light
A2a-052,Toxicroak,Triumphant Light
A2a-041,Tyranitar,Triumphant Light
A2a-034,Unown,Triumphant Light
A2a-078,Unown,Triumphant Light
A2a-005,Vespiquen,Triumphant Light
A2a-017,Whiscash,Triumphant Light
A2a-048,Zubat,Triumphant Light
sm5-62,Lunala ◇,Ultra Prism
sm5-137,Unit Energy GrassFireWater,Ultra Prism
sm5-170,Unit Energy GrassFireWater,Ultra Prism
sm5-138,Unit Energy LightningPsychicMetal,Ultra Prism
sm5-171,Unit Energy LightningPsychicMetal,Ultra Prism
sm10-172,Fairy Charm Lightning,Unbroken Bonds
sm10-174,Giovanni’s Exile,Unbroken Bonds
sm10-175,Green’s Exploration,Unbroken Bonds
sm10-209,Green’s Exploration,Unbroken Bonds
sm10-177,Koga’s Trap,Unbroken Bonds
sm10-211,Koga’s Trap,Unbroken Bonds
sm10-178,Lt. Surge’s Strategy,Unbroken Bonds
sm10-184,Red’s Challenge,Unbroken Bonds
sm10-213,Red’s Challenge,Unbroken Bonds
hgss3-77,Sage’s Training,Undaunted
hgss3-78,Team Rocket’s Trickery,Undaunted
sm11-186,Blaine’s Quiz Show,Unified Minds
sm11-188,Blue’s Tactics,Unified Minds
sm11-231,Blue’s Tactics,Unified Minds
sm11-202,Misty’s Favor,Unified Minds
sm11-235,Misty’s Favor,Unified Minds
hgss2-71,Cheerleader’s Cheer,Unleashed
hgss2-73,Emcee’s Chatter,Unleashed
hgss2-75,Engineer’s Adjustments,Unleashed
hgss2-77,Interviewer’s Questions,Unleashed
exu-!,Unown,Unseen Forces Unown Collection
exu-A,Unown,Unseen Forces Unown Collection
exu-B,Unown,Unseen Forces Unown Collection
exu-C,Unown,Unseen Forces Unown Collection
exu-D,Unown,Unseen Forces Unown Collection
exu-E,Unown,Unseen Forces Unown Collection
exu-F,Unown,Unseen Forces Unown Collection
exu-G,Unown,Unseen Forces Unown Collection
exu-H,Unown,Unseen Forces Unown Collection
exu-I,Unown,Unseen Forces Unown Collection
exu-J,Unown,Unseen Forces Unown Collection
exu-K,Unown,Unseen Forces Unown Collection
exu-L,Unown,Unseen Forces Unown Collection
exu-M,Unown,Unseen Forces Unown Collection
exu-N,Unown,Unseen Forces Unown Collection
exu-O,Unown,Unseen Forces Unown Collection
exu-P,Unown,Unseen Forces Unown Collection
exu-Q,Unown,Unseen Forces Unown Collection
exu-R,Unown,Unseen Forces Unown Collection
exu-S,Unown,Unseen Forces Unown Collection
exu-T,Unown,Unseen Forces Unown Collection
exu-U,Unown,Unseen Forces Unown Collection
exu-V,Unown,Unseen Forces Unown Collection
exu-W,Unown,Unseen Forces Unown Collection
exu-X,Unown,Unseen Forces Unown Collection
exu-Y,Unown,Unseen Forces Unown Collection
exu-Z,Unown,Unseen Forces Unown Collection
A4-120,Absol,Wisdom of Sea and Sky
A4-142,Aipom,Wisdom of Sea and Sky
A4-143,Ambipom,Wisdom of Sea and Sky
A4-069,Ampharos,Wisdom of Sea and Sky
A4-172,Ampharos,Wisdom of Sea and Sky
A4-111,Ariados,Wisdom of Sea and Sky
A4-050,Azumarill,Wisdom of Sea and Sky
A4-106,Barbaracle,Wisdom of Sea and Sky
A4-009,Bayleef,Wisdom of Sea and Sky
A4-003,Bellossom,Wisdom of Sea and Sky
A4-163,Bellossom,Wisdom of Sea and Sky
A4-105,Binacle,Wisdom of Sea and Sky
A4-132,Blissey,Wisdom of Sea and Sky
A4-185,Blissey,Wisdom of Sea and Sky
A4-150,Bouffalant,Wisdom of Sea and Sky
A4-131,Chansey,Wisdom of Sea and Sky
A4-024,Cherrim,Wisdom of Sea and Sky
A4-023,Cherubi,Wisdom of Sea and Sky
A4-008,Chikorita,Wisdom of Sea and Sky
A4-162,Chikorita,Wisdom of Sea and Sky
A4-064,Chinchou,Wisdom of Sea and Sky
A4-077,Cleffa,Wisdom of Sea and Sky
A4-060,Corphish,Wisdom of Sea and Sky
A4-054,Corsola,Wisdom of Sea and Sky
A4-061,Crawdaunt,Wisdom of Sea and Sky
A4-109,Crobat ex,Wisdom of Sea and Sky
A4-192,Crobat ex,Wisdom of Sea and Sky
A4-207,Crobat ex,Wisdom of Sea and Sky
A4-047,Croconaw,Wisdom of Sea and Sky
A4-027,Cyndaquil,Wisdom of Sea and Sky
A4-165,Cyndaquil,Wisdom of Sea and Sky
A4-154,Dark Pendant,Wisdom of Sea and Sky
A4-036,Darmanitan,Wisdom of Sea and Sky
A4-035,Darumaka,Wisdom of Sea and Sky
A4-057,Delibird,Wisdom of Sea and Sky
A4-170,Delibird,Wisdom of Sea and Sky
A4-100,Donphan ex,Wisdom of Sea and Sky
A4-191,Donphan ex,Wisdom of Sea and Sky
A4-206,Donphan ex,Wisdom of Sea and Sky
A4-062,Ducklett,Wisdom of Sea and Sky
A4-144,Dunsparce,Wisdom of Sea and Sky
A4-134,Eevee,Wisdom of Sea and Sky
A4-231,Eevee,Wisdom of Sea and Sky
A4-070,Elekid,Wisdom of Sea and Sky
A4-151,Elemental Switch,Wisdom of Sea and Sky
A4-072,Emolga,Wisdom of Sea and Sky
A4-033,Entei,Wisdom of Sea and Sky
A4-083,Espeon ex,Wisdom of Sea and Sky
A4-190,Espeon ex,Wisdom of Sea and Sky
A4-205,Espeon ex,Wisdom of Sea and Sky
A4-130,Fearow,Wisdom of Sea and Sky
A4-048,Feraligatr,Wisdom of Sea and Sky
A4-159,Fisher,Wisdom of Sea and Sky
A4-199,Fisher,Wisdom of Sea and Sky
A4-068,Flaaffy,Wisdom of Sea and Sky
A4-213,Flareon,Wisdom of Sea and Sky
A4-121,Forretress,Wisdom of Sea and Sky
A4-139,Furret,Wisdom of Sea and Sky
A4-087,Girafarig,Wisdom of Sea and Sky
A4-235,Glaceon ex,Wisdom of Sea and Sky
A4-094,Gligar,Wisdom of Sea and Sky
A4-176,Gligar,Wisdom of Sea and Sky
A4-095,Gliscor,Wisdom of Sea and Sky
A4-002,Gloom,Wisdom of Sea and Sky
A4-108,Golbat,Wisdom of Sea and Sky
A4-089,Granbull,Wisdom of Sea and Sky
A4-045,Gyarados,Wisdom of Sea and Sky
A4-215,Gyarados,Wisdom of Sea and Sky
A4-234,Gyarados ex,Wisdom of Sea and Sky
A4-037,Heatmor,Wisdom of Sea and Sky
A4-022,Heracross,Wisdom of Sea and Sky
A4-164,Heracross,Wisdom of Sea and Sky
A4-161,Hiker,Wisdom of Sea and Sky
A4-201,Hiker,Wisdom of Sea and Sky
A4-102,Hitmontop,Wisdom of Sea and Sky
A4-114,Honchkrow,Wisdom of Sea and Sky
A4-034,Ho-Oh ex,Wisdom of Sea and Sky
A4-187,Ho-Oh ex,Wisdom of Sea and Sky
A4-210,Ho-Oh ex,Wisdom of Sea and Sky
A4-240,Ho-Oh ex,Wisdom of Sea and Sky
A4-140,Hoothoot,Wisdom of Sea and Sky
A4-182,Hoothoot,Wisdom of Sea and Sky
A4-013,Hoppip,Wisdom of Sea and Sky
A4-041,Horsea,Wisdom of Sea and Sky
A4-118,Houndoom,Wisdom of Sea and Sky
A4-117,Houndour,Wisdom of Sea and Sky
A4-160,Jasmine,Wisdom of Sea and Sky
A4-200,Jasmine,Wisdom of Sea and Sky
A4-219,Jolteon,Wisdom of Sea and Sky
A4-015,Jumpluff,Wisdom of Sea and Sky
A4-076,Jynx,Wisdom of Sea and Sky
A4-133,Kangaskhan,Wisdom of Sea and Sky
A4-043,Kingdra ex,Wisdom of Sea and Sky
A4-188,Kingdra ex,Wisdom of Sea and Sky
A4-203,Kingdra ex,Wisdom of Sea and Sky
A4-127,Klang,Wisdom of Sea and Sky
A4-126,Klink,Wisdom of Sea and Sky
A4-128,Klinklang,Wisdom of Sea and Sky
A4-065,Lanturn ex,Wisdom of Sea and Sky
A4-189,Lanturn ex,Wisdom of Sea and Sky
A4-204,Lanturn ex,Wisdom of Sea and Sky
A4-103,Larvitar,Wisdom of Sea and Sky
A4-233,Leafeon ex,Wisdom of Sea and Sky
A4-012,Ledian,Wisdom of Sea and Sky
A4-011,Ledyba,Wisdom of Sea and Sky
A4-239,Lickilicky ex,Wisdom of Sea and Sky
A4-230,Lickitung,Wisdom of Sea and Sky
A4-149,Lugia ex,Wisdom of Sea and Sky
A4-195,Lugia ex,Wisdom of Sea and Sky
A4-211,Lugia ex,Wisdom of Sea and Sky
A4-241,Lugia ex,Wisdom of Sea and Sky
A4-157,Lyra,Wisdom of Sea and Sky
A4-197,Lyra,Wisdom of Sea and Sky
A4-032,Magby,Wisdom of Sea and Sky
A4-166,Magby,Wisdom of Sea and Sky
A4-031,Magcargo,Wisdom of Sea and Sky
A4-044,Magikarp,Wisdom of Sea and Sky
A4-214,Magikarp,Wisdom of Sea and Sky
A4-217,Magnemite,Wisdom of Sea and Sky
A4-218,Magneton,Wisdom of Sea and Sky
A4-098,Mamoswine,Wisdom of Sea and Sky
A4-221,Mankey,Wisdom of Sea and Sky
A4-058,Mantine,Wisdom of Sea and Sky
A4-067,Mareep,Wisdom of Sea and Sky
A4-049,Marill,Wisdom of Sea and Sky
A4-125,Mawile,Wisdom of Sea and Sky
A4-010,Meganium,Wisdom of Sea and Sky
A4-220,Misdreavus,Wisdom of Sea and Sky
A4-237,Mismagius ex,Wisdom of Sea and Sky
A4-090,Munna,Wisdom of Sea and Sky
A4-113,Murkrow,Wisdom of Sea and Sky
A4-178,Murkrow,Wisdom of Sea and Sky
A4-091,Musharna,Wisdom of Sea and Sky
A4-081,Natu,Wisdom of Sea and Sky
A4-228,Nidoking,Wisdom of Sea and Sky
A4-225,Nidoqueen,Wisdom of Sea and Sky
A4-223,Nidoran♀,Wisdom of Sea and Sky
A4-226,Nidoran♂,Wisdom of Sea and Sky
A4-224,Nidorina,Wisdom of Sea and Sky
A4-227,Nidorino,Wisdom of Sea and Sky
A4-026,Ninetales,Wisdom of Sea and Sky
A4-141,Noctowl,Wisdom of Sea and Sky
A4-056,Octillery,Wisdom of Sea and Sky
A4-169,Octillery,Wisdom of Sea and Sky
A4-001,Oddish,Wisdom of Sea and Sky
A4-092,Onix,Wisdom of Sea and Sky
A4-236,Pachirisu ex,Wisdom of Sea and Sky
A4-099,Phanpy,Wisdom of Sea and Sky
A4-066,Pichu,Wisdom of Sea and Sky
A4-171,Pichu,Wisdom of Sea and Sky
A4-097,Piloswine,Wisdom of Sea and Sky
A4-020,Pineco,Wisdom of Sea and Sky
A4-007,Pinsir,Wisdom of Sea and Sky
A4-040,Politoed,Wisdom of Sea and Sky
A4-038,Poliwag,Wisdom of Sea and Sky
A4-039,Poliwhirl,Wisdom of Sea and Sky
A4-135,Porygon,Wisdom of Sea and Sky
A4-136,Porygon2,Wisdom of Sea and Sky
A4-137,Porygon-Z,Wisdom of Sea and Sky
A4-222,Primeape,Wisdom of Sea and Sky
A4-104,Pupitar,Wisdom of Sea and Sky
A4-052,Quagsire,Wisdom of Sea and Sky
A4-028,Quilava,Wisdom of Sea and Sky
A4-053,Qwilfish,Wisdom of Sea and Sky
A4-168,Qwilfish,Wisdom of Sea and Sky
A4-071,Raikou,Wisdom of Sea and Sky
A4-055,Remoraid,Wisdom of Sea and Sky
A4-155,Rescue Scarf,Wisdom of Sea and Sky
A4-123,Scizor,Wisdom of Sea and Sky
A4-180,Scizor,Wisdom of Sea and Sky
A4-006,Scyther,Wisdom of Sea and Sky
A4-042,Seadra,Wisdom of Sea and Sky
A4-138,Sentret,Wisdom of Sea and Sky
A4-181,Sentret,Wisdom of Sea and Sky
A4-021,Shuckle ex,Wisdom of Sea and Sky
A4-186,Shuckle ex,Wisdom of Sea and Sky
A4-202,Shuckle ex,Wisdom of Sea and Sky
A4-158,Silver,Wisdom of Sea and Sky
A4-198,Silver,Wisdom of Sea and Sky
A4-124,Skarmory ex,Wisdom of Sea and Sky
A4-194,Skarmory ex,Wisdom of Sea and Sky
A4-209,Skarmory ex,Wisdom of Sea and Sky
A4-014,Skiploom,Wisdom of Sea and Sky
A4-074,Slowking,Wisdom of Sea and Sky
A4-073,Slowpoke,Wisdom of Sea and Sky
A4-030,Slugma,Wisdom of Sea and Sky
A4-148,Smeargle,Wisdom of Sea and Sky
A4-184,Smeargle,Wisdom of Sea and Sky
A4-075,Smoochum,Wisdom of Sea and Sky
A4-115,Sneasel,Wisdom of Sea and Sky
A4-229,Sneasel,Wisdom of Sea and Sky
A4-088,Snubbull,Wisdom of Sea and Sky
A4-129,Spearow,Wisdom of Sea and Sky
A4-110,Spinarak,Wisdom of Sea and Sky
A4-177,Spinarak,Wisdom of Sea and Sky
A4-152,Squirt Bottle,Wisdom of Sea and Sky
A4-147,Stantler,Wisdom of Sea and Sky
A4-183,Stantler,Wisdom of Sea and Sky
A4-153,Steel Apron,Wisdom of Sea and Sky
A4-122,Steelix,Wisdom of Sea and Sky
A4-093,Sudowoodo,Wisdom of Sea and Sky
A4-059,Suicune,Wisdom of Sea and Sky
A4-017,Sunflora,Wisdom of Sea and Sky
A4-016,Sunkern,Wisdom of Sea and Sky
A4-063,Swanna,Wisdom of Sea and Sky
A4-096,Swinub,Wisdom of Sea and Sky
A4-004,Tangela,Wisdom of Sea and Sky
A4-005,Tangrowth,Wisdom of Sea and Sky
A4-145,Teddiursa,Wisdom of Sea and Sky
A4-080,Togekiss,Wisdom of Sea and Sky
A4-078,Togepi,Wisdom of Sea and Sky
A4-173,Togepi,Wisdom of Sea and Sky
A4-079,Togetic,Wisdom of Sea and Sky
A4-046,Totodile,Wisdom of Sea and Sky
A4-167,Totodile,Wisdom of Sea and Sky
A4-029,Typhlosion,Wisdom of Sea and Sky
A4-119,Tyranitar,Wisdom of Sea and Sky
A4-179,Tyranitar,Wisdom of Sea and Sky
A4-101,Tyrogue,Wisdom of Sea and Sky
A4-112,Umbreon ex,Wisdom of Sea and Sky
A4-193,Umbreon ex,Wisdom of Sea and Sky
A4-208,Umbreon ex,Wisdom of Sea and Sky
A4-084,Unown,Wisdom of Sea and Sky
A4-085,Unown,Wisdom of Sea and Sky
A4-146,Ursaring,Wisdom of Sea and Sky
A4-216,Vaporeon,Wisdom of Sea and Sky
A4-025,Vulpix,Wisdom of Sea and Sky
A4-116,Weavile,Wisdom of Sea and Sky
A4-238,Weavile ex,Wisdom of Sea and Sky
A4-156,Will,Wisdom of Sea and Sky
A4-196,Will,Wisdom of Sea and Sky
A4-086,Wobbuffet,Wisdom of Sea and Sky
A4-175,Wobbuffet,Wisdom of Sea and Sky
A4-051,Wooper,Wisdom of Sea and Sky
A4-082,Xatu,Wisdom of Sea and Sky
A4-174,Xatu,Wisdom of Sea and Sky
A4-018,Yanma,Wisdom of Sea and Sky
A4-212,Yanma,Wisdom of Sea and Sky
A4-019,Yanmega,Wisdom of Sea and Sky
A4-232,Yanmega ex,Wisdom of Sea and Sky
A4-107,Zubat,Wisdom of Sea and Sky
basep-6,Arcanine,Wizards Black Star Promos
basep-22,Articuno,Wizards Black Star Promos
basep-48,Articuno,Wizards Black Star Promos
basep-50,Celebi,Wizards Black Star Promos
basep-31,Cleffa,Wizards Black Star Promos
basep-16,Computer Error,Wizards Black Star Promos
basep-15,Cool Porygon,Wizards Black Star Promos
basep-17,Dark Persian,Wizards Black Star Promos
basep-5,Dragonite,Wizards Black Star Promos
basep-11,Eevee,Wizards Black Star Promos
basep-2,Electabuzz,Wizards Black Star Promos
basep-46,Electabuzz,Wizards Black Star Promos
basep-34,Entei,Wizards Black Star Promos
basep-25,Flying Pikachu,Wizards Black Star Promos
basep-37,Hitmontop,Wizards Black Star Promos
basep-52,Ho-oh,Wizards Black Star Promos
basep-36,Igglybuff,Wizards Black Star Promos
basep-7,Jigglypuff,Wizards Black Star Promos
basep-41,Lucky Stadium,Wizards Black Star Promos
basep-43,Machamp,Wizards Black Star Promos
basep-44,Magmar,Wizards Black Star Promos
basep-29,Marill,Wizards Black Star Promos
basep-10,Meowth,Wizards Black Star Promos
basep-47,Mew,Wizards Black Star Promos
basep-8,Mew,Wizards Black Star Promos
basep-9,Mew,Wizards Black Star Promos
basep-12,Mewtwo,Wizards Black Star Promos
basep-14,Mewtwo,Wizards Black Star Promos
basep-3,Mewtwo,Wizards Black Star Promos
basep-39,Misdreavus,Wizards Black Star Promos
basep-21,Moltres,Wizards Black Star Promos
basep-35,Pichu,Wizards Black Star Promos
basep-1,Pikachu,Wizards Black Star Promos
basep-26,Pikachu,Wizards Black Star Promos
basep-27,Pikachu,Wizards Black Star Promos
basep-4,Pikachu,Wizards Black Star Promos
basep-40,Pokémon Center,Wizards Black Star Promos
basep-42,Pokémon Tower,Wizards Black Star Promos
basep-20,Psyduck,Wizards Black Star Promos
basep-51,Rapidash,Wizards Black Star Promos
basep-19,Sabrina's Abra,Wizards Black Star Promos
basep-33,Scizor,Wizards Black Star Promos
basep-45,Scyther,Wizards Black Star Promos
basep-32,Smeargle,Wizards Black Star Promos
basep-49,Snorlax,Wizards Black Star Promos
basep-24,___________'s Pikachu,Wizards Black Star Promos
basep-53,Suicune,Wizards Black Star Promos
basep-28,Surfing Pikachu,Wizards Black Star Promos
basep-18,Team Rocket's Meowth,Wizards Black Star Promos
basep-30,Togepi,Wizards Black Star Promos
basep-38,Unown [J],Wizards Black Star Promos
basep-13,Venusaur,Wizards Black Star Promos
basep-23,Zapdos,Wizards Black Star Promos
xyp-XY133,Ash Greninja EX,XY Black Star Promos
xyp-XY167,Garchomp-EX,XY Black Star Promos
xyp-XY153,Ho Oh,XY Black Star Promos
xyp-XY63,M Absol EX,XY Black Star Promos
xyp-XY98,M Aerodactyl EX,XY Black Star Promos
xyp-XY175,Magearna-EX,XY Black Star Promos
xyp-XY158,M Beedrill-EX,XY Black Star Promos
xyp-XY86,M Blaziken EX,XY Black Star Promos
xyp-XY198,M Camerupt-EX,XY Black Star Promos
xyp-XY198a,M Camerupt-EX,XY Black Star Promos
xyp-XY44,M Diancie EX,XY Black Star Promos
xyp-XY183,Mewtwo-EX,XY Black Star Promos
xyp-XY168,M Garchomp-EX,XY Black Star Promos
xyp-XY166,M Gengar-EX,XY Black Star Promos
xyp-XY104,M Mawile EX,XY Black Star Promos
xyp-XY35,M Metagross EX,XY Black Star Promos
xyp-XY171,M Salamence-EX,XY Black Star Promos
xyp-XY200,M Sharpedo-EX,XY Black Star Promos
xyp-XY200a,M Sharpedo-EX,XY Black Star Promos
xyp-XY87,M Swampert EX,XY Black Star Promos
xyp-XY174,Pikachu-EX,XY Black Star Promos
xyp-XY150a,Yveltal-EX,XY Black Star Promos
tk-xy-b-12,Bidoof,XY trainer Kit (Bisharp)
tk-xy-b-10,Metal Energy,XY trainer Kit (Bisharp)
tk-xy-b-18,Metal Energy,XY trainer Kit (Bisharp)
tk-xy-b-2,Metal Energy,XY trainer Kit (Bisharp)
tk-xy-b-22,Metal Energy,XY trainer Kit (Bisharp)
tk-xy-b-24,Metal Energy,XY trainer Kit (Bisharp)
tk-xy-b-6,Metal Energy,XY trainer Kit (Bisharp)
tk-xy-b-7,Metal Energy,XY trainer Kit (Bisharp)
tk-xy-b-8,Metal Energy,XY trainer Kit (Bisharp)
tk-xy-b-9,Metal Energy,XY trainer Kit (Bisharp)
tk-xy-n-23,Noibat,XY trainer Kit (Noivern)
tk-xy-n-21,Poké Ball,XY trainer Kit (Noivern)
tk-xy-n-14,Pokémon Catcher,XY trainer Kit (Noivern)
tk-xy-n-24,Professor’s Letter,XY trainer Kit (Noivern)
tk-xy-n-29,Switch,XY trainer Kit (Noivern)
tk-xy-sy-26,Poké Ball,XY trainer Kit (Sylveon)
tk-xy-sy-23,Pokémon Catcher,XY trainer Kit (Sylveon)
tk-xy-sy-28,Professor’s Letter,XY trainer Kit (Sylveon)
tk-xy-w-6,Fairy Energy,XY trainer Kit (Wigglytuff)
tk-xy-w-7,Fairy Energy,XY trainer Kit (Wigglytuff)
sma-SV81,Aether Foundation Employee,Yellow A Alternate
sma-SV87,Aether Paradise Conservation Area,Yellow A Alternate
sma-SV53,Alolan Ninetales-GX,Yellow A Alternate
sma-SV8,Alolan Vulpix,Yellow A Alternate
sma-SV37,Altaria,Yellow A Alternate
sma-SV77,Altaria-GX,Yellow A Alternate
sma-SV54,Articuno-GX,Yellow A Alternate
sma-SV61,Banette-GX,Yellow A Alternate
sma-SV30,Beldum,Yellow A Alternate
sma-SV88,Brooklet Hill,Yellow A Alternate
sma-SV24,Buzzwole,Yellow A Alternate
sma-SV68,Buzzwole-GX,Yellow A Alternate
sma-SV32,Celesteela,Yellow A Alternate
sma-SV49,Charizard-GX,Yellow A Alternate
sma-SV6,Charmander,Yellow A Alternate
sma-SV7,Charmeleon,Yellow A Alternate
sma-SV82,Cynthia,Yellow A Alternate
sma-SV70,Darkrai-GX,Yellow A Alternate
sma-SV3,Dartrix,Yellow A Alternate
sma-SV47,Decidueye-GX,Yellow A Alternate
sma-SV36,Diancie,Yellow A Alternate
sma-SV80,Drampa-GX,Yellow A Alternate
sma-SV41,Eevee,Yellow A Alternate
sma-SV57,Electrode-GX,Yellow A Alternate
sma-SV60,Espeon-GX,Yellow A Alternate
sma-SV83,Fisherman,Yellow A Alternate
sma-SV11,Froakie,Yellow A Alternate
sma-SV12,Frogadier,Yellow A Alternate
sma-SV39,Gabite,Yellow A Alternate
sma-SV40,Garchomp,Yellow A Alternate
sma-SV75,Gardevoir-GX,Yellow A Alternate
sma-SV38,Gible,Yellow A Alternate
sma-SV55,Glaceon-GX,Yellow A Alternate
sma-SV48,Golisopod-GX,Yellow A Alternate
sma-SV56,Greninja-GX,Yellow A Alternate
sma-SV84,Guzma,Yellow A Alternate
sma-SV26,Guzzlord,Yellow A Alternate
sma-SV71,Guzzlord-GX,Yellow A Alternate
sma-SV85,Hiker,Yellow A Alternate
sma-SV50,Ho-Oh-GX,Yellow A Alternate
sma-SV17,Inkay,Yellow A Alternate
sma-SV33,Kartana,Yellow A Alternate
sma-SV73,Kartana-GX,Yellow A Alternate
sma-SV35,Kirlia,Yellow A Alternate
sma-SV86,Lady,Yellow A Alternate
sma-SV46,Leafeon-GX,Yellow A Alternate
sma-SV22,Lucario,Yellow A Alternate
sma-SV64,Lucario-GX,Yellow A Alternate
sma-SV66,Lycanroc-GX,Yellow A Alternate
sma-SV67,Lycanroc-GX,Yellow A Alternate
sma-SV27,Magnemite,Yellow A Alternate
sma-SV28,Magneton,Yellow A Alternate
sma-SV29,Magnezone,Yellow A Alternate
sma-SV18,Malamar,Yellow A Alternate
sma-SV31,Metang,Yellow A Alternate
sma-SV59,Mewtwo-GX,Yellow A Alternate
sma-SV89,Mt. Coronet,Yellow A Alternate
sma-SV63,Naganadel-GX,Yellow A Alternate
sma-SV62,Nihilego-GX,Yellow A Alternate
sma-SV43,Noibat,Yellow A Alternate
sma-SV78,Noivern-GX,Yellow A Alternate
sma-SV44,Oranguru,Yellow A Alternate
sma-SV5,Pheromosa,Yellow A Alternate
sma-SV19,Poipole,Yellow A Alternate
sma-SV10,Quagsire,Yellow A Alternate
sma-SV34,Ralts,Yellow A Alternate
sma-SV51,Reshiram-GX,Yellow A Alternate
sma-SV21,Riolu,Yellow A Alternate
sma-SV23,Rockruff,Yellow A Alternate
sma-SV2,Rowlet,Yellow A Alternate
sma-SV72,Scizor-GX,Yellow A Alternate
sma-SV1,Scyther,Yellow A Alternate
sma-SV15,Seviper,Yellow A Alternate
sma-SV90,Shrine of Punishment,Yellow A Alternate
sma-SV16,Shuppet,Yellow A Alternate
sma-SV79,Silvally-GX,Yellow A Alternate
sma-SV74,Stakataka-GX,Yellow A Alternate
sma-SV20,Sudowoodo,Yellow A Alternate
sma-SV42,Swablu,Yellow A Alternate
sma-SV76,Sylveon-GX,Yellow A Alternate
sma-SV91,Tapu Bulu-GX,Yellow A Alternate
sma-SV92,Tapu Fini-GX,Yellow A Alternate
sma-SV93,Tapu Koko-GX,Yellow A Alternate
sma-SV94,Tapu Lele-GX,Yellow A Alternate
sma-SV52,Turtonator-GX,Yellow A Alternate
sma-SV45,Type: Null,Yellow A Alternate
sma-SV69,Umbreon-GX,Yellow A Alternate
sma-SV13,Voltorb,Yellow A Alternate
sma-SV4,Wimpod,Yellow A Alternate
sma-SV9,Wooper,Yellow A Alternate
sma-SV14,Xurkitree,Yellow A Alternate
sma-SV58,Xurkitree-GX,Yellow A Alternate
sma-SV25,Zorua,Yellow A Alternate
sma-SV65,Zygarde-GX,Yellow A Alternate
exu-%3F,,
