card_id,name,set_name
sv03.5-063,Abra,151
sv03.5-142,Aerodactyl,151
sv03.5-065,Alakazam ex,151
sv03.5-188,Alakazam ex,151
sv03.5-201,Alakazam ex,151
sv03.5-152,Antique Dome Fossil,151
sv03.5-153,Antique Helix Fossil,151
sv03.5-154,Antique Old Amber,151
sv03.5-024,Arbok ex,151
sv03.5-185,Arbok ex,151
sv03.5-059,Arcanine,151
sv03.5-144,Articuno,151
sv03.5-207,Basic Psychic Energy,151
sv03.5-015,Beedrill,151
sv03.5-069,Bellsprout,151
sv03.5-155,Big Air Balloon,151
sv03.5-156,Bill's Transfer,151
sv03.5-194,Bill's Transfer,151
sv03.5-009,Blastoise ex,151
sv03.5-184,Blastoise ex,151
sv03.5-200,Blastoise ex,151
sv03.5-001,Bulbasaur,151
sv03.5-166,Bulbasaur,151
sv03.5-012,Butterfree,151
sv03.5-010,Caterpie,151
sv03.5-172,Caterpie,151
sv03.5-113,Chansey,151
sv03.5-006,Charizard ex,151
sv03.5-183,Charizard ex,151
sv03.5-199,Charizard ex,151
sv03.5-004,Charmander,151
sv03.5-168,Charmander,151
sv03.5-005,Charmeleon,151
sv03.5-169,Charmeleon,151
sv03.5-036,Clefable,151
sv03.5-035,Clefairy,151
sv03.5-091,Cloyster,151
sv03.5-104,Cubone,151
sv03.5-157,Cycling Road,151
sv03.5-158,Daisy's Help,151
sv03.5-195,Daisy's Help,151
sv03.5-087,Dewgong,151
sv03.5-050,Diglett,151
sv03.5-132,Ditto,151
sv03.5-085,Dodrio,151
sv03.5-084,Doduo,151
sv03.5-148,Dragonair,151
sv03.5-181,Dragonair,151
sv03.5-149,Dragonite,151
sv03.5-147,Dratini,151
sv03.5-096,Drowzee,151
sv03.5-051,Dugtrio,151
sv03.5-133,Eevee,151
sv03.5-023,Ekans,151
sv03.5-125,Electabuzz,151
sv03.5-101,Electrode,151
sv03.5-159,Energy Sticker,151
sv03.5-160,Erika's Invitation,151
sv03.5-196,Erika's Invitation,151
sv03.5-203,Erika's Invitation,151
sv03.5-102,Exeggcute,151
sv03.5-103,Exeggutor,151
sv03.5-083,Farfetch'd,151
sv03.5-022,Fearow,151
sv03.5-136,Flareon,151
sv03.5-092,Gastly,151
sv03.5-094,Gengar,151
sv03.5-074,Geodude,151
sv03.5-161,Giovanni's Charisma,151
sv03.5-197,Giovanni's Charisma,151
sv03.5-204,Giovanni's Charisma,151
sv03.5-044,Gloom,151
sv03.5-042,Golbat,151
sv03.5-118,Goldeen,151
sv03.5-055,Golduck,151
sv03.5-076,Golem ex,151
sv03.5-189,Golem ex,151
sv03.5-162,Grabber,151
sv03.5-075,Graveler,151
sv03.5-088,Grimer,151
sv03.5-058,Growlithe,151
sv03.5-130,Gyarados,151
sv03.5-093,Haunter,151
sv03.5-107,Hitmonchan,151
sv03.5-106,Hitmonlee,151
sv03.5-116,Horsea,151
sv03.5-097,Hypno,151
sv03.5-002,Ivysaur,151
sv03.5-167,Ivysaur,151
sv03.5-039,Jigglypuff,151
sv03.5-135,Jolteon,151
sv03.5-124,Jynx ex,151
sv03.5-191,Jynx ex,151
sv03.5-140,Kabuto,151
sv03.5-141,Kabutops,151
sv03.5-064,Kadabra,151
sv03.5-014,Kakuna,151
sv03.5-115,Kangaskhan ex,151
sv03.5-190,Kangaskhan ex,151
sv03.5-099,Kingler,151
sv03.5-109,Koffing,151
sv03.5-098,Krabby,151
sv03.5-131,Lapras,151
sv03.5-163,Leftovers,151
sv03.5-108,Lickitung,151
sv03.5-068,Machamp,151
sv03.5-067,Machoke,151
sv03.5-177,Machoke,151
sv03.5-066,Machop,151
sv03.5-129,Magikarp,151
sv03.5-126,Magmar,151
sv03.5-081,Magnemite,151
sv03.5-082,Magneton,151
sv03.5-056,Mankey,151
sv03.5-105,Marowak,151
sv03.5-052,Meowth,151
sv03.5-011,Metapod,151
sv03.5-151,Mew ex,151
sv03.5-193,Mew ex,151
sv03.5-205,Mew ex,151
sv03.5-150,Mewtwo,151
sv03.5-146,Moltres,151
sv03.5-122,Mr. Mime,151
sv03.5-179,Mr. Mime,151
sv03.5-089,Muk,151
sv03.5-034,Nidoking,151
sv03.5-174,Nidoking,151
sv03.5-031,Nidoqueen,151
sv03.5-029,Nidoran♀,151
sv03.5-032,Nidoran♂,151
sv03.5-030,Nidorina,151
sv03.5-033,Nidorino,151
sv03.5-038,Ninetales ex,151
sv03.5-186,Ninetales ex,151
sv03.5-043,Oddish,151
sv03.5-138,Omanyte,151
sv03.5-180,Omanyte,151
sv03.5-139,Omastar,151
sv03.5-095,Onix,151
sv03.5-046,Paras,151
sv03.5-047,Parasect,151
sv03.5-053,Persian,151
sv03.5-018,Pidgeot,151
sv03.5-017,Pidgeotto,151
sv03.5-016,Pidgey,151
sv03.5-025,Pikachu,151
sv03.5-173,Pikachu,151
sv03.5-127,Pinsir,151
sv03.5-060,Poliwag,151
sv03.5-061,Poliwhirl,151
sv03.5-176,Poliwhirl,151
sv03.5-062,Poliwrath,151
sv03.5-077,Ponyta,151
sv03.5-137,Porygon,151
sv03.5-057,Primeape,151
sv03.5-164,Protective Goggles,151
sv03.5-054,Psyduck,151
sv03.5-175,Psyduck,151
sv03.5-026,Raichu,151
sv03.5-078,Rapidash,151
sv03.5-020,Raticate,151
sv03.5-019,Rattata,151
sv03.5-112,Rhydon,151
sv03.5-111,Rhyhorn,151
sv03.5-165,Rigid Band,151
sv03.5-027,Sandshrew,151
sv03.5-028,Sandslash,151
sv03.5-123,Scyther,151
sv03.5-117,Seadra,151
sv03.5-119,Seaking,151
sv03.5-086,Seel,151
sv03.5-090,Shellder,151
sv03.5-080,Slowbro,151
sv03.5-079,Slowpoke,151
sv03.5-143,Snorlax,151
sv03.5-021,Spearow,151
sv03.5-007,Squirtle,151
sv03.5-170,Squirtle,151
sv03.5-121,Starmie,151
sv03.5-120,Staryu,151
sv03.5-206,Switch,151
sv03.5-114,Tangela,151
sv03.5-178,Tangela,151
sv03.5-128,Tauros,151
sv03.5-072,Tentacool,151
sv03.5-073,Tentacruel,151
sv03.5-134,Vaporeon,151
sv03.5-049,Venomoth,151
sv03.5-048,Venonat,151
sv03.5-003,Venusaur ex,151
sv03.5-182,Venusaur ex,151
sv03.5-198,Venusaur ex,151
sv03.5-071,Victreebel,151
sv03.5-045,Vileplume,151
sv03.5-100,Voltorb,151
sv03.5-037,Vulpix,151
sv03.5-008,Wartortle,151
sv03.5-171,Wartortle,151
sv03.5-013,Weedle,151
sv03.5-070,Weepinbell,151
sv03.5-110,Weezing,151
sv03.5-040,Wigglytuff ex,151
sv03.5-187,Wigglytuff ex,151
sv03.5-145,Zapdos ex,151
sv03.5-192,Zapdos ex,151
sv03.5-202,Zapdos ex,151
sv03.5-041,Zubat,151
xy7-75a,Hex Maniac,Ancient Origins
ecard2-150,Nidoking,Aquapolis
ecard2-96,Nidoran♂,Aquapolis
ecard2-130,Pokémon Fan Club,Aquapolis
ecard2-131,Pokémon Park,Aquapolis
pl4-AR1,Arceus,Arceus
pl4-AR2,Arceus,Arceus
pl4-AR3,Arceus,Arceus
pl4-AR4,Arceus,Arceus
pl4-AR5,Arceus,Arceus
pl4-AR6,Arceus,Arceus
pl4-AR7,Arceus,Arceus
pl4-AR8,Arceus,Arceus
pl4-AR9,Arceus,Arceus
pl4-94,Arceus LV. X,Arceus
pl4-95,Arceus LV. X,Arceus
pl4-96,Arceus LV. X,Arceus
pl4-SH10,Bagon,Arceus
pl4-97,Gengar LV. X,Arceus
pl4-SH11,Ponyta,Arceus
pl4-98,Salamence LV. X,Arceus
pl4-SH12,Shinx,Arceus
pl4-99,Tangrowth LV. X,Arceus
swsh10-TG01,Abomasnow,Astral Radiance
swsh10-TG24,Allister,Astral Radiance
swsh10-TG25,Bea,Astral Radiance
swsh10-TG11,Bronzong,Astral Radiance
swsh10-TG07,Falinks,Astral Radiance
swsh10-TG02,Flapple,Astral Radiance
swsh10-TG04,Frosmoth,Astral Radiance
swsh10-TG16,Galarian Articuno V,Astral Radiance
swsh10-TG20,Galarian Moltres V,Astral Radiance
swsh10-TG10,Galarian Obstagoon,Astral Radiance
swsh10-TG19,Galarian Zapdos V,Astral Radiance
swsh10-TG23,Garchomp V,Astral Radiance
swsh10-TG05,Gardevoir,Astral Radiance
swsh10-TG12,Hoothoot,Astral Radiance
swsh10-TG14,Ice Rider Calyrex V,Astral Radiance
swsh10-TG15,Ice Rider Calyrex VMAX,Astral Radiance
swsh10-TG29,Ice Rider Calyrex VMAX,Astral Radiance
swsh10-TG03,Kingdra,Astral Radiance
swsh10-TG08,Kleavor,Astral Radiance
swsh10-TG26,Melony,Astral Radiance
swsh10-TG09,Mightyena,Astral Radiance
swsh10-TG27,Milo,Astral Radiance
swsh10-TG28,Piers,Astral Radiance
swsh10-TG17,Shadow Rider Calyrex V,Astral Radiance
swsh10-TG18,Shadow Rider Calyrex VMAX,Astral Radiance
swsh10-TG30,Shadow Rider Calyrex VMAX,Astral Radiance
swsh10-TG13,Starmie V,Astral Radiance
swsh10-TG06,Wyrdeer,Astral Radiance
swsh10-TG21,Zacian V,Astral Radiance
swsh10-TG22,Zamazenta V,Astral Radiance
base1-73,Impostor Professor Oak,Base Set
base1-8,Machamp,Base Set
base1-55,Nidoran♂,Base Set
base1-87,Pokédex,Base Set
base1-76,Pokémon Breeder,Base Set
base1-85,Pokémon Center,Base Set
base1-86,Pokémon Flute,Base Set
base1-77,Pokémon Trader,Base Set
base4-102,Impostor Professor Oak,Base Set 2
base4-82,Nidoran♀,Base Set 2
base4-83,Nidoran♂,Base Set 2
base4-121,Poké Ball,Base Set 2
base4-115,Pokédex,Base Set 2
base4-105,Pokémon Breeder,Base Set 2
base4-114,Pokémon Center,Base Set 2
base4-106,Pokémon Trader,Base Set 2
bog-9,Rocket’s Hitmonchan,Best of game
bog-8,Rocket’s Mewtwo,Best of game
bog-4,Rocket’s Scizor,Best of game
bog-5,Rocket’s Sneasel,Best of game
sv10.5b-079,Air Balloon,Black Bolt
sv10.5b-024,Alomomola,Black Bolt
sv10.5b-108,Alomomola,Black Bolt
sv10.5b-011,Amoonguss,Black Bolt
sv10.5b-096,Amoonguss,Black Bolt
sv10.5b-080,Antique Cover Fossil,Black Bolt
sv10.5b-074,Audino,Black Bolt
sv10.5b-151,Audino,Black Bolt
sv10.5b-068,Axew,Black Bolt
sv10.5b-145,Axew,Black Bolt
sv10.5b-026,Beartic,Black Bolt
sv10.5b-110,Beartic,Black Bolt
sv10.5b-041,Beheeyem,Black Bolt
sv10.5b-121,Beheeyem,Black Bolt
sv10.5b-065,Bisharp,Black Bolt
sv10.5b-143,Bisharp,Black Bolt
sv10.5b-078,Braviary,Black Bolt
sv10.5b-155,Braviary,Black Bolt
sv10.5b-023,Carracosta,Black Bolt
sv10.5b-107,Carracosta,Black Bolt
sv10.5b-076,Cinccino,Black Bolt
sv10.5b-153,Cinccino,Black Bolt
sv10.5b-066,Cobalion,Black Bolt
sv10.5b-144,Cobalion,Black Bolt
sv10.5b-049,Conkeldurr,Black Bolt
sv10.5b-127,Conkeldurr,Black Bolt
sv10.5b-052,Crustle,Black Bolt
sv10.5b-130,Crustle,Black Bolt
sv10.5b-027,Cryogonal,Black Bolt
sv10.5b-111,Cryogonal,Black Bolt
sv10.5b-025,Cubchoo,Black Bolt
sv10.5b-109,Cubchoo,Black Bolt
sv10.5b-014,Darmanitan,Black Bolt
sv10.5b-098,Darmanitan,Black Bolt
sv10.5b-013,Darumaka,Black Bolt
sv10.5b-097,Darumaka,Black Bolt
sv10.5b-045,Drilbur,Black Bolt
sv10.5b-124,Drilbur,Black Bolt
sv10.5b-038,Duosion,Black Bolt
sv10.5b-119,Duosion,Black Bolt
sv10.5b-051,Dwebble,Black Bolt
sv10.5b-129,Dwebble,Black Bolt
sv10.5b-031,Eelektrik,Black Bolt
sv10.5b-114,Eelektrik,Black Bolt
sv10.5b-032,Eelektross,Black Bolt
sv10.5b-115,Eelektross,Black Bolt
sv10.5b-040,Elgyem,Black Bolt
sv10.5b-120,Elgyem,Black Bolt
sv10.5b-029,Emolga,Black Bolt
sv10.5b-112,Emolga,Black Bolt
sv10.5b-081,Energy Coin,Black Bolt
sv10.5b-060,Escavalier,Black Bolt
sv10.5b-138,Escavalier,Black Bolt
sv10.5b-046,Excadrill ex,Black Bolt
sv10.5b-160,Excadrill ex,Black Bolt
sv10.5b-168,Excadrill ex,Black Bolt
sv10.5b-082,Fennel,Black Bolt
sv10.5b-162,Fennel,Black Bolt
sv10.5b-010,Foongus,Black Bolt
sv10.5b-095,Foongus,Black Bolt
sv10.5b-069,Fraxure,Black Bolt
sv10.5b-146,Fraxure,Black Bolt
sv10.5b-067,Genesect ex,Black Bolt
sv10.5b-161,Genesect ex,Black Bolt
sv10.5b-169,Genesect ex,Black Bolt
sv10.5b-042,Golett,Black Bolt
sv10.5b-122,Golett,Black Bolt
sv10.5b-043,Golurk,Black Bolt
sv10.5b-123,Golurk,Black Bolt
sv10.5b-048,Gurdurr,Black Bolt
sv10.5b-126,Gurdurr,Black Bolt
sv10.5b-070,Haxorus,Black Bolt
sv10.5b-147,Haxorus,Black Bolt
sv10.5b-009,Karrablast,Black Bolt
sv10.5b-094,Karrablast,Black Bolt
sv10.5b-062,Klang,Black Bolt
sv10.5b-140,Klang,Black Bolt
sv10.5b-061,Klink,Black Bolt
sv10.5b-139,Klink,Black Bolt
sv10.5b-063,Klinklang,Black Bolt
sv10.5b-141,Klinklang,Black Bolt
sv10.5b-058,Krokorok,Black Bolt
sv10.5b-136,Krokorok,Black Bolt
sv10.5b-059,Krookodile,Black Bolt
sv10.5b-137,Krookodile,Black Bolt
sv10.5b-028,Kyurem ex,Black Bolt
sv10.5b-157,Kyurem ex,Black Bolt
sv10.5b-165,Kyurem ex,Black Bolt
sv10.5b-053,Landorus,Black Bolt
sv10.5b-131,Landorus,Black Bolt
sv10.5b-015,Larvesta,Black Bolt
sv10.5b-099,Larvesta,Black Bolt
sv10.5b-007,Lilligant,Black Bolt
sv10.5b-092,Lilligant,Black Bolt
sv10.5b-008,Maractus,Black Bolt
sv10.5b-093,Maractus,Black Bolt
sv10.5b-044,Meloetta ex,Black Bolt
sv10.5b-159,Meloetta ex,Black Bolt
sv10.5b-167,Meloetta ex,Black Bolt
sv10.5b-075,Minccino,Black Bolt
sv10.5b-152,Minccino,Black Bolt
sv10.5b-035,Munna,Black Bolt
sv10.5b-116,Munna,Black Bolt
sv10.5b-036,Musharna,Black Bolt
sv10.5b-117,Musharna,Black Bolt
sv10.5b-083,N's Plan,Black Bolt
sv10.5b-163,N's Plan,Black Bolt
sv10.5b-170,N's Plan,Black Bolt
sv10.5b-020,Palpitoad,Black Bolt
sv10.5b-104,Palpitoad,Black Bolt
sv10.5b-017,Panpour,Black Bolt
sv10.5b-101,Panpour,Black Bolt
sv10.5b-004,Pansage,Black Bolt
sv10.5b-089,Pansage,Black Bolt
sv10.5b-064,Pawniard,Black Bolt
sv10.5b-142,Pawniard,Black Bolt
sv10.5b-006,Petilil,Black Bolt
sv10.5b-091,Petilil,Black Bolt
sv10.5b-071,Pidove,Black Bolt
sv10.5b-148,Pidove,Black Bolt
sv10.5b-084,Pokégear 3.0,Black Bolt
sv10.5b-086,Prism Energy,Black Bolt
sv10.5b-085,Professor's Research,Black Bolt
sv10.5b-039,Reuniclus,Black Bolt
sv10.5b-077,Rufflet,Black Bolt
sv10.5b-154,Rufflet,Black Bolt
sv10.5b-057,Sandile,Black Bolt
sv10.5b-135,Sandile,Black Bolt
sv10.5b-056,Scolipede,Black Bolt
sv10.5b-134,Scolipede,Black Bolt
sv10.5b-021,Seismitoad,Black Bolt
sv10.5b-105,Seismitoad,Black Bolt
sv10.5b-003,Serperior ex,Black Bolt
sv10.5b-156,Serperior ex,Black Bolt
sv10.5b-164,Serperior ex,Black Bolt
sv10.5b-002,Servine,Black Bolt
sv10.5b-088,Servine,Black Bolt
sv10.5b-018,Simipour,Black Bolt
sv10.5b-102,Simipour,Black Bolt
sv10.5b-005,Simisage,Black Bolt
sv10.5b-090,Simisage,Black Bolt
sv10.5b-001,Snivy,Black Bolt
sv10.5b-087,Snivy,Black Bolt
sv10.5b-037,Solosis,Black Bolt
sv10.5b-118,Solosis,Black Bolt
sv10.5b-050,Throh,Black Bolt
sv10.5b-128,Throh,Black Bolt
sv10.5b-033,Thundurus,Black Bolt
sv10.5b-047,Timburr,Black Bolt
sv10.5b-125,Timburr,Black Bolt
sv10.5b-022,Tirtouga,Black Bolt
sv10.5b-106,Tirtouga,Black Bolt
sv10.5b-072,Tranquill,Black Bolt
sv10.5b-149,Tranquill,Black Bolt
sv10.5b-019,Tympole,Black Bolt
sv10.5b-103,Tympole,Black Bolt
sv10.5b-030,Tynamo,Black Bolt
sv10.5b-113,Tynamo,Black Bolt
sv10.5b-073,Unfezant,Black Bolt
sv10.5b-150,Unfezant,Black Bolt
sv10.5b-054,Venipede,Black Bolt
sv10.5b-132,Venipede,Black Bolt
sv10.5b-012,Victini,Black Bolt
sv10.5b-171,Victini,Black Bolt
sv10.5b-016,Volcarona,Black Bolt
sv10.5b-100,Volcarona,Black Bolt
sv10.5b-055,Whirlipede,Black Bolt
sv10.5b-133,Whirlipede,Black Bolt
sv10.5b-034,Zekrom ex,Black Bolt
sv10.5b-158,Zekrom ex,Black Bolt
sv10.5b-166,Zekrom ex,Black Bolt
sv10.5b-172,Zekrom ex,Black Bolt
bw1-97,Poké Ball,Black & White
bw1-98,Pokédex,Black & White
bw1-99,Pokémon Communication,Black & White
bw7-101,Black Kyurem-EX,Boundaries Crossed
bw7-145,Black Kyurem-EX,Boundaries Crossed
bw7-141,Celebi-EX,Boundaries Crossed
bw7-9,Celebi-EX,Boundaries Crossed
bw7-143,Cresselia-EX,Boundaries Crossed
bw7-67,Cresselia-EX,Boundaries Crossed
bw7-107,Farfetch’d,Boundaries Crossed
bw7-142,Keldeo-EX,Boundaries Crossed
bw7-49,Keldeo-EX,Boundaries Crossed
bw7-144,Landorus-EX,Boundaries Crossed
bw7-89,Landorus-EX,Boundaries Crossed
bw7-131,Poké Ball,Boundaries Crossed
bw7-103,White Kyurem-EX,Boundaries Crossed
bw7-146,White Kyurem-EX,Boundaries Crossed
xy9-98a,Delinquent,BREAKpoint
xy9-98b,Delinquent,BREAKpoint
xy9-105,Pokémon Catcher,BREAKpoint
xy9-107a,Professor Sycamore,BREAKpoint
xy8-101,Flabébé,BREAKthrough
xy8-146a,Professor's Letter,BREAKthrough
swsh9-TG24,Acerola's Premonition,Brilliant Stars
swsh9-TG08,Alcremie,Brilliant Stars
swsh9-TG09,Ariados,Brilliant Stars
swsh9-TG13,Boltund V,Brilliant Stars
swsh9-133,Café Master,Brilliant Stars
swsh9-TG25,Café Master,Brilliant Stars
swsh9-TG07,Dedenne,Brilliant Stars
swsh9-TG06,Dusknoir,Brilliant Stars
swsh9-TG11,Eevee,Brilliant Stars
swsh9-TG01,Flareon,Brilliant Stars
swsh9-TG26,Gloria,Brilliant Stars
swsh9-TG10,Houndoom,Brilliant Stars
swsh9-TG04,Jolteon,Brilliant Stars
swsh9-TG16,Mimikyu V,Brilliant Stars
swsh9-TG17,Mimikyu VMAX,Brilliant Stars
swsh9-TG03,Octillery,Brilliant Stars
swsh9-TG12,Oranguru,Brilliant Stars
swsh9-TG27,Rapid Strike Style Mustard,Brilliant Stars
swsh9-TG20,Rapid Strike Urshifu V,Brilliant Stars
swsh9-TG21,Rapid Strike Urshifu VMAX,Brilliant Stars
swsh9-TG30,Rapid Strike Urshifu VMAX,Brilliant Stars
swsh9-TG28,Single Strike Style Mustard,Brilliant Stars
swsh9-TG18,Single Strike Urshifu V,Brilliant Stars
swsh9-TG19,Single Strike Urshifu VMAX,Brilliant Stars
swsh9-TG29,Single Strike Urshifu VMAX,Brilliant Stars
swsh9-TG14,Sylveon V,Brilliant Stars
swsh9-TG15,Sylveon VMAX,Brilliant Stars
swsh9-TG22,Umbreon V,Brilliant Stars
swsh9-TG23,Umbreon VMAX,Brilliant Stars
swsh9-TG02,Vaporeon,Brilliant Stars
swsh9-TG05,Zekrom,Brilliant Stars
sm3-122,Rotom Dex—Poké Finder Mode,Burning Shadows
bwp-BW48,Altaria,BW Black Star Promos
bwp-BW67,Ampharos,BW Black Star Promos
bwp-BW10,Axew,BW Black Star Promos
bwp-BW16,Axew,BW Black Star Promos
bwp-BW26,Axew,BW Black Star Promos
bwp-BW39,Battle City,BW Black Star Promos
bwp-BW58,Black Kyurem,BW Black Star Promos
bwp-BW62,Black Kyurem-EX,BW Black Star Promos
bwp-BW95,Champions Festival,BW Black Star Promos
bwp-BW72,Cobalion,BW Black Star Promos
bwp-BW51,Crobat,BW Black Star Promos
bwp-BW73,Darkrai,BW Black Star Promos
bwp-BW46,Darkrai-EX,BW Black Star Promos
bwp-BW18,Darumaka,BW Black Star Promos
bwp-BW82,Deoxys-EX,BW Black Star Promos
bwp-BW64,Drifblim,BW Black Star Promos
bwp-BW80,Druddigon,BW Black Star Promos
bwp-BW17,Ducklett,BW Black Star Promos
bwp-BW94,Eevee,BW Black Star Promos
bwp-BW97,Eevee,BW Black Star Promos
bwp-BW76,Electrode,BW Black Star Promos
bwp-BW55,Elgyem,BW Black Star Promos
bwp-BW21,Emboar,BW Black Star Promos
bwp-BW56,Empoleon,BW Black Star Promos
bwp-BW92,Espeon,BW Black Star Promos
bwp-BW88,Flareon,BW Black Star Promos
bwp-BW53,Flygon,BW Black Star Promos
bwp-BW101,Genesect,BW Black Star Promos
bwp-BW86,Genesect,BW Black Star Promos
bwp-BW99,Genesect,BW Black Star Promos
bwp-BW74,Giratina,BW Black Star Promos
bwp-BW90,Glaceon,BW Black Star Promos
bwp-BW57,Haxorus,BW Black Star Promos
bwp-BW65,Jigglypuff,BW Black Star Promos
bwp-BW91,Jolteon,BW Black Star Promos
bwp-BW60,Keldeo,BW Black Star Promos
bwp-BW61,Keldeo-EX,BW Black Star Promos
bwp-BW44,Kyurem,BW Black Star Promos
bwp-BW37,Kyurem-EX,BW Black Star Promos
bwp-BW43,Landorus,BW Black Star Promos
bwp-BW79,Landorus,BW Black Star Promos
bwp-BW87,Leafeon,BW Black Star Promos
bwp-BW49,Lilligant,BW Black Star Promos
bwp-BW52,Lillipup,BW Black Star Promos
bwp-BW27,Litwick,BW Black Star Promos
bwp-BW85,Lucario,BW Black Star Promos
bwp-BW83,Lugia-EX,BW Black Star Promos
bwp-BW34,Luxio,BW Black Star Promos
bwp-BW68,Meloetta,BW Black Star Promos
bwp-BW69,Meloetta,BW Black Star Promos
bwp-BW35,Meowth,BW Black Star Promos
bwp-BW75,Metagross,BW Black Star Promos
bwp-BW98,Mew,BW Black Star Promos
bwp-BW45,Mewtwo-EX,BW Black Star Promos
bwp-BW13,Minccino,BW Black Star Promos
bwp-BW100,N,BW Black Star Promos
bwp-BW66,Ninetales,BW Black Star Promos
bwp-BW03,Oshawott,BW Black Star Promos
bwp-BW08,Oshawott,BW Black Star Promos
bwp-BW11,Pansage,BW Black Star Promos
bwp-BW14,Pansage,BW Black Star Promos
bwp-BW15,Pidove,BW Black Star Promos
bwp-BW54,Pikachu,BW Black Star Promos
bwp-BW77,Pikachu,BW Black Star Promos
bwp-BW84,Porygon-Z,BW Black Star Promos
bwp-BW78,Raichu,BW Black Star Promos
bwp-BW47,Rayquaza-EX,BW Black Star Promos
bwp-BW04,Reshiram,BW Black Star Promos
bwp-BW23,Reshiram,BW Black Star Promos
bwp-BW36,Reshiram-EX,BW Black Star Promos
bwp-BW33,Riolu,BW Black Star Promos
bwp-BW22,Samurott,BW Black Star Promos
bwp-BW25,Scraggy,BW Black Star Promos
bwp-BW20,Serperior,BW Black Star Promos
bwp-BW01,Snivy,BW Black Star Promos
bwp-BW06,Snivy,BW Black Star Promos
bwp-BW02,Tepig,BW Black Star Promos
bwp-BW07,Tepig,BW Black Star Promos
bwp-BW71,Terrakion,BW Black Star Promos
bwp-BW41,Thundurus,BW Black Star Promos
bwp-BW81,Thundurus-EX,BW Black Star Promos
bwp-BW42,Tornadus,BW Black Star Promos
bwp-BW96,Tornadus-EX,BW Black Star Promos
bwp-BW28,Tropical Beach,BW Black Star Promos
bwp-BW50,Tropical Beach,BW Black Star Promos
bwp-BW93,Umbreon,BW Black Star Promos
bwp-BW89,Vaporeon,BW Black Star Promos
bwp-BW32,Victini,BW Black Star Promos
bwp-BW29,Victory Cup,BW Black Star Promos
bwp-BW30,Victory Cup,BW Black Star Promos
bwp-BW31,Victory Cup,BW Black Star Promos
bwp-BW70,Virizion,BW Black Star Promos
bwp-BW40,Volcarona,BW Black Star Promos
bwp-BW59,White Kyurem,BW Black Star Promos
bwp-BW63,White Kyurem-EX,BW Black Star Promos
bwp-BW05,Zekrom,BW Black Star Promos
bwp-BW24,Zekrom,BW Black Star Promos
bwp-BW38,Zekrom-EX,BW Black Star Promos
bwp-BW09,Zoroark,BW Black Star Promos
bwp-BW19,Zoroark,BW Black Star Promos
bwp-BW12,Zorua,BW Black Star Promos
tk-bw-e-12,Audino,BW trainer Kit (Excadrill)
tk-bw-e-18,Audino,BW trainer Kit (Excadrill)
tk-bw-e-13,Drilbur,BW trainer Kit (Excadrill)
tk-bw-e-25,Drilbur,BW trainer Kit (Excadrill)
tk-bw-e-21,Energy Search,BW trainer Kit (Excadrill)
tk-bw-e-4,Energy Switch,BW trainer Kit (Excadrill)
tk-bw-e-17,Excadrill,BW trainer Kit (Excadrill)
tk-bw-e-30,Excadrill,BW trainer Kit (Excadrill)
tk-bw-e-10,Fighting Energy,BW trainer Kit (Excadrill)
tk-bw-e-2,Fighting Energy,BW trainer Kit (Excadrill)
tk-bw-e-20,Fighting Energy,BW trainer Kit (Excadrill)
tk-bw-e-22,Fighting Energy,BW trainer Kit (Excadrill)
tk-bw-e-26,Fighting Energy,BW trainer Kit (Excadrill)
tk-bw-e-28,Fighting Energy,BW trainer Kit (Excadrill)
tk-bw-e-3,Fighting Energy,BW trainer Kit (Excadrill)
tk-bw-e-5,Fighting Energy,BW trainer Kit (Excadrill)
tk-bw-e-6,Fighting Energy,BW trainer Kit (Excadrill)
tk-bw-e-7,Fighting Energy,BW trainer Kit (Excadrill)
tk-bw-e-8,Fighting Energy,BW trainer Kit (Excadrill)
tk-bw-e-9,Fighting Energy,BW trainer Kit (Excadrill)
tk-bw-e-14,Gurdurr,BW trainer Kit (Excadrill)
tk-bw-e-19,Herdier,BW trainer Kit (Excadrill)
tk-bw-e-1,Lillipup,BW trainer Kit (Excadrill)
tk-bw-e-27,Lillipup,BW trainer Kit (Excadrill)
tk-bw-e-16,PlusPower,BW trainer Kit (Excadrill)
tk-bw-e-24,Pokémon Communication,BW trainer Kit (Excadrill)
tk-bw-e-15,Potion,BW trainer Kit (Excadrill)
tk-bw-e-23,Potion,BW trainer Kit (Excadrill)
tk-bw-e-11,Timburr,BW trainer Kit (Excadrill)
tk-bw-e-29,Timburr,BW trainer Kit (Excadrill)
tk-bw-z-10,Darkness Energy,BW trainer Kit (Zoroark)
tk-bw-z-20,Darkness Energy,BW trainer Kit (Zoroark)
tk-bw-z-22,Darkness Energy,BW trainer Kit (Zoroark)
tk-bw-z-24,Darkness Energy,BW trainer Kit (Zoroark)
tk-bw-z-26,Darkness Energy,BW trainer Kit (Zoroark)
tk-bw-z-28,Darkness Energy,BW trainer Kit (Zoroark)
tk-bw-z-3,Darkness Energy,BW trainer Kit (Zoroark)
tk-bw-z-5,Darkness Energy,BW trainer Kit (Zoroark)
tk-bw-z-6,Darkness Energy,BW trainer Kit (Zoroark)
tk-bw-z-7,Darkness Energy,BW trainer Kit (Zoroark)
tk-bw-z-8,Darkness Energy,BW trainer Kit (Zoroark)
tk-bw-z-9,Darkness Energy,BW trainer Kit (Zoroark)
tk-bw-z-16,Energy Retrieval,BW trainer Kit (Zoroark)
tk-bw-z-27,Energy Search,BW trainer Kit (Zoroark)
tk-bw-z-19,Minccino,BW trainer Kit (Zoroark)
tk-bw-z-4,Minccino,BW trainer Kit (Zoroark)
tk-bw-z-12,Patrat,BW trainer Kit (Zoroark)
tk-bw-z-29,Patrat,BW trainer Kit (Zoroark)
tk-bw-z-14,Pidove,BW trainer Kit (Zoroark)
tk-bw-z-21,Pidove,BW trainer Kit (Zoroark)
tk-bw-z-11,PlusPower,BW trainer Kit (Zoroark)
tk-bw-z-18,Pokémon Communication,BW trainer Kit (Zoroark)
tk-bw-z-1,Purrloin,BW trainer Kit (Zoroark)
tk-bw-z-25,Purrloin,BW trainer Kit (Zoroark)
tk-bw-z-15,Tranquill,BW trainer Kit (Zoroark)
tk-bw-z-2,Watchog,BW trainer Kit (Zoroark)
tk-bw-z-17,Zoroark,BW trainer Kit (Zoroark)
tk-bw-z-30,Zoroark,BW trainer Kit (Zoroark)
tk-bw-z-13,Zorua,BW trainer Kit (Zoroark)
tk-bw-z-23,Zorua,BW trainer Kit (Zoroark)
col1-SL1,Deoxys,Call of Legends
col1-SL2,Dialga,Call of Legends
col1-SL3,Entei,Call of Legends
col1-SL4,Groudon,Call of Legends
col1-SL5,Ho-Oh,Call of Legends
col1-SL6,Kyogre,Call of Legends
col1-SL7,Lugia,Call of Legends
col1-SL8,Palkia,Call of Legends
col1-SL9,Raikou,Call of Legends
col1-SL10,Rayquaza,Call of Legends
col1-SL11,Suicune,Call of Legends
cel25-2A,Blastoise,Celebrations
cel25-4A,Charizard,Celebrations
cel25-15A4,Claydol,Celebrations
cel25-20A,Cleffa,Celebrations
cel25-8A,Dark Gyarados,Celebrations
cel25-107A,Donphan,Celebrations
cel25-145A,Garchomp C LV.X,Celebrations
cel25-93A,Gardevoir ex,Celebrations
cel25-15A2,Here Comes Team Rocket!,Celebrations
cel25-73A,Imposter Professor Oak,Celebrations
cel25-109A,Luxray GL LV.X,Celebrations
cel25-88A,Mew ex,Celebrations
cel25-54A,Mewtwo EX,Celebrations
cel25-76A,M Rayquaza EX,Celebrations
cel25-23,Professor's Research (Professor Oak),Celebrations
cel25-24,Professor's Research (Professor Oak),Celebrations
cel25-113A,Reshiram,Celebrations
cel25-86A,Rocket's Admin.,Celebrations
cel25-15A3,Rocket's Zapdos,Celebrations
cel25-66A,Shining Magikarp,Celebrations
cel25-24A,_____'s Pikachu,Celebrations
cel25-60A,Tapu Lele GX,Celebrations
cel25-9A,Team Magma's Groudon,Celebrations
cel25-17A,Umbreon Star,Celebrations
cel25-15A,Venusaur,Celebrations
cel25-15A1,Venusaur,Celebrations
cel25-97A,Xerneas EX,Celebrations
cel25-114A,Zekrom,Celebrations
A3-112,Absol,Celestial Guardians
A3-148,Acerola,Celestial Guardians
A3-190,Acerola,Celestial Guardians
A3-117,Alolan Diglett,Celestial Guardians
A3-118,Alolan Dugtrio,Celestial Guardians
A3-002,Alolan Exeggutor,Celestial Guardians
A3-156,Alolan Exeggutor,Celestial Guardians
A3-059,Alolan Geodude,Celestial Guardians
A3-061,Alolan Golem,Celestial Guardians
A3-060,Alolan Graveler,Celestial Guardians
A3-110,Alolan Grimer,Celestial Guardians
A3-027,Alolan Marowak,Celestial Guardians
A3-160,Alolan Marowak,Celestial Guardians
A3-108,Alolan Meowth,Celestial Guardians
A3-111,Alolan Muk ex,Celestial Guardians
A3-188,Alolan Muk ex,Celestial Guardians
A3-206,Alolan Muk ex,Celestial Guardians
A3-041,Alolan Ninetales,Celestial Guardians
A3-109,Alolan Persian,Celestial Guardians
A3-058,Alolan Raichu ex,Celestial Guardians
A3-185,Alolan Raichu ex,Celestial Guardians
A3-203,Alolan Raichu ex,Celestial Guardians
A3-107,Alolan Raticate,Celestial Guardians
A3-106,Alolan Rattata,Celestial Guardians
A3-038,Alolan Sandshrew,Celestial Guardians
A3-039,Alolan Sandslash,Celestial Guardians
A3-040,Alolan Vulpix,Celestial Guardians
A3-162,Alolan Vulpix,Celestial Guardians
A3-053,Araquanid,Celestial Guardians
A3-026,Arcanine,Celestial Guardians
A3-075,Banette,Celestial Guardians
A3-139,Bewear,Celestial Guardians
A3-178,Bewear,Celestial Guardians
A3-142,Big Malasada,Celestial Guardians
A3-217,Blastoise,Celestial Guardians
A3-232,Blastoise ex,Celestial Guardians
A3-018,Bounsweet,Celestial Guardians
A3-047,Brionne,Celestial Guardians
A3-055,Bruxish,Celestial Guardians
A3-210,Bulbasaur,Celestial Guardians
A3-064,Charjabug,Celestial Guardians
A3-043,Cloyster,Celestial Guardians
A3-080,Comfey,Celestial Guardians
A3-168,Comfey,Celestial Guardians
A3-096,Conkeldurr,Celestial Guardians
A3-086,Cosmoem,Celestial Guardians
A3-085,Cosmog,Celestial Guardians
A3-171,Cosmog,Celestial Guardians
A3-049,Crabominable ex,Celestial Guardians
A3-183,Crabominable ex,Celestial Guardians
A3-201,Crabominable ex,Celestial Guardians
A3-097,Crabrawler,Celestial Guardians
A3-089,Cubone,Celestial Guardians
A3-226,Cubone,Celestial Guardians
A3-078,Cutiefly,Celestial Guardians
A3-167,Cutiefly,Celestial Guardians
A3-011,Dartrix,Celestial Guardians
A3-012,Decidueye ex,Celestial Guardians
A3-180,Decidueye ex,Celestial Guardians
A3-198,Decidueye ex,Celestial Guardians
A3-130,Delcatty,Celestial Guardians
A3-052,Dewpider,Celestial Guardians
A3-023,Dhelmise ex,Celestial Guardians
A3-181,Dhelmise ex,Celestial Guardians
A3-199,Dhelmise ex,Celestial Guardians
A3-124,Drampa,Celestial Guardians
A3-176,Drampa,Celestial Guardians
A3-093,Drilbur,Celestial Guardians
A3-120,Escavalier,Celestial Guardians
A3-119,Excadrill,Celestial Guardians
A3-001,Exeggcute,Celestial Guardians
A3-213,Exeggcute,Celestial Guardians
A3-214,Exeggutor,Celestial Guardians
A3-231,Exeggutor ex,Celestial Guardians
A3-143,Fishing Net,Celestial Guardians
A3-028,Fletchinder,Celestial Guardians
A3-131,Fletchling,Celestial Guardians
A3-014,Fomantis,Celestial Guardians
A3-114,Garbodor,Celestial Guardians
A3-220,Gastly,Celestial Guardians
A3-222,Gengar,Celestial Guardians
A3-234,Gengar ex,Celestial Guardians
A3-022,Golisopod,Celestial Guardians
A3-025,Growlithe,Celestial Guardians
A3-013,Grubbin,Celestial Guardians
A3-072,Grumpig,Celestial Guardians
A3-137,Gumshoos,Celestial Guardians
A3-095,Gurdurr,Celestial Guardians
A3-151,Guzma,Celestial Guardians
A3-193,Guzma,Celestial Guardians
A3-208,Guzma,Celestial Guardians
A3-126,Hakamo-o,Celestial Guardians
A3-091,Hariyama,Celestial Guardians
A3-221,Haunter,Celestial Guardians
A3-132,Hawlucha,Celestial Guardians
A3-063,Heliolisk,Celestial Guardians
A3-062,Helioptile,Celestial Guardians
A3-149,Ilima,Celestial Guardians
A3-191,Ilima,Celestial Guardians
A3-033,Incineroar ex,Celestial Guardians
A3-182,Incineroar ex,Celestial Guardians
A3-200,Incineroar ex,Celestial Guardians
A3-211,Ivysaur,Celestial Guardians
A3-125,Jangmo-o,Celestial Guardians
A3-228,Jigglypuff,Celestial Guardians
A3-006,Karrablast,Celestial Guardians
A3-150,Kiawe,Celestial Guardians
A3-192,Kiawe,Celestial Guardians
A3-121,Klefki,Celestial Guardians
A3-141,Komala,Celestial Guardians
A3-179,Komala,Celestial Guardians
A3-127,Kommo-o,Celestial Guardians
A3-152,Lana,Celestial Guardians
A3-194,Lana,Celestial Guardians
A3-044,Lapras,Celestial Guardians
A3-147,Leaf Cape,Celestial Guardians
A3-155,Lillie,Celestial Guardians
A3-197,Lillie,Celestial Guardians
A3-209,Lillie,Celestial Guardians
A3-030,Litten,Celestial Guardians
A3-031,Litten,Celestial Guardians
A3-087,Lunala ex,Celestial Guardians
A3-186,Lunala ex,Celestial Guardians
A3-204,Lunala ex,Celestial Guardians
A3-238,Lunala ex,Celestial Guardians
A3-073,Lunatone,Celestial Guardians
A3-015,Lurantis,Celestial Guardians
A3-100,Lycanroc,Celestial Guardians
A3-101,Lycanroc,Celestial Guardians
A3-225,Machamp,Celestial Guardians
A3-235,Machamp ex,Celestial Guardians
A3-224,Machoke,Celestial Guardians
A3-223,Machop,Celestial Guardians
A3-123,Magearna,Celestial Guardians
A3-175,Magearna,Celestial Guardians
A3-090,Makuhita,Celestial Guardians
A3-154,Mallow,Celestial Guardians
A3-196,Mallow,Celestial Guardians
A3-005,Maractus,Celestial Guardians
A3-115,Mareanie,Celestial Guardians
A3-227,Marowak,Celestial Guardians
A3-236,Marowak ex,Celestial Guardians
A3-004,Masquerain,Celestial Guardians
A3-083,Mimikyu,Celestial Guardians
A3-105,Minior,Celestial Guardians
A3-174,Minior,Celestial Guardians
A3-016,Morelull,Celestial Guardians
A3-157,Morelull,Celestial Guardians
A3-069,Mr. Mime,Celestial Guardians
A3-102,Mudbray,Celestial Guardians
A3-103,Mudsdale,Celestial Guardians
A3-173,Mudsdale,Celestial Guardians
A3-088,Necrozma,Celestial Guardians
A3-140,Oranguru,Celestial Guardians
A3-034,Oricorio,Celestial Guardians
A3-066,Oricorio,Celestial Guardians
A3-076,Oricorio,Celestial Guardians
A3-077,Oricorio,Celestial Guardians
A3-165,Oricorio,Celestial Guardians
A3-082,Palossand,Celestial Guardians
A3-104,Passimian ex,Celestial Guardians
A3-187,Passimian ex,Celestial Guardians
A3-205,Passimian ex,Celestial Guardians
A3-007,Phantump,Celestial Guardians
A3-057,Pikachu,Celestial Guardians
A3-133,Pikipek,Celestial Guardians
A3-177,Pikipek,Celestial Guardians
A3-146,Poison Barb,Celestial Guardians
A3-045,Popplio,Celestial Guardians
A3-046,Popplio,Celestial Guardians
A3-048,Primarina,Celestial Guardians
A3-054,Pyukumuku,Celestial Guardians
A3-163,Pyukumuku,Celestial Guardians
A3-144,Rare Candy,Celestial Guardians
A3-079,Ribombee,Celestial Guardians
A3-098,Rockruff,Celestial Guardians
A3-099,Rockruff,Celestial Guardians
A3-172,Rockruff,Celestial Guardians
A3-145,Rotom Dex,Celestial Guardians
A3-009,Rowlet,Celestial Guardians
A3-010,Rowlet,Celestial Guardians
A3-070,Sableye,Celestial Guardians
A3-035,Salandit,Celestial Guardians
A3-036,Salazzle,Celestial Guardians
A3-081,Sandygast,Celestial Guardians
A3-169,Sandygast,Celestial Guardians
A3-042,Shellder,Celestial Guardians
A3-017,Shiinotic,Celestial Guardians
A3-074,Shuppet,Celestial Guardians
A3-129,Skitty,Celestial Guardians
A3-122,Solgaleo ex,Celestial Guardians
A3-189,Solgaleo ex,Celestial Guardians
A3-207,Solgaleo ex,Celestial Guardians
A3-239,Solgaleo ex,Celestial Guardians
A3-092,Solrock,Celestial Guardians
A3-153,Sophocles,Celestial Guardians
A3-195,Sophocles,Celestial Guardians
A3-071,Spoink,Celestial Guardians
A3-215,Squirtle,Celestial Guardians
A3-219,Starmie,Celestial Guardians
A3-233,Starmie ex,Celestial Guardians
A3-218,Staryu,Celestial Guardians
A3-019,Steenee,Celestial Guardians
A3-138,Stufful,Celestial Guardians
A3-003,Surskit,Celestial Guardians
A3-029,Talonflame,Celestial Guardians
A3-024,Tapu Bulu,Celestial Guardians
A3-159,Tapu Bulu,Celestial Guardians
A3-056,Tapu Fini,Celestial Guardians
A3-164,Tapu Fini,Celestial Guardians
A3-068,Tapu Koko,Celestial Guardians
A3-166,Tapu Koko,Celestial Guardians
A3-084,Tapu Lele,Celestial Guardians
A3-170,Tapu Lele,Celestial Guardians
A3-128,Tauros,Celestial Guardians
A3-094,Timburr,Celestial Guardians
A3-067,Togedemaru,Celestial Guardians
A3-032,Torracat,Celestial Guardians
A3-135,Toucannon,Celestial Guardians
A3-116,Toxapex,Celestial Guardians
A3-008,Trevenant,Celestial Guardians
A3-113,Trubbish,Celestial Guardians
A3-134,Trumbeak,Celestial Guardians
A3-020,Tsareena,Celestial Guardians
A3-158,Tsareena,Celestial Guardians
A3-037,Turtonator,Celestial Guardians
A3-161,Turtonator,Celestial Guardians
A3-212,Venusaur,Celestial Guardians
A3-230,Venusaur ex,Celestial Guardians
A3-065,Vikavolt,Celestial Guardians
A3-216,Wartortle,Celestial Guardians
A3-229,Wigglytuff,Celestial Guardians
A3-237,Wigglytuff ex,Celestial Guardians
A3-021,Wimpod,Celestial Guardians
A3-050,Wishiwashi,Celestial Guardians
A3-051,Wishiwashi ex,Celestial Guardians
A3-184,Wishiwashi ex,Celestial Guardians
A3-202,Wishiwashi ex,Celestial Guardians
A3-136,Yungoos,Celestial Guardians
sm7-126,Bill’s Maintenance,Celestial Storm
sm7-162,Bill’s Maintenance,Celestial Storm
sm7-97,Jirachi ◇,Celestial Storm
sm7-107,Latias ◇,Celestial Storm
sm7-108,Latios ◇,Celestial Storm
sm7-140,PokéNav,Celestial Storm
sm7-181,PokéNav,Celestial Storm
sm7-145,Steven’s Resolve,Celestial Storm
sm7-165,Steven’s Resolve,Celestial Storm
swsh3.5-59,Poké Ball,Champion's Path
swsh3.5-60,Pokémon Center Lady,Champion's Path
swsh3.5-62,Professor's Research (Professor Magnolia),Champion's Path
sm12-149,Flabébé,Cosmic Eclipse
sm12-150,Flabébé,Cosmic Eclipse
sm12-195,Lana’s Fishing Rod,Cosmic Eclipse
sm12-266,Lana’s Fishing Rod,Cosmic Eclipse
sm12-196,Lillie’s Full Force,Cosmic Eclipse
sm12-230,Lillie’s Full Force,Cosmic Eclipse
sm12-197,Lillie’s Poké Doll,Cosmic Eclipse
sm12-267,Lillie’s Poké Doll,Cosmic Eclipse
sm12-200,N’s Resolve,Cosmic Eclipse
sm12-232,N’s Resolve,Cosmic Eclipse
sm12-201,Professor Oak’s Setup,Cosmic Eclipse
sm12-233,Professor Oak’s Setup,Cosmic Eclipse
B1a-102,Aegislash,Crimson Blaze
B1a-006,Ariados,Crimson Blaze
B1a-070,Ariados,Crimson Blaze
B1a-036,Aromatisse,Crimson Blaze
B1a-021,Basculin,Crimson Blaze
B1a-019,Blastoise,Crimson Blaze
B1a-064,Bouffalant,Crimson Blaze
B1a-001,Bulbasaur,Crimson Blaze
B1a-062,Buneary,Crimson Blaze
B1a-075,Buneary,Crimson Blaze
B1a-009,Burmy,Crimson Blaze
B1a-098,Buzzwole ex,Crimson Blaze
B1a-013,Charizard,Crimson Blaze
B1a-091,Charizard,Crimson Blaze
B1a-011,Charmander,Crimson Blaze
B1a-012,Charmeleon,Crimson Blaze
B1a-022,Clauncher,Crimson Blaze
B1a-023,Clawitzer,Crimson Blaze
B1a-068,Clemont,Crimson Blaze
B1a-081,Clemont,Crimson Blaze
B1a-066,Clemont's Backpack,Crimson Blaze
B1a-093,Cloyster,Crimson Blaze
B1a-055,Ditto,Crimson Blaze
B1a-033,Duosion,Crimson Blaze
B1a-027,Emolga,Crimson Blaze
B1a-065,Furfrou,Crimson Blaze
B1a-050,Garbodor,Crimson Blaze
B1a-054,Genesect,Crimson Blaze
B1a-089,Gloom,Crimson Blaze
B1a-045,Grimer,Crimson Blaze
B1a-100,Guzzlord ex,Crimson Blaze
B1a-040,Hariyama,Crimson Blaze
B1a-029,Heliolisk,Crimson Blaze
B1a-028,Helioptile,Crimson Blaze
B1a-016,Houndoom,Crimson Blaze
B1a-015,Houndour,Crimson Blaze
B1a-002,Ivysaur,Crimson Blaze
B1a-048,Liepard,Crimson Blaze
B1a-063,Lopunny,Crimson Blaze
B1a-099,Lunala ex,Crimson Blaze
B1a-024,Magnemite,Crimson Blaze
B1a-025,Magneton,Crimson Blaze
B1a-026,Magnezone,Crimson Blaze
B1a-039,Makuhita,Crimson Blaze
B1a-020,Mega Blastoise ex,Crimson Blaze
B1a-078,Mega Blastoise ex,Crimson Blaze
B1a-084,Mega Blastoise ex,Crimson Blaze
B1a-014,Mega Charizard Y ex,Crimson Blaze
B1a-077,Mega Charizard Y ex,Crimson Blaze
B1a-087,Mega Charizard Y ex,Crimson Blaze
B1a-042,Mega Lopunny ex,Crimson Blaze
B1a-079,Mega Lopunny ex,Crimson Blaze
B1a-085,Mega Lopunny ex,Crimson Blaze
B1a-052,Mega Steelix ex,Crimson Blaze
B1a-080,Mega Steelix ex,Crimson Blaze
B1a-086,Mega Steelix ex,Crimson Blaze
B1a-004,Mega Venusaur ex,Crimson Blaze
B1a-076,Mega Venusaur ex,Crimson Blaze
B1a-083,Mega Venusaur ex,Crimson Blaze
B1a-043,Mienfoo,Crimson Blaze
B1a-044,Mienshao,Crimson Blaze
B1a-030,Misdreavus,Crimson Blaze
B1a-031,Mismagius,Crimson Blaze
B1a-010,Mothim,Crimson Blaze
B1a-046,Muk,Crimson Blaze
B1a-041,Nosepass,Crimson Blaze
B1a-088,Oddish,Crimson Blaze
B1a-038,Onix,Crimson Blaze
B1a-056,Porygon,Crimson Blaze
B1a-057,Porygon2,Crimson Blaze
B1a-058,Porygon-Z,Crimson Blaze
B1a-053,Probopass,Crimson Blaze
B1a-047,Purrloin,Crimson Blaze
B1a-067,Quick-Grow Extract,Crimson Blaze
B1a-103,Quick-Grow Extract,Crimson Blaze
B1a-034,Reuniclus,Crimson Blaze
B1a-072,Reuniclus,Crimson Blaze
B1a-094,Sandshrew,Crimson Blaze
B1a-095,Sandslash,Crimson Blaze
B1a-069,Serena,Crimson Blaze
B1a-082,Serena,Crimson Blaze
B1a-092,Shellder,Crimson Blaze
B1a-097,Silvally,Crimson Blaze
B1a-101,Solgaleo ex,Crimson Blaze
B1a-032,Solosis,Crimson Blaze
B1a-005,Spinarak,Crimson Blaze
B1a-035,Spritzee,Crimson Blaze
B1a-017,Squirtle,Crimson Blaze
B1a-061,Staraptor,Crimson Blaze
B1a-060,Staravia,Crimson Blaze
B1a-059,Starly,Crimson Blaze
B1a-051,Steelix,Crimson Blaze
B1a-008,Sunflora,Crimson Blaze
B1a-071,Sunflora,Crimson Blaze
B1a-007,Sunkern,Crimson Blaze
B1a-049,Trubbish,Crimson Blaze
B1a-074,Trubbish,Crimson Blaze
B1a-096,Type: Null,Crimson Blaze
B1a-003,Venusaur,Crimson Blaze
B1a-090,Vileplume,Crimson Blaze
B1a-018,Wartortle,Crimson Blaze
B1a-037,Xerneas,Crimson Blaze
B1a-073,Xerneas,Crimson Blaze
sm4-63a,Guzzlord-GX,Crimson Invasion
swsh12.5-GG16,Absol,Crown Zenith
swsh12.5-GG57,Adaman,Crown Zenith
swsh12.5-GG19,Altaria,Crown Zenith
swsh12.5-GG70,Arceus VSTAR,Crown Zenith
swsh12.5-GG25,Bibarel,Crown Zenith
swsh12.5-GG29,Bidoof,Crown Zenith
swsh12.5-GG58,Cheren's Care,Crown Zenith
swsh12.5-GG59,Colress's Experiment,Crown Zenith
swsh12.5-GG14,Comfey,Crown Zenith
swsh12.5-GG60,Cynthia's Ambition,Crown Zenith
swsh12.5-GG50,Darkrai VSTAR,Crown Zenith
swsh12.5-GG12,Deoxys,Crown Zenith
swsh12.5-GG45,Deoxys VMAX,Crown Zenith
swsh12.5-GG46,Deoxys VSTAR,Crown Zenith
swsh12.5-GG13,Diancie,Crown Zenith
swsh12.5-GG22,Ditto,Crown Zenith
swsh12.5-GG49,Drapion V,Crown Zenith
swsh12.5-GG23,Dunsparce,Crown Zenith
swsh12.5-GG28,Duskull,Crown Zenith
swsh12.5-GG08,Electivire,Crown Zenith
swsh12.5-GG36,Entei V,Crown Zenith
swsh12.5-GG61,Gardenia's Vigor,Crown Zenith
swsh12.5-GG69,Giratina VSTAR,Crown Zenith
swsh12.5-GG40,Glaceon VSTAR,Crown Zenith
swsh12.5-GG62,Grant,Crown Zenith
swsh12.5-GG47,Hatterene VMAX,Crown Zenith
swsh12.5-GG21,Hisuian Goodra,Crown Zenith
swsh12.5-GG51,Hisuian Samurott V,Crown Zenith
swsh12.5-GG52,Hisuian Samurott VSTAR,Crown Zenith
swsh12.5-GG01,Hisuian Voltorb,Crown Zenith
swsh12.5-GG56,Hisuian Zoroark VSTAR,Crown Zenith
swsh12.5-GG53,Hoopa V,Crown Zenith
swsh12.5-GG63,Irida,Crown Zenith
swsh12.5-GG07,Keldeo,Crown Zenith
swsh12.5-GG02,Kricketune,Crown Zenith
swsh12.5-GG05,Lapras,Crown Zenith
swsh12.5-GG20,Latias,Crown Zenith
swsh12.5-GG35,Leafeon VSTAR,Crown Zenith
swsh12.5-GG39,Lumineon V,Crown Zenith
swsh12.5-GG11,Lunatone,Crown Zenith
swsh12.5-GG03,Magmortar,Crown Zenith
swsh12.5-GG18,Magnezone,Crown Zenith
swsh12.5-GG06,Manaphy,Crown Zenith
swsh12.5-GG34,Mareep,Crown Zenith
swsh12.5-GG64,Melony,Crown Zenith
swsh12.5-GG10,Mew,Crown Zenith
swsh12.5-GG44,Mewtwo VSTAR,Crown Zenith
swsh12.5-GG24,Miltank,Crown Zenith
swsh12.5-GG04,Oricorio,Crown Zenith
swsh12.5-GG68,Origin Forme Dialga VSTAR,Crown Zenith
swsh12.5-GG67,Origin Forme Palkia VSTAR,Crown Zenith
swsh12.5-GG32,Paras,Crown Zenith
swsh12.5-GG30,Pikachu,Crown Zenith
swsh12.5-137,Poké Ball,Crown Zenith
swsh12.5-138,Pokémon Catcher,Crown Zenith
swsh12.5-GG33,Poochyena,Crown Zenith
swsh12.5-GG65,Raihan,Crown Zenith
swsh12.5-GG41,Raikou V,Crown Zenith
swsh12.5-GG55,Regigigas VSTAR,Crown Zenith
swsh12.5-GG26,Riolu,Crown Zenith
swsh12.5-GG66,Roxanne,Crown Zenith
swsh12.5-GG37,Simisear VSTAR,Crown Zenith
swsh12.5-GG15,Solrock,Crown Zenith
swsh12.5-GG38,Suicune V,Crown Zenith
swsh12.5-GG27,Swablu,Crown Zenith
swsh12.5-GG17,Thievul,Crown Zenith
swsh12.5-GG09,Toxtricity,Crown Zenith
swsh12.5-GG31,Turtwig,Crown Zenith
swsh12.5-GG48,Zacian V,Crown Zenith
swsh12.5-GG54,Zamazenta V,Crown Zenith
swsh12.5-GG42,Zeraora VMAX,Crown Zenith
swsh12.5-GG43,Zeraora VSTAR,Crown Zenith
ex14-2,Blastoise δ,Crystal Guardians
ex14-15,Cacturne δ,Crystal Guardians
ex14-4,Charizard δ,Crystal Guardians
ex14-49,Charmander δ,Crystal Guardians
ex14-30,Charmeleon δ,Crystal Guardians
ex14-18,Fearow δ,Crystal Guardians
ex14-19,Grovyle δ,Crystal Guardians
ex14-22,Kingler δ,Crystal Guardians
ex14-6,Ludicolo δ,Crystal Guardians
ex14-26,Pelipper δ,Crystal Guardians
ex14-82,Poké Ball,Crystal Guardians
ex14-83,PokéNav,Crystal Guardians
ex14-96,Sceptile ex δ,Crystal Guardians
ex14-68,Treecko δ,Crystal Guardians
bw5-107,Darkrai-EX,Dark Explorers
bw5-63,Darkrai-EX,Dark Explorers
bw5-103,Entei-EX,Dark Explorers
bw5-13,Entei-EX,Dark Explorers
bw5-106,Groudon-EX,Dark Explorers
bw5-54,Groudon-EX,Dark Explorers
bw5-104,Kyogre-EX,Dark Explorers
bw5-26,Kyogre-EX,Dark Explorers
bw5-111,Pokémon Catcher,Dark Explorers
bw5-105,Raikou-EX,Dark Explorers
bw5-38,Raikou-EX,Dark Explorers
bw5-108,Tornadus-EX,Dark Explorers
bw5-90,Tornadus-EX,Dark Explorers
swsh3-174,Heat Fire Energy,Darkness Ablaze
swsh3-175,Hiding Darkness Energy,Darkness Ablaze
swsh3-166,Pokémon Breeder's Nurturing,Darkness Ablaze
swsh3-188,Pokémon Breeder's Nurturing,Darkness Ablaze
swsh3-195,Pokémon Breeder's Nurturing,Darkness Ablaze
swsh3-176,Powerful Colorless Energy,Darkness Ablaze
ex11-19,Azumarill δ,Delta Species
ex11-57,Bagon δ,Delta Species
ex11-58,Bagon δ,Delta Species
ex11-1,Beedrill δ,Delta Species
ex11-59,Beldum δ,Delta Species
ex11-2,Crobat δ,Delta Species
ex11-41,Dragonair δ,Delta Species
ex11-42,Dragonair δ,Delta Species
ex11-3,Dragonite δ,Delta Species
ex11-65,Dratini δ,Delta Species
ex11-66,Dratini δ,Delta Species
ex11-68,Eevee δ,Delta Species
ex11-4,Espeon δ,Delta Species
ex11-5,Flareon δ,Delta Species
ex11-6,Gardevoir δ,Delta Species
ex11-7,Jolteon δ,Delta Species
ex11-73,Larvitar δ,Delta Species
ex11-8,Latias δ,Delta Species
ex11-9,Latios δ,Delta Species
ex11-10,Marowak δ,Delta Species
ex11-11,Metagross δ,Delta Species
ex11-49,Metang δ,Delta Species
ex11-12,Mewtwo δ,Delta Species
ex11-24,Mightyena δ,Delta Species
ex11-51,Pupitar δ,Delta Species
ex11-13,Rayquaza δ,Delta Species
ex11-14,Salamence δ,Delta Species
ex11-27,Sandslash δ,Delta Species
ex11-53,Shelgon δ,Delta Species
ex11-54,Shelgon δ,Delta Species
ex11-15,Starmie δ,Delta Species
ex11-30,Starmie δ,Delta Species
ex11-16,Tyranitar δ,Delta Species
ex11-17,Umbreon δ,Delta Species
ex11-18,Vaporeon δ,Delta Species
ex8-107,Rayquaza Star,Deoxys
sv10-060,Abomasnow,Destined Rivals
sv10-092,Annihilape,Destined Rivals
sv10-016,Applin,Destined Rivals
sv10-023,Arboliva ex,Destined Rivals
sv10-207,Arboliva ex,Destined Rivals
sv10-028,Arcanine,Destined Rivals
sv10-062,Arrokuda,Destined Rivals
sv10-159,Arven's Greedent,Destined Rivals
sv10-205,Arven's Greedent,Destined Rivals
sv10-139,Arven's Mabosstiff ex,Destined Rivals
sv10-218,Arven's Mabosstiff ex,Destined Rivals
sv10-235,Arven's Mabosstiff ex,Destined Rivals
sv10-138,Arven's Maschiff,Destined Rivals
sv10-161,Arven's Sandwich,Destined Rivals
sv10-158,Arven's Skwovet,Destined Rivals
sv10-109,Arven's Toedscool,Destined Rivals
sv10-110,Arven's Toedscruel,Destined Rivals
sv10-063,Barraskewda,Destined Rivals
sv10-042,Blaziken,Destined Rivals
sv10-192,Blaziken,Destined Rivals
sv10-006,Breloom,Destined Rivals
sv10-057,Buizel,Destined Rivals
sv10-065,Cetitan ex,Destined Rivals
sv10-210,Cetitan ex,Destined Rivals
sv10-064,Cetoddle,Destined Rivals
sv10-054,Clamperl,Destined Rivals
sv10-195,Clamperl,Destined Rivals
sv10-041,Combusken,Destined Rivals
sv10-111,Cornerstone Mask Ogerpon,Destined Rivals
sv10-012,Crustle,Destined Rivals
sv10-186,Crustle,Destined Rivals
sv10-052,Cynthia's Feebas,Destined Rivals
sv10-103,Cynthia's Gabite,Destined Rivals
sv10-104,Cynthia's Garchomp ex,Destined Rivals
sv10-215,Cynthia's Garchomp ex,Destined Rivals
sv10-232,Cynthia's Garchomp ex,Destined Rivals
sv10-241,Cynthia's Garchomp ex,Destined Rivals
sv10-102,Cynthia's Gible,Destined Rivals
sv10-053,Cynthia's Milotic,Destined Rivals
sv10-162,Cynthia's Power Weight,Destined Rivals
sv10-007,Cynthia's Roselia,Destined Rivals
sv10-008,Cynthia's Roserade,Destined Rivals
sv10-184,Cynthia's Roserade,Destined Rivals
sv10-129,Cynthia's Spiritomb,Destined Rivals
sv10-017,Dipplin,Destined Rivals
sv10-022,Dolliv,Destined Rivals
sv10-066,Dondozo ex,Destined Rivals
sv10-211,Dondozo ex,Destined Rivals
sv10-011,Dwebble,Destined Rivals
sv10-068,Electabuzz,Destined Rivals
sv10-069,Electivire ex,Destined Rivals
sv10-212,Electivire ex,Destined Rivals
sv10-075,Electrike,Destined Rivals
sv10-196,Electrike,Destined Rivals
sv10-163,Emcee's Hype,Destined Rivals
sv10-220,Emcee's Hype,Destined Rivals
sv10-164,Energy Recycler,Destined Rivals
sv10-165,Ethan's Adventure,Destined Rivals
sv10-221,Ethan's Adventure,Destined Rivals
sv10-236,Ethan's Adventure,Destined Rivals
sv10-032,Ethan's Cyndaquil,Destined Rivals
sv10-039,Ethan's Ho-Oh ex,Destined Rivals
sv10-209,Ethan's Ho-Oh ex,Destined Rivals
sv10-230,Ethan's Ho-Oh ex,Destined Rivals
sv10-239,Ethan's Ho-Oh ex,Destined Rivals
sv10-036,Ethan's Magcargo,Destined Rivals
sv10-071,Ethan's Pichu,Destined Rivals
sv10-001,Ethan's Pinsir,Destined Rivals
sv10-033,Ethan's Quilava,Destined Rivals
sv10-035,Ethan's Slugma,Destined Rivals
sv10-093,Ethan's Sudowoodo,Destined Rivals
sv10-034,Ethan's Typhlosion,Destined Rivals
sv10-190,Ethan's Typhlosion,Destined Rivals
sv10-058,Floatzel,Destined Rivals
sv10-013,Fomantis,Destined Rivals
sv10-140,Forretress,Destined Rivals
sv10-056,Gorebyss,Destined Rivals
sv10-166,Granite Cave,Destined Rivals
sv10-027,Growlithe,Destined Rivals
sv10-044,Hearthflame Mask Ogerpon,Destined Rivals
sv10-043,Heat Rotom,Destined Rivals
sv10-105,Hippopotas,Destined Rivals
sv10-106,Hippowdon,Destined Rivals
sv10-055,Huntail,Destined Rivals
sv10-018,Hydrapple,Destined Rivals
sv10-188,Hydrapple,Destined Rivals
sv10-243,Jamming Tower,Destined Rivals
sv10-167,Judge,Destined Rivals
sv10-222,Judge,Destined Rivals
sv10-151,Kangaskhan,Destined Rivals
sv10-204,Kangaskhan,Destined Rivals
sv10-244,Levincia,Destined Rivals
sv10-014,Lurantis,Destined Rivals
sv10-076,Manectric,Destined Rivals
sv10-090,Mankey,Destined Rivals
sv10-136,Marnie's Grimmsnarl ex,Destined Rivals
sv10-134,Marnie's Impidimp,Destined Rivals
sv10-131,Marnie's Liepard,Destined Rivals
sv10-135,Marnie's Morgrem,Destined Rivals
sv10-137,Marnie's Morpeko,Destined Rivals
sv10-130,Marnie's Purrloin,Destined Rivals
sv10-133,Marnie's Scrafty,Destined Rivals
sv10-132,Marnie's Scraggy,Destined Rivals
sv10-100,Medicham,Destined Rivals
sv10-099,Meditite,Destined Rivals
sv10-049,Misty's Gyarados,Destined Rivals
sv10-050,Misty's Lapras,Destined Rivals
sv10-194,Misty's Lapras,Destined Rivals
sv10-048,Misty's Magikarp,Destined Rivals
sv10-045,Misty's Psyduck,Destined Rivals
sv10-193,Misty's Psyduck,Destined Rivals
sv10-047,Misty's Starmie,Destined Rivals
sv10-046,Misty's Staryu,Destined Rivals
sv10-009,Mow Rotom,Destined Rivals
sv10-107,Mudbray,Destined Rivals
sv10-108,Mudsdale,Destined Rivals
sv10-097,Nosepass,Destined Rivals
sv10-004,Pineco,Destined Rivals
sv10-029,Ponyta,Destined Rivals
sv10-091,Primeape,Destined Rivals
sv10-098,Probopass,Destined Rivals
sv10-025,Rabsca ex,Destined Rivals
sv10-030,Rapidash,Destined Rivals
sv10-189,Rapidash,Destined Rivals
sv10-101,Regirock ex,Destined Rivals
sv10-214,Regirock ex,Destined Rivals
sv10-024,Rellor,Destined Rivals
sv10-077,Rotom,Destined Rivals
sv10-197,Rotom,Destined Rivals
sv10-168,Sacred Ash,Destined Rivals
sv10-010,Shaymin,Destined Rivals
sv10-185,Shaymin,Destined Rivals
sv10-005,Shroomish,Destined Rivals
sv10-141,Skarmory,Destined Rivals
sv10-021,Smoliv,Destined Rivals
sv10-059,Snover,Destined Rivals
sv10-169,Spikemuth Gym,Destined Rivals
sv10-160,Squawkabilly,Destined Rivals
sv10-083,Steven's Baltoy,Destined Rivals
sv10-143,Steven's Beldum,Destined Rivals
sv10-086,Steven's Carbink,Destined Rivals
sv10-084,Steven's Claydol,Destined Rivals
sv10-145,Steven's Metagross ex,Destined Rivals
sv10-144,Steven's Metang,Destined Rivals
sv10-142,Steven's Skarmory,Destined Rivals
sv10-157,Swellow,Destined Rivals
sv10-156,Taillow,Destined Rivals
sv10-152,Tauros,Destined Rivals
sv10-026,Teal Mask Ogerpon,Destined Rivals
sv10-074,Team Rocket's Ampharos,Destined Rivals
sv10-113,Team Rocket's Arbok,Destined Rivals
sv10-170,Team Rocket's Archer,Destined Rivals
sv10-223,Team Rocket's Archer,Destined Rivals
sv10-171,Team Rocket's Ariana,Destined Rivals
sv10-224,Team Rocket's Ariana,Destined Rivals
sv10-237,Team Rocket's Ariana,Destined Rivals
sv10-051,Team Rocket's Articuno,Destined Rivals
sv10-015,Team Rocket's Blipbug,Destined Rivals
sv10-172,Team Rocket's Bother-Bot,Destined Rivals
sv10-085,Team Rocket's Chingling,Destined Rivals
sv10-122,Team Rocket's Crobat ex,Destined Rivals
sv10-217,Team Rocket's Crobat ex,Destined Rivals
sv10-234,Team Rocket's Crobat ex,Destined Rivals
sv10-242,Team Rocket's Crobat ex,Destined Rivals
sv10-088,Team Rocket's Dottler,Destined Rivals
sv10-079,Team Rocket's Drowzee,Destined Rivals
sv10-112,Team Rocket's Ekans,Destined Rivals
sv10-182,Team Rocket's Energy,Destined Rivals
sv10-173,Team Rocket's Factory,Destined Rivals
sv10-073,Team Rocket's Flaaffy,Destined Rivals
sv10-174,Team Rocket's Giovanni,Destined Rivals
sv10-225,Team Rocket's Giovanni,Destined Rivals
sv10-238,Team Rocket's Giovanni,Destined Rivals
sv10-121,Team Rocket's Golbat,Destined Rivals
sv10-175,Team Rocket's Great Ball,Destined Rivals
sv10-123,Team Rocket's Grimer,Destined Rivals
sv10-038,Team Rocket's Houndoom,Destined Rivals
sv10-191,Team Rocket's Houndoom,Destined Rivals
sv10-037,Team Rocket's Houndour,Destined Rivals
sv10-080,Team Rocket's Hypno,Destined Rivals
sv10-125,Team Rocket's Koffing,Destined Rivals
sv10-094,Team Rocket's Larvitar,Destined Rivals
sv10-072,Team Rocket's Mareep,Destined Rivals
sv10-149,Team Rocket's Meowth,Destined Rivals
sv10-203,Team Rocket's Meowth,Destined Rivals
sv10-081,Team Rocket's Mewtwo ex,Destined Rivals
sv10-213,Team Rocket's Mewtwo ex,Destined Rivals
sv10-231,Team Rocket's Mewtwo ex,Destined Rivals
sv10-240,Team Rocket's Mewtwo ex,Destined Rivals
sv10-087,Team Rocket's Mimikyu,Destined Rivals
sv10-031,Team Rocket's Moltres ex,Destined Rivals
sv10-208,Team Rocket's Moltres ex,Destined Rivals
sv10-229,Team Rocket's Moltres ex,Destined Rivals
sv10-124,Team Rocket's Muk,Destined Rivals
sv10-127,Team Rocket's Murkrow,Destined Rivals
sv10-200,Team Rocket's Murkrow,Destined Rivals
sv10-119,Team Rocket's Nidoking ex,Destined Rivals
sv10-216,Team Rocket's Nidoking ex,Destined Rivals
sv10-233,Team Rocket's Nidoking ex,Destined Rivals
sv10-116,Team Rocket's Nidoqueen,Destined Rivals
sv10-114,Team Rocket's Nidoran♀,Destined Rivals
sv10-117,Team Rocket's Nidoran♂,Destined Rivals
sv10-115,Team Rocket's Nidorina,Destined Rivals
sv10-118,Team Rocket's Nidorino,Destined Rivals
sv10-089,Team Rocket's Orbeetle,Destined Rivals
sv10-198,Team Rocket's Orbeetle,Destined Rivals
sv10-150,Team Rocket's Persian ex,Destined Rivals
sv10-219,Team Rocket's Persian ex,Destined Rivals
sv10-176,Team Rocket's Petrel,Destined Rivals
sv10-226,Team Rocket's Petrel,Destined Rivals
sv10-153,Team Rocket's Porygon,Destined Rivals
sv10-154,Team Rocket's Porygon2,Destined Rivals
sv10-155,Team Rocket's Porygon-Z,Destined Rivals
sv10-177,Team Rocket's Proton,Destined Rivals
sv10-227,Team Rocket's Proton,Destined Rivals
sv10-095,Team Rocket's Pupitar,Destined Rivals
sv10-148,Team Rocket's Raticate,Destined Rivals
sv10-202,Team Rocket's Raticate,Destined Rivals
sv10-147,Team Rocket's Rattata,Destined Rivals
sv10-128,Team Rocket's Sneasel,Destined Rivals
sv10-020,Team Rocket's Spidops,Destined Rivals
sv10-187,Team Rocket's Spidops,Destined Rivals
sv10-019,Team Rocket's Tarountula,Destined Rivals
sv10-178,Team Rocket's Transceiver,Destined Rivals
sv10-096,Team Rocket's Tyranitar,Destined Rivals
sv10-179,Team Rocket's Venture Bomb,Destined Rivals
sv10-180,Team Rocket's Watchtower,Destined Rivals
sv10-126,Team Rocket's Weezing,Destined Rivals
sv10-199,Team Rocket's Weezing,Destined Rivals
sv10-082,Team Rocket's Wobbuffet,Destined Rivals
sv10-070,Team Rocket's Zapdos,Destined Rivals
sv10-120,Team Rocket's Zubat,Destined Rivals
sv10-181,TM Machine,Destined Rivals
sv10-040,Torchic,Destined Rivals
sv10-061,Wash Rotom,Destined Rivals
sv10-067,Wellspring Mask Ogerpon,Destined Rivals
sv10-002,Yanma,Destined Rivals
sv10-183,Yanma,Destined Rivals
sv10-003,Yanmega ex,Destined Rivals
sv10-206,Yanmega ex,Destined Rivals
sv10-228,Yanmega ex,Destined Rivals
sv10-146,Zamazenta,Destined Rivals
sv10-201,Zamazenta,Destined Rivals
sv10-078,Zeraora,Destined Rivals
dp1-108,Night Pokémon Center,Diamond & Pearl
dp1-110,Poké Ball,Diamond & Pearl
dp1-111,Pokédex HANDY910is,Diamond & Pearl
dp1-65,Unown A,Diamond & Pearl
dp1-66,Unown B,Diamond & Pearl
dp1-67,Unown C,Diamond & Pearl
dp1-68,Unown D,Diamond & Pearl
dpp-DP50,Arceus,DP Black Star Promos
dpp-DP53,Arceus,DP Black Star Promos
dpp-DP56,Arceus,DP Black Star Promos
dpp-DP54,Beginning Door,DP Black Star Promos
dpp-DP13,Buizel,DP Black Star Promos
dpp-DP06,Buneary,DP Black Star Promos
dpp-DP42,Carnivine G,DP Black Star Promos
dpp-DP45,Charizard G,DP Black Star Promos
dpp-DP14,Chatot,DP Black Star Promos
dpp-DP02,Chimchar,DP Black Star Promos
dpp-DP07,Cranidos,DP Black Star Promos
dpp-DP51,Cresselia,DP Black Star Promos
dpp-DP19,Darkrai,DP Black Star Promos
dpp-DP24,Darkrai,DP Black Star Promos
dpp-DP52,Darkrai,DP Black Star Promos
dpp-DP17,Dialga,DP Black Star Promos
dpp-DP26,Dialga,DP Black Star Promos
dpp-DP37,Dialga,DP Black Star Promos
dpp-DP49,Dialga,DP Black Star Promos
dpp-DP34,Drifblim,DP Black Star Promos
dpp-DP33,Dusknoir,DP Black Star Promos
dpp-DP11,Empoleon,DP Black Star Promos
dpp-DP46,Garchomp C,DP Black Star Promos
dpp-DP38,Giratina,DP Black Star Promos
dpp-DP23,Glameow,DP Black Star Promos
dpp-DP36,Gliscor,DP Black Star Promos
dpp-DP31,Heatran,DP Black Star Promos
dpp-DP10,Infernape,DP Black Star Promos
dpp-DP12,Lucario,DP Black Star Promos
dpp-DP20,Magmortar,DP Black Star Promos
dpp-DP32,Magnezone,DP Black Star Promos
dpp-DP44,Magnezone,DP Black Star Promos
dpp-DP28,Mewtwo,DP Black Star Promos
dpp-DP22,Mime Jr.,DP Black Star Promos
dpp-DP04,Pachirisu,DP Black Star Promos
dpp-DP18,Palkia,DP Black Star Promos
dpp-DP27,Palkia,DP Black Star Promos
dpp-DP16,Pikachu,DP Black Star Promos
dpp-DP03,Piplup,DP Black Star Promos
dpp-DP35,Porygon-Z,DP Black Star Promos
dpp-DP43,Probopass G,DP Black Star Promos
dpp-DP21,Raichu,DP Black Star Promos
dpp-DP47,Rayquaza C,DP Black Star Promos
dpp-DP30,Regigigas,DP Black Star Promos
dpp-DP40,Regigigas,DP Black Star Promos
dpp-DP29,Rhyperior,DP Black Star Promos
dpp-DP39,Shaymin,DP Black Star Promos
dpp-DP08,Shieldon,DP Black Star Promos
dpp-DP15,Shinx,DP Black Star Promos
dpp-DP09,Torterra,DP Black Star Promos
dpp-DP41,Toxicroak G,DP Black Star Promos
dpp-DP05,Tropical Wind,DP Black Star Promos
dpp-DP25,Tropical Wind,DP Black Star Promos
dpp-DP48,Tropical Wind,DP Black Star Promos
dpp-DP01,Turtwig,DP Black Star Promos
dpp-DP55,Ultimate Zone,DP Black Star Promos
tk-dp-l-8,Energy Search,DP trainer Kit (Lucario)
tk-dp-l-11,Fighting Energy,DP trainer Kit (Lucario)
tk-dp-l-1,Geodude,DP trainer Kit (Lucario)
tk-dp-l-2,Graveler,DP trainer Kit (Lucario)
tk-dp-l-3,Lucario,DP trainer Kit (Lucario)
tk-dp-l-4,Machoke,DP trainer Kit (Lucario)
tk-dp-l-5,Machop,DP trainer Kit (Lucario)
tk-dp-l-9,Potion,DP trainer Kit (Lucario)
tk-dp-l-10,Quick Ball,DP trainer Kit (Lucario)
tk-dp-l-6,Riolu,DP trainer Kit (Lucario)
tk-dp-l-7,Starly,DP trainer Kit (Lucario)
tk-dp-m-1,Buizel,DP trainer Kit (Manaphy)
tk-dp-m-9,Dusk Ball,DP trainer Kit (Manaphy)
tk-dp-m-10,Energy Search,DP trainer Kit (Manaphy)
tk-dp-m-2,Floatzel,DP trainer Kit (Manaphy)
tk-dp-m-3,Goldeen,DP trainer Kit (Manaphy)
tk-dp-m-4,Manaphy,DP trainer Kit (Manaphy)
tk-dp-m-5,Piplup,DP trainer Kit (Manaphy)
tk-dp-m-11,Potion,DP trainer Kit (Manaphy)
tk-dp-m-6,Prinplup,DP trainer Kit (Manaphy)
tk-dp-m-7,Seaking,DP trainer Kit (Manaphy)
tk-dp-m-8,Totodile,DP trainer Kit (Manaphy)
tk-dp-m-12,Water Energy,DP trainer Kit (Manaphy)
ex15-90,Altaria ex δ,Dragon Frontiers
ex15-1,Ampharos δ,Dragon Frontiers
ex15-13,Arbok δ,Dragon Frontiers
ex15-43,Bagon δ,Dragon Frontiers
ex15-26,Bayleef δ,Dragon Frontiers
ex15-100,Charizard Star δ,Dragon Frontiers
ex15-44,Chikorita δ,Dragon Frontiers
ex15-14,Cloyster δ,Dragon Frontiers
ex15-27,Croconaw δ,Dragon Frontiers
ex15-45,Cyndaquil δ,Dragon Frontiers
ex15-15,Dewgong δ,Dragon Frontiers
ex15-28,Dragonair δ,Dragon Frontiers
ex15-91,Dragonite ex δ,Dragon Frontiers
ex15-46,Dratini δ,Dragon Frontiers
ex15-47,Ekans δ,Dragon Frontiers
ex15-29,Electabuzz δ,Dragon Frontiers
ex15-48,Elekid δ,Dragon Frontiers
ex15-49,Feebas δ,Dragon Frontiers
ex15-2,Feraligatr δ,Dragon Frontiers
ex15-30,Flaaffy δ,Dragon Frontiers
ex15-92,Flygon ex δ,Dragon Frontiers
ex15-93,Gardevoir ex δ,Dragon Frontiers
ex15-16,Gligar δ,Dragon Frontiers
ex15-3,Heracross δ,Dragon Frontiers
ex15-31,Horsea δ,Dragon Frontiers
ex15-50,Horsea δ,Dragon Frontiers
ex15-17,Jynx δ,Dragon Frontiers
ex15-94,Kingdra ex δ,Dragon Frontiers
ex15-33,Kirlia δ,Dragon Frontiers
ex15-52,Larvitar δ,Dragon Frontiers
ex15-95,Latias ex δ,Dragon Frontiers
ex15-96,Latios ex δ,Dragon Frontiers
ex15-18,Ledian δ,Dragon Frontiers
ex15-53,Ledyba δ,Dragon Frontiers
ex15-19,Lickitung δ,Dragon Frontiers
ex15-20,Mantine δ,Dragon Frontiers
ex15-54,Mareep δ,Dragon Frontiers
ex15-4,Meganium δ,Dragon Frontiers
ex15-101,Mew Star δ,Dragon Frontiers
ex15-5,Milotic δ,Dragon Frontiers
ex15-55,Natu δ,Dragon Frontiers
ex15-6,Nidoking δ,Dragon Frontiers
ex15-7,Nidoqueen δ,Dragon Frontiers
ex15-56,Nidoran♀ δ,Dragon Frontiers
ex15-57,Nidoran♂ δ,Dragon Frontiers
ex15-34,Nidorina δ,Dragon Frontiers
ex15-35,Nidorino δ,Dragon Frontiers
ex15-8,Ninetales δ,Dragon Frontiers
ex15-9,Pinsir δ,Dragon Frontiers
ex15-59,Pupitar δ,Dragon Frontiers
ex15-21,Quagsire δ,Dragon Frontiers
ex15-36,Quilava δ,Dragon Frontiers
ex15-61,Ralts δ,Dragon Frontiers
ex15-97,Rayquaza ex δ,Dragon Frontiers
ex15-98,Salamence ex δ,Dragon Frontiers
ex15-22,Seadra δ,Dragon Frontiers
ex15-37,Seadra δ,Dragon Frontiers
ex15-62,Seel δ,Dragon Frontiers
ex15-38,Shelgon δ,Dragon Frontiers
ex15-63,Shellder δ,Dragon Frontiers
ex15-39,Smeargle δ,Dragon Frontiers
ex15-64,Smoochum δ,Dragon Frontiers
ex15-10,Snorlax δ,Dragon Frontiers
ex15-65,Swablu δ,Dragon Frontiers
ex15-40,Swellow δ,Dragon Frontiers
ex15-66,Taillow δ,Dragon Frontiers
ex15-41,Togepi δ,Dragon Frontiers
ex15-11,Togetic δ,Dragon Frontiers
ex15-67,Totodile δ,Dragon Frontiers
ex15-68,Trapinch δ,Dragon Frontiers
ex15-69,Trapinch δ,Dragon Frontiers
ex15-23,Tropius δ,Dragon Frontiers
ex15-12,Typhlosion δ,Dragon Frontiers
ex15-99,Tyranitar ex δ,Dragon Frontiers
ex15-24,Vibrava δ,Dragon Frontiers
ex15-42,Vibrava δ,Dragon Frontiers
ex15-70,Vulpix δ,Dragon Frontiers
ex15-71,Wooper δ,Dragon Frontiers
ex15-25,Xatu δ,Dragon Frontiers
ex15-88,δ Rainbow Energy,Dragon Frontiers
sm7.5-58,Blaine’s Last Stand,Dragon Majesty
sm7.5-69,Blaine’s Last Stand,Dragon Majesty
sm7.5-61,Lance ◇,Dragon Majesty
sm7.5-7,Victini ◇,Dragon Majesty
bw6-117,Blend Energy Grass Fire Psychic Darkness,Dragons Exalted
bw6-118,Blend Energy Water Lightning Fighting Metal,Dragons Exalted
bw6-124,Giratina-EX,Dragons Exalted
bw6-92,Giratina-EX,Dragons Exalted
bw6-119,Ho-Oh-EX,Dragons Exalted
bw6-22,Ho-Oh-EX,Dragons Exalted
bw6-120,Mew-EX,Dragons Exalted
bw6-46,Mew-EX,Dragons Exalted
bw6-123,Rayquaza-EX,Dragons Exalted
bw6-85,Rayquaza-EX,Dragons Exalted
bw6-122,Registeel-EX,Dragons Exalted
bw6-81,Registeel-EX,Dragons Exalted
bw6-121,Terrakion-EX,Dragons Exalted
bw6-71,Terrakion-EX,Dragons Exalted
A3b-058,Aipom,Eevee Grove
A3b-037,Alcremie,Eevee Grove
A3b-021,Alomomola,Eevee Grove
A3b-059,Ambipom,Eevee Grove
A3b-007,Appletun,Eevee Grove
A3b-006,Applin,Eevee Grove
A3b-101,Arbok,Eevee Grove
A3b-104,Articuno ex,Eevee Grove
A3b-061,Audino,Eevee Grove
A3b-038,Barboach,Eevee Grove
A3b-003,Bounsweet,Eevee Grove
A3b-023,Brionne,Eevee Grove
A3b-042,Carbink,Eevee Grove
A3b-060,Chatot,Eevee Grove
A3b-063,Cinccino,Eevee Grove
A3b-052,Dragonair,Eevee Grove
A3b-053,Dragonite ex,Eevee Grove
A3b-082,Dragonite ex,Eevee Grove
A3b-090,Dragonite ex,Eevee Grove
A3b-054,Drampa,Eevee Grove
A3b-051,Dratini,Eevee Grove
A3b-055,Eevee,Eevee Grove
A3b-078,Eevee,Eevee Grove
A3b-066,Eevee Bag,Eevee Grove
A3b-107,Eevee Bag,Eevee Grove
A3b-056,Eevee ex,Eevee Grove
A3b-083,Eevee ex,Eevee Grove
A3b-092,Eevee ex,Eevee Grove
A3b-100,Ekans,Eevee Grove
A3b-096,Electrode,Eevee Grove
A3b-028,Espeon,Eevee Grove
A3b-075,Espeon,Eevee Grove
A3b-102,Farfetch'd,Eevee Grove
A3b-008,Flareon,Eevee Grove
A3b-071,Flareon,Eevee Grove
A3b-009,Flareon ex,Eevee Grove
A3b-079,Flareon ex,Eevee Grove
A3b-087,Flareon ex,Eevee Grove
A3b-106,Gallade ex,Eevee Grove
A3b-027,Galvantula,Eevee Grove
A3b-099,Gardevoir,Eevee Grove
A3b-017,Glaceon,Eevee Grove
A3b-073,Glaceon,Eevee Grove
A3b-065,Greedent,Eevee Grove
A3b-068,Hau,Eevee Grove
A3b-085,Hau,Eevee Grove
A3b-013,Incineroar,Eevee Grove
A3b-025,Jolteon,Eevee Grove
A3b-074,Jolteon,Eevee Grove
A3b-026,Joltik,Eevee Grove
A3b-098,Kirlia,Eevee Grove
A3b-094,Lapras,Eevee Grove
A3b-002,Leafeon,Eevee Grove
A3b-070,Leafeon,Eevee Grove
A3b-067,Leftovers,Eevee Grove
A3b-046,Liepard,Eevee Grove
A3b-011,Litten,Eevee Grove
A3b-047,Mawile,Eevee Grove
A3b-050,Melmetal,Eevee Grove
A3b-049,Meltan,Eevee Grove
A3b-040,Mienfoo,Eevee Grove
A3b-041,Mienshao,Eevee Grove
A3b-036,Milcery,Eevee Grove
A3b-035,Mimikyu,Eevee Grove
A3b-062,Minccino,Eevee Grove
A3b-103,Moltres ex,Eevee Grove
A3b-069,Penny,Eevee Grove
A3b-086,Penny,Eevee Grove
A3b-093,Pinsir,Eevee Grove
A3b-022,Popplio,Eevee Grove
A3b-024,Primarina ex,Eevee Grove
A3b-080,Primarina ex,Eevee Grove
A3b-088,Primarina ex,Eevee Grove
A3b-045,Purrloin,Eevee Grove
A3b-097,Ralts,Eevee Grove
A3b-044,Sableye,Eevee Grove
A3b-014,Salandit,Eevee Grove
A3b-015,Salazzle,Eevee Grove
A3b-064,Skwovet,Eevee Grove
A3b-032,Slurpuff,Eevee Grove
A3b-057,Snorlax ex,Eevee Grove
A3b-084,Snorlax ex,Eevee Grove
A3b-091,Snorlax ex,Eevee Grove
A3b-004,Steenee,Eevee Grove
A3b-031,Swirlix,Eevee Grove
A3b-030,Swoobat,Eevee Grove
A3b-033,Sylveon,Eevee Grove
A3b-076,Sylveon,Eevee Grove
A3b-034,Sylveon ex,Eevee Grove
A3b-081,Sylveon ex,Eevee Grove
A3b-089,Sylveon ex,Eevee Grove
A3b-048,Togedemaru,Eevee Grove
A3b-010,Torkoal,Eevee Grove
A3b-012,Torracat,Eevee Grove
A3b-001,Tropius,Eevee Grove
A3b-005,Tsareena,Eevee Grove
A3b-043,Umbreon,Eevee Grove
A3b-077,Umbreon,Eevee Grove
A3b-019,Vanillish,Eevee Grove
A3b-018,Vanillite,Eevee Grove
A3b-020,Vanilluxe,Eevee Grove
A3b-016,Vaporeon,Eevee Grove
A3b-072,Vaporeon,Eevee Grove
A3b-095,Voltorb,Eevee Grove
A3b-039,Whiscash,Eevee Grove
A3b-029,Woobat,Eevee Grove
A3b-105,Zapdos ex,Eevee Grove
ex9-93,Deoxys ex,Emerald
ex9-81,PokéNav,Emerald
bw2-95,Pokémon Catcher,Emerging Powers
xy12-43,Nidoran♂,Evolutions
xy12-82,Pokédex,Evolutions
xy12-109,ナッシー[Exeggutor],Evolutions
swsh7-71,Flabébé,Evolving Skies
ecard1-145,Pokémon Nurse,Expedition Base Set
ecard1-146,Pokémon Reversal,Expedition Base Set
A3a-098,Aerodactyl,Extradimensional Crisis
A3a-101,Aerodactyl ex,Extradimensional Crisis
A3a-050,Aggron,Extradimensional Crisis
A3a-046,Alolan Diglett,Extradimensional Crisis
A3a-047,Alolan Dugtrio ex,Extradimensional Crisis
A3a-080,Alolan Dugtrio ex,Extradimensional Crisis
A3a-087,Alolan Dugtrio ex,Extradimensional Crisis
A3a-037,Alolan Meowth,Extradimensional Crisis
A3a-073,Alolan Meowth,Extradimensional Crisis
A3a-038,Alolan Persian,Extradimensional Crisis
A3a-090,Arcanine,Extradimensional Crisis
A3a-100,Arcanine ex,Extradimensional Crisis
A3a-048,Aron,Extradimensional Crisis
A3a-030,Baltoy,Extradimensional Crisis
A3a-066,Beastite,Extradimensional Crisis
A3a-063,Beast Wall,Extradimensional Crisis
A3a-058,Bewear,Extradimensional Crisis
A3a-009,Blacephalon,Extradimensional Crisis
A3a-072,Blacephalon,Extradimensional Crisis
A3a-016,Blitzle,Extradimensional Crisis
A3a-006,Buzzwole ex,Extradimensional Crisis
A3a-076,Buzzwole ex,Extradimensional Crisis
A3a-088,Buzzwole ex,Extradimensional Crisis
A3a-011,Carvanha,Extradimensional Crisis
A3a-099,Celebi ex,Extradimensional Crisis
A3a-062,Celesteela,Extradimensional Crisis
A3a-075,Celesteela,Extradimensional Crisis
A3a-031,Claydol,Extradimensional Crisis
A3a-023,Clefable,Extradimensional Crisis
A3a-022,Clefairy,Extradimensional Crisis
A3a-004,Dartrix,Extradimensional Crisis
A3a-005,Decidueye,Extradimensional Crisis
A3a-065,Electrical Cord,Extradimensional Crisis
A3a-018,Emolga,Extradimensional Crisis
A3a-051,Ferroseed,Extradimensional Crisis
A3a-052,Ferrothorn,Extradimensional Crisis
A3a-091,Froakie,Extradimensional Crisis
A3a-092,Frogadier,Extradimensional Crisis
A3a-067,Gladion,Extradimensional Crisis
A3a-081,Gladion,Extradimensional Crisis
A3a-093,Greninja,Extradimensional Crisis
A3a-089,Growlithe,Extradimensional Crisis
A3a-043,Guzzlord ex,Extradimensional Crisis
A3a-079,Guzzlord ex,Extradimensional Crisis
A3a-086,Guzzlord ex,Extradimensional Crisis
A3a-055,Herdier,Extradimensional Crisis
A3a-094,Jynx,Extradimensional Crisis
A3a-008,Kartana,Extradimensional Crisis
A3a-040,Krokorok,Extradimensional Crisis
A3a-041,Krookodile,Extradimensional Crisis
A3a-049,Lairon,Extradimensional Crisis
A3a-002,Lilligant,Extradimensional Crisis
A3a-054,Lillipup,Extradimensional Crisis
A3a-068,Looker,Extradimensional Crisis
A3a-082,Looker,Extradimensional Crisis
A3a-069,Lusamine,Extradimensional Crisis
A3a-083,Lusamine,Extradimensional Crisis
A3a-014,Luxio,Extradimensional Crisis
A3a-015,Luxray,Extradimensional Crisis
A3a-033,Lycanroc ex,Extradimensional Crisis
A3a-078,Lycanroc ex,Extradimensional Crisis
A3a-085,Lycanroc ex,Extradimensional Crisis
A3a-010,Mantine,Extradimensional Crisis
A3a-029,Medicham,Extradimensional Crisis
A3a-028,Meditite,Extradimensional Crisis
A3a-026,Morelull,Extradimensional Crisis
A3a-045,Naganadel,Extradimensional Crisis
A3a-042,Nihilego,Extradimensional Crisis
A3a-103,Nihilego,Extradimensional Crisis
A3a-059,Oranguru,Extradimensional Crisis
A3a-036,Palossand,Extradimensional Crisis
A3a-034,Passimian,Extradimensional Crisis
A3a-001,Petilil,Extradimensional Crisis
A3a-024,Phantump,Extradimensional Crisis
A3a-007,Pheromosa,Extradimensional Crisis
A3a-071,Pheromosa,Extradimensional Crisis
A3a-097,Pidgeot,Extradimensional Crisis
A3a-102,Pidgeot ex,Extradimensional Crisis
A3a-096,Pidgeotto,Extradimensional Crisis
A3a-095,Pidgey,Extradimensional Crisis
A3a-044,Poipole,Extradimensional Crisis
A3a-064,Repel,Extradimensional Crisis
A3a-032,Rockruff,Extradimensional Crisis
A3a-003,Rowlet,Extradimensional Crisis
A3a-070,Rowlet,Extradimensional Crisis
A3a-039,Sandile,Extradimensional Crisis
A3a-035,Sandygast,Extradimensional Crisis
A3a-012,Sharpedo,Extradimensional Crisis
A3a-027,Shiinotic,Extradimensional Crisis
A3a-013,Shinx,Extradimensional Crisis
A3a-061,Silvally,Extradimensional Crisis
A3a-074,Silvally,Extradimensional Crisis
A3a-053,Stakataka,Extradimensional Crisis
A3a-056,Stoutland,Extradimensional Crisis
A3a-057,Stufful,Extradimensional Crisis
A3a-019,Tapu Koko ex,Extradimensional Crisis
A3a-077,Tapu Koko ex,Extradimensional Crisis
A3a-084,Tapu Koko ex,Extradimensional Crisis
A3a-025,Trevenant,Extradimensional Crisis
A3a-060,Type: Null,Extradimensional Crisis
A3a-020,Xurkitree,Extradimensional Crisis
A3a-017,Zebstrika,Extradimensional Crisis
A3a-021,Zeraora,Extradimensional Crisis
tk-ex-m-1,Arcanine,EX trainer Kit 2 (Minun)
tk-ex-m-8,Celio's Network,EX trainer Kit 2 (Minun)
tk-ex-m-2,Charmander,EX trainer Kit 2 (Minun)
tk-ex-m-3,Charmeleon,EX trainer Kit 2 (Minun)
tk-ex-m-9,Energy Search,EX trainer Kit 2 (Minun)
tk-ex-m-11,Fire Energy,EX trainer Kit 2 (Minun)
tk-ex-m-4,Growlithe,EX trainer Kit 2 (Minun)
tk-ex-m-12,Lightning Energy,EX trainer Kit 2 (Minun)
tk-ex-m-5,Mareep,EX trainer Kit 2 (Minun)
tk-ex-m-6,Minun,EX trainer Kit 2 (Minun)
tk-ex-m-10,Potion,EX trainer Kit 2 (Minun)
tk-ex-m-7,Vulpix,EX trainer Kit 2 (Minun)
B2-120,Aegislash,Fantastical Parade
B2-096,Alolan Grimer,Fantastical Parade
B2-018,Alolan Marowak,Fantastical Parade
B2-094,Alolan Meowth,Fantastical Parade
B2-097,Alolan Muk,Fantastical Parade
B2-173,Alolan Muk,Fantastical Parade
B2-029,Alolan Ninetales ex,Fantastical Parade
B2-182,Alolan Ninetales ex,Fantastical Parade
B2-196,Alolan Ninetales ex,Fantastical Parade
B2-095,Alolan Persian,Fantastical Parade
B2-050,Alolan Raichu,Fantastical Parade
B2-028,Alolan Vulpix,Fantastical Parade
B2-041,Amaura,Fantastical Parade
B2-046,Arrokuda,Fantastical Parade
B2-042,Aurorus,Fantastical Parade
B2-163,Aurorus,Fantastical Parade
B2-121,Bagon,Fantastical Parade
B2-047,Barraskewda,Fantastical Parade
B2-057,Bellibolt,Fantastical Parade
B2-023,Blacephalon ex,Fantastical Parade
B2-181,Blacephalon ex,Fantastical Parade
B2-195,Blacephalon ex,Fantastical Parade
B2-086,Boldore,Fantastical Parade
B2-139,Bunnelby,Fantastical Parade
B2-014,Buzzwole,Fantastical Parade
B2-159,Buzzwole,Fantastical Parade
B2-006,Cacnea,Fantastical Parade
B2-156,Cacnea,Fantastical Parade
B2-007,Cacturne,Fantastical Parade
B2-069,Chandelure,Fantastical Parade
B2-010,Chesnaught,Fantastical Parade
B2-008,Chespin,Fantastical Parade
B2-043,Chewtle,Fantastical Parade
B2-026,Cinderace,Fantastical Parade
B2-215,Clefable,Fantastical Parade
B2-214,Clefairy,Fantastical Parade
B2-093,Cornerstone Mask Ogerpon,Fantastical Parade
B2-045,Cramorant,Fantastical Parade
B2-164,Cramorant,Fantastical Parade
B2-040,Cryogonal,Fantastical Parade
B2-082,Cubone,Fantastical Parade
B2-032,Delibird,Fantastical Parade
B2-149,Diantha,Fantastical Parade
B2-190,Diantha,Fantastical Parade
B2-140,Diggersby,Fantastical Parade
B2-230,Donphan ex,Fantastical Parade
B2-119,Doublade,Fantastical Parade
B2-044,Drednaw,Fantastical Parade
B2-088,Drilbur,Fantastical Parade
B2-016,Eldegoss,Fantastical Parade
B2-228,Espeon ex,Fantastical Parade
B2-114,Excadrill,Fantastical Parade
B2-092,Falinks,Fantastical Parade
B2-172,Falinks,Fantastical Parade
B2-115,Ferroseed,Fantastical Parade
B2-116,Ferrothorn,Fantastical Parade
B2-225,Flareon ex,Fantastical Parade
B2-141,Furfrou,Fantastical Parade
B2-129,Furret,Fantastical Parade
B2-099,Galarian Linoone,Fantastical Parade
B2-110,Galarian Meowth,Fantastical Parade
B2-030,Galarian Mr. Mime,Fantastical Parade
B2-031,Galarian Mr. Rime,Fantastical Parade
B2-100,Galarian Obstagoon,Fantastical Parade
B2-176,Galarian Obstagoon,Fantastical Parade
B2-111,Galarian Perrserker,Fantastical Parade
B2-177,Galarian Perrserker,Fantastical Parade
B2-058,Galarian Ponyta,Fantastical Parade
B2-167,Galarian Ponyta,Fantastical Parade
B2-059,Galarian Rapidash,Fantastical Parade
B2-117,Galarian Stunfisk,Fantastical Parade
B2-098,Galarian Zigzagoon,Fantastical Parade
B2-065,Gardevoir,Fantastical Parade
B2-087,Gigalith ex,Fantastical Parade
B2-187,Gigalith ex,Fantastical Parade
B2-200,Gigalith ex,Fantastical Parade
B2-015,Gossifleur,Fantastical Parade
B2-072,Gourgeist,Fantastical Parade
B2-062,Granbull,Fantastical Parade
B2-109,Guzzlord,Fantastical Parade
B2-027,Hearthflame Mask Ogerpon,Fantastical Parade
B2-219,Hitmonchan,Fantastical Parade
B2-218,Hitmonlee,Fantastical Parade
B2-118,Honedge,Fantastical Parade
B2-226,Ho-Oh ex,Fantastical Parade
B2-208,Horsea,Fantastical Parade
B2-076,Indeedee,Fantastical Parade
B2-169,Indeedee,Fantastical Parade
B2-144,Jaw Fossil,Fantastical Parade
B2-151,Juggler,Fantastical Parade
B2-192,Juggler,Fantastical Parade
B2-220,Kabuto,Fantastical Parade
B2-221,Kabutops,Fantastical Parade
B2-126,Kangaskhan,Fantastical Parade
B2-227,Kingdra ex,Fantastical Parade
B2-064,Kirlia,Fantastical Parade
B2-068,Lampent,Fantastical Parade
B2-216,Latias,Fantastical Parade
B2-217,Latios,Fantastical Parade
B2-002,Ledian,Fantastical Parade
B2-001,Ledyba,Fantastical Parade
B2-105,Liepard,Fantastical Parade
B2-020,Litleo,Fantastical Parade
B2-067,Litwick,Fantastical Parade
B2-145,Lucky Ice Pop,Fantastical Parade
B2-131,Lugia,Fantastical Parade
B2-232,Lugia ex,Fantastical Parade
B2-081,Machamp,Fantastical Parade
B2-080,Machoke,Fantastical Parade
B2-079,Machop,Fantastical Parade
B2-206,Magby,Fantastical Parade
B2-207,Magmar,Fantastical Parade
B2-210,Mantyke,Fantastical Parade
B2-034,Marshtomp,Fantastical Parade
B2-143,Maushold,Fantastical Parade
B2-112,Mawile,Fantastical Parade
B2-084,Medicham,Fantastical Parade
B2-083,Meditite,Fantastical Parade
B2-066,Mega Gardevoir ex,Fantastical Parade
B2-185,Mega Gardevoir ex,Fantastical Parade
B2-203,Mega Gardevoir ex,Fantastical Parade
B2-127,Mega Kangaskhan ex,Fantastical Parade
B2-189,Mega Kangaskhan ex,Fantastical Parade
B2-202,Mega Kangaskhan ex,Fantastical Parade
B2-113,Mega Mawile ex,Fantastical Parade
B2-188,Mega Mawile ex,Fantastical Parade
B2-201,Mega Mawile ex,Fantastical Parade
B2-036,Mega Swampert ex,Fantastical Parade
B2-183,Mega Swampert ex,Fantastical Parade
B2-197,Mega Swampert ex,Fantastical Parade
B2-070,Meloetta,Fantastical Parade
B2-233,Meloetta,Fantastical Parade
B2-124,Meowth,Fantastical Parade
B2-204,Meowth,Fantastical Parade
B2-148,Metal Core Barrier,Fantastical Parade
B2-073,Mimikyu ex,Fantastical Parade
B2-186,Mimikyu ex,Fantastical Parade
B2-199,Mimikyu ex,Fantastical Parade
B2-053,Minun,Fantastical Parade
B2-165,Minun,Fantastical Parade
B2-033,Mudkip,Fantastical Parade
B2-211,Omanyte,Fantastical Parade
B2-212,Omastar,Fantastical Parade
B2-022,Oricorio,Fantastical Parade
B2-161,Oricorio,Fantastical Parade
B2-091,Passimian,Fantastical Parade
B2-155,Peculiar Plaza,Fantastical Parade
B2-125,Persian,Fantastical Parade
B2-222,Phanpy,Fantastical Parade
B2-213,Pichu,Fantastical Parade
B2-152,Piers,Fantastical Parade
B2-193,Piers,Fantastical Parade
B2-049,Pikachu,Fantastical Parade
B2-052,Plusle,Fantastical Parade
B2-075,Polteageist,Fantastical Parade
B2-147,Protective Poncho,Fantastical Parade
B2-234,Protective Poncho,Fantastical Parade
B2-071,Pumpkaboo,Fantastical Parade
B2-104,Purrloin,Fantastical Parade
B2-174,Purrloin,Fantastical Parade
B2-021,Pyroar,Fantastical Parade
B2-009,Quilladin,Fantastical Parade
B2-025,Raboot,Fantastical Parade
B2-063,Ralts,Fantastical Parade
B2-019,Reshiram,Fantastical Parade
B2-160,Reshiram,Fantastical Parade
B2-085,Roggenrola,Fantastical Parade
B2-004,Roselia,Fantastical Parade
B2-005,Roserade,Fantastical Parade
B2-157,Roserade,Fantastical Parade
B2-146,Sail Fossil,Fantastical Parade
B2-123,Salamence,Fantastical Parade
B2-178,Salamence,Fantastical Parade
B2-077,Sandshrew,Fantastical Parade
B2-170,Sandshrew,Fantastical Parade
B2-078,Sandslash,Fantastical Parade
B2-011,Scatterbug,Fantastical Parade
B2-024,Scorbunny,Fantastical Parade
B2-162,Scorbunny,Fantastical Parade
B2-107,Scrafty,Fantastical Parade
B2-106,Scraggy,Fantastical Parade
B2-209,Seadra,Fantastical Parade
B2-128,Sentret,Fantastical Parade
B2-122,Shelgon,Fantastical Parade
B2-003,Shuckle,Fantastical Parade
B2-150,Sightseer,Fantastical Parade
B2-191,Sightseer,Fantastical Parade
B2-074,Sinistea,Fantastical Parade
B2-102,Skuntank,Fantastical Parade
B2-136,Slaking,Fantastical Parade
B2-134,Slakoth,Fantastical Parade
B2-179,Slakoth,Fantastical Parade
B2-130,Smeargle,Fantastical Parade
B2-061,Snubbull,Fantastical Parade
B2-168,Snubbull,Fantastical Parade
B2-012,Spewpa,Fantastical Parade
B2-137,Spinda,Fantastical Parade
B2-103,Spiritomb,Fantastical Parade
B2-154,Starting Plains,Fantastical Parade
B2-101,Stunky,Fantastical Parade
B2-035,Swampert,Fantastical Parade
B2-133,Swellow,Fantastical Parade
B2-229,Sylveon ex,Fantastical Parade
B2-056,Tadbulb,Fantastical Parade
B2-132,Taillow,Fantastical Parade
B2-142,Tandemaus,Fantastical Parade
B2-205,Tangela,Fantastical Parade
B2-224,Tauros,Fantastical Parade
B2-017,Teal Mask Ogerpon ex,Fantastical Parade
B2-180,Teal Mask Ogerpon ex,Fantastical Parade
B2-194,Teal Mask Ogerpon ex,Fantastical Parade
B2-138,Tornadus,Fantastical Parade
B2-054,Toxel,Fantastical Parade
B2-166,Toxel,Fantastical Parade
B2-055,Toxtricity ex,Fantastical Parade
B2-184,Toxtricity ex,Fantastical Parade
B2-198,Toxtricity ex,Fantastical Parade
B2-153,Training Area,Fantastical Parade
B2-090,Tyrantrum,Fantastical Parade
B2-171,Tyrantrum,Fantastical Parade
B2-223,Tyrogue,Fantastical Parade
B2-089,Tyrunt,Fantastical Parade
B2-231,Umbreon ex,Fantastical Parade
B2-038,Vanillish,Fantastical Parade
B2-037,Vanillite,Fantastical Parade
B2-039,Vanilluxe,Fantastical Parade
B2-135,Vigoroth,Fantastical Parade
B2-013,Vivillon,Fantastical Parade
B2-158,Vivillon,Fantastical Parade
B2-048,Wellspring Mask Ogerpon,Fantastical Parade
B2-060,Wobbuffet,Fantastical Parade
B2-108,Yveltal,Fantastical Parade
B2-175,Yveltal,Fantastical Parade
B2-051,Zapdos,Fantastical Parade
xy10-105a,N,Fates Collide
xy10-107,Pokémon Fan Club,Fates Collide
xy10-43a,Regirock EX,Fates Collide
xy10-111a,Shauna,Fates Collide
xy10-54a,Zygarde EX,Fates Collide
ex6-32,Drowzee,FireRed & LeafGreen
ex6-91,EXP. ALL,FireRed & LeafGreen
ex6-70,Nidoran♀,FireRed & LeafGreen
ex6-71,Nidoran♂,FireRed & LeafGreen
ex6-95,Poké Ball,FireRed & LeafGreen
ex6-96,PokéDex (HANDY909),FireRed & LeafGreen
ex6-97,Pokémon Reversal,FireRed & LeafGreen
xy2-88a,Blacksmith,Flashfire
xy2-62,Flabébé,Flashfire
xy2-63,Flabébé,Flashfire
xy2-105,Pokémon Center Lady,Flashfire
xy2-93,Pokémon Center Lady,Flashfire
xy2-106,Pokémon Fan Club,Flashfire
xy2-94,Pokémon Fan Club,Flashfire
sm6-96,Arceus ◇,Forbidden Light
sm6-117,Beast Energy ◇,Forbidden Light
sm6-74,Diancie ◇,Forbidden Light
sm6-83,Flabébé,Forbidden Light
sm6-84,Flabébé,Forbidden Light
sm6-110,Lysandre ◇,Forbidden Light
sm6-118,Unit Energy FightingDarknessFairy,Forbidden Light
sm6-146,Unit Energy FightingDarknessFairy,Forbidden Light
sm6-31,Volcanion ◇,Forbidden Light
base3-1,Aerodactyl,Fossil
base3-2,Articuno,Fossil
base3-3,Ditto,Fossil
base3-4,Dragonite,Fossil
base3-5,Gengar,Fossil
base3-6,Haunter,Fossil
base3-7,Hitmonlee,Fossil
base3-8,Hypno,Fossil
base3-9,Kabutops,Fossil
base3-10,Lapras,Fossil
base3-11,Magneton,Fossil
base3-12,Moltres,Fossil
base3-13,Muk,Fossil
base3-14,Raichu,Fossil
base3-15,Zapdos,Fossil
xy3-55a,M Lucario EX,Furious Fists
g1-RC24,Altaria,Generations
g1-RC5,Charizard,Generations
g1-RC3,Charmander,Generations
g1-RC4,Charmeleon,Generations
g1-RC1,Chikorita,Generations
g1-RC10,Dedenne,Generations
g1-RC22,Diancie,Generations
g1-RC14,Espurr,Generations
g1-RC17,Flabébé,Generations
g1-RC28,Flareon EX,Generations
g1-RC6,Flareon EX,Generations
g1-RC25,Fletchling,Generations
g1-RC18,Floette,Generations
g1-RC26,Floral Crown,Generations
g1-RC8,Froslass,Generations
g1-RC30,Gardevoir EX,Generations
g1-RC12,Gulpin,Generations
g1-RC13,Jirachi,Generations
g1-28a,Jolteon-EX,Generations
g1-RC15,Meowstic,Generations
g1-RC31,M Gardevoir EX,Generations
g1-RC29,Pikachu,Generations
g1-67,Poké Ball,Generations
g1-68,Pokémon Center Lady,Generations
g1-69,Pokémon Fan Club,Generations
g1-RC9,Raichu,Generations
g1-RC2,Shroomish,Generations
g1-RC20,Slurpuff,Generations
g1-RC7,Snorunt,Generations
g1-RC23,Swablu,Generations
g1-RC19,Swirlix,Generations
g1-RC21,Sylveon EX,Generations
g1-RC32,Sylveon EX,Generations
g1-73a,Team Flare Grunt,Generations
g1-RC27,Wally,Generations
g1-RC11,Wobbuffet,Generations
g1-RC16,Yveltal,Generations
A1-115,Abra,Genetic Apex
A1-210,Aerodactyl,Genetic Apex
A1-117,Alakazam,Genetic Apex
A1-236,Alakazam,Genetic Apex
A1-165,Arbok,Genetic Apex
A1-040,Arcanine,Genetic Apex
A1-041,Arcanine ex,Genetic Apex
A1-254,Arcanine ex,Genetic Apex
A1-083,Articuno,Genetic Apex
A1-084,Articuno ex,Genetic Apex
A1-258,Articuno ex,Genetic Apex
A1-275,Articuno ex,Genetic Apex
A1-010,Beedrill,Genetic Apex
A1-018,Bellsprout,Genetic Apex
A1-180,Bisharp,Genetic Apex
A1-221,Blaine,Genetic Apex
A1-268,Blaine,Genetic Apex
A1-055,Blastoise,Genetic Apex
A1-056,Blastoise ex,Genetic Apex
A1-256,Blastoise ex,Genetic Apex
A1-105,Blitzle,Genetic Apex
A1-224,Brock,Genetic Apex
A1-271,Brock,Genetic Apex
A1-091,Bruxish,Genetic Apex
A1-001,Bulbasaur,Genetic Apex
A1-227,Bulbasaur,Genetic Apex
A1-007,Butterfree,Genetic Apex
A1-005,Caterpie,Genetic Apex
A1-052,Centiskorch,Genetic Apex
A1-202,Chansey,Genetic Apex
A1-035,Charizard,Genetic Apex
A1-036,Charizard ex,Genetic Apex
A1-253,Charizard ex,Genetic Apex
A1-280,Charizard ex,Genetic Apex
A1-284,Charizard ex,Genetic Apex
A1-033,Charmander,Genetic Apex
A1-230,Charmander,Genetic Apex
A1-034,Charmeleon,Genetic Apex
A1-213,Cinccino,Genetic Apex
A1-114,Clefable,Genetic Apex
A1-113,Clefairy,Genetic Apex
A1-162,Clobbopus,Genetic Apex
A1-067,Cloyster,Genetic Apex
A1-027,Cottonee,Genetic Apex
A1-151,Cubone,Genetic Apex
A1-239,Cubone,Genetic Apex
A1-065,Dewgong,Genetic Apex
A1-139,Diglett,Genetic Apex
A1-238,Diglett,Genetic Apex
A1-205,Ditto,Genetic Apex
A1-247,Ditto,Genetic Apex
A1-200,Dodrio,Genetic Apex
A1-199,Doduo,Genetic Apex
A1-217,Dome Fossil,Genetic Apex
A1-184,Dragonair,Genetic Apex
A1-185,Dragonite,Genetic Apex
A1-244,Dragonite,Genetic Apex
A1-183,Dratini,Genetic Apex
A1-124,Drowzee,Genetic Apex
A1-215,Dubwool,Genetic Apex
A1-085,Ducklett,Genetic Apex
A1-140,Dugtrio,Genetic Apex
A1-108,Eelektrik,Genetic Apex
A1-109,Eelektross,Genetic Apex
A1-206,Eevee,Genetic Apex
A1-207,Eevee,Genetic Apex
A1-208,Eevee,Genetic Apex
A1-248,Eevee,Genetic Apex
A1-164,Ekans,Genetic Apex
A1-101,Electabuzz,Genetic Apex
A1-100,Electrode,Genetic Apex
A1-235,Electrode,Genetic Apex
A1-219,Erika,Genetic Apex
A1-266,Erika,Genetic Apex
A1-021,Exeggcute,Genetic Apex
A1-022,Exeggutor,Genetic Apex
A1-023,Exeggutor ex,Genetic Apex
A1-252,Exeggutor ex,Genetic Apex
A1-198,Farfetch'd,Genetic Apex
A1-192,Fearow,Genetic Apex
A1-045,Flareon,Genetic Apex
A1-087,Froakie,Genetic Apex
A1-088,Frogadier,Genetic Apex
A1-093,Frosmoth,Genetic Apex
A1-132,Gardevoir,Genetic Apex
A1-120,Gastly,Genetic Apex
A1-122,Gengar,Genetic Apex
A1-123,Gengar ex,Genetic Apex
A1-261,Gengar ex,Genetic Apex
A1-277,Gengar ex,Genetic Apex
A1-147,Geodude,Genetic Apex
A1-223,Giovanni,Genetic Apex
A1-270,Giovanni,Genetic Apex
A1-012,Gloom,Genetic Apex
A1-228,Gloom,Genetic Apex
A1-032,Gogoat,Genetic Apex
A1-173,Golbat,Genetic Apex
A1-242,Golbat,Genetic Apex
A1-072,Goldeen,Genetic Apex
A1-058,Golduck,Genetic Apex
A1-149,Golem,Genetic Apex
A1-135,Golett,Genetic Apex
A1-136,Golurk,Genetic Apex
A1-163,Grapploct,Genetic Apex
A1-148,Graveler,Genetic Apex
A1-089,Greninja,Genetic Apex
A1-174,Grimer,Genetic Apex
A1-039,Growlithe,Genetic Apex
A1-078,Gyarados,Genetic Apex
A1-233,Gyarados,Genetic Apex
A1-121,Haunter,Genetic Apex
A1-048,Heatmor,Genetic Apex
A1-111,Heliolisk,Genetic Apex
A1-110,Helioptile,Genetic Apex
A1-216,Helix Fossil,Genetic Apex
A1-155,Hitmonchan,Genetic Apex
A1-154,Hitmonlee,Genetic Apex
A1-070,Horsea,Genetic Apex
A1-125,Hypno,Genetic Apex
A1-002,Ivysaur,Genetic Apex
A1-193,Jigglypuff,Genetic Apex
A1-102,Jolteon,Genetic Apex
A1-127,Jynx,Genetic Apex
A1-158,Kabuto,Genetic Apex
A1-159,Kabutops,Genetic Apex
A1-116,Kadabra,Genetic Apex
A1-009,Kakuna,Genetic Apex
A1-203,Kangaskhan,Genetic Apex
A1-069,Kingler,Genetic Apex
A1-131,Kirlia,Genetic Apex
A1-176,Koffing,Genetic Apex
A1-222,Koga,Genetic Apex
A1-269,Koga,Genetic Apex
A1-068,Krabby,Genetic Apex
A1-079,Lapras,Genetic Apex
A1-234,Lapras,Genetic Apex
A1-201,Lickitung,Genetic Apex
A1-030,Lilligant,Genetic Apex
A1-226,Lt. Surge,Genetic Apex
A1-273,Lt. Surge,Genetic Apex
A1-145,Machamp,Genetic Apex
A1-146,Machamp ex,Genetic Apex
A1-263,Machamp ex,Genetic Apex
A1-278,Machamp ex,Genetic Apex
A1-144,Machoke,Genetic Apex
A1-143,Machop,Genetic Apex
A1-077,Magikarp,Genetic Apex
A1-044,Magmar,Genetic Apex
A1-097,Magnemite,Genetic Apex
A1-098,Magneton,Genetic Apex
A1-141,Mankey,Genetic Apex
A1-152,Marowak,Genetic Apex
A1-153,Marowak ex,Genetic Apex
A1-264,Marowak ex,Genetic Apex
A1-178,Mawile,Genetic Apex
A1-182,Melmetal,Genetic Apex
A1-181,Meltan,Genetic Apex
A1-196,Meowth,Genetic Apex
A1-246,Meowth,Genetic Apex
A1-006,Metapod,Genetic Apex
A1-283,Mew,Genetic Apex
A1-128,Mewtwo,Genetic Apex
A1-129,Mewtwo ex,Genetic Apex
A1-262,Mewtwo ex,Genetic Apex
A1-282,Mewtwo ex,Genetic Apex
A1-286,Mewtwo ex,Genetic Apex
A1-160,Mienfoo,Genetic Apex
A1-161,Mienshao,Genetic Apex
A1-212,Minccino,Genetic Apex
A1-220,Misty,Genetic Apex
A1-267,Misty,Genetic Apex
A1-046,Moltres,Genetic Apex
A1-047,Moltres ex,Genetic Apex
A1-255,Moltres ex,Genetic Apex
A1-274,Moltres ex,Genetic Apex
A1-126,Mr. Mime,Genetic Apex
A1-175,Muk,Genetic Apex
A1-171,Nidoking,Genetic Apex
A1-241,Nidoking,Genetic Apex
A1-168,Nidoqueen,Genetic Apex
A1-240,Nidoqueen,Genetic Apex
A1-166,Nidoran♀,Genetic Apex
A1-169,Nidoran♂,Genetic Apex
A1-167,Nidorina,Genetic Apex
A1-170,Nidorino,Genetic Apex
A1-038,Ninetales,Genetic Apex
A1-011,Oddish,Genetic Apex
A1-218,Old Amber,Genetic Apex
A1-081,Omanyte,Genetic Apex
A1-082,Omastar,Genetic Apex
A1-150,Onix,Genetic Apex
A1-014,Paras,Genetic Apex
A1-015,Parasect,Genetic Apex
A1-179,Pawniard,Genetic Apex
A1-197,Persian,Genetic Apex
A1-029,Petilil,Genetic Apex
A1-188,Pidgeot,Genetic Apex
A1-245,Pidgeot,Genetic Apex
A1-187,Pidgeotto,Genetic Apex
A1-186,Pidgey,Genetic Apex
A1-094,Pikachu,Genetic Apex
A1-096,Pikachu ex,Genetic Apex
A1-259,Pikachu ex,Genetic Apex
A1-281,Pikachu ex,Genetic Apex
A1-285,Pikachu ex,Genetic Apex
A1-112,Pincurchin,Genetic Apex
A1-026,Pinsir,Genetic Apex
A1-229,Pinsir,Genetic Apex
A1-059,Poliwag,Genetic Apex
A1-060,Poliwhirl,Genetic Apex
A1-061,Poliwrath,Genetic Apex
A1-042,Ponyta,Genetic Apex
A1-209,Porygon,Genetic Apex
A1-249,Porygon,Genetic Apex
A1-142,Primeape,Genetic Apex
A1-057,Psyduck,Genetic Apex
A1-090,Pyukumuku,Genetic Apex
A1-095,Raichu,Genetic Apex
A1-130,Ralts,Genetic Apex
A1-043,Rapidash,Genetic Apex
A1-231,Rapidash,Genetic Apex
A1-190,Raticate,Genetic Apex
A1-189,Rattata,Genetic Apex
A1-157,Rhydon,Genetic Apex
A1-156,Rhyhorn,Genetic Apex
A1-225,Sabrina,Genetic Apex
A1-272,Sabrina,Genetic Apex
A1-049,Salandit,Genetic Apex
A1-050,Salazzle,Genetic Apex
A1-137,Sandshrew,Genetic Apex
A1-138,Sandslash,Genetic Apex
A1-025,Scyther,Genetic Apex
A1-071,Seadra,Genetic Apex
A1-073,Seaking,Genetic Apex
A1-064,Seel,Genetic Apex
A1-066,Shellder,Genetic Apex
A1-051,Sizzlipede,Genetic Apex
A1-031,Skiddo,Genetic Apex
A1-119,Slowbro,Genetic Apex
A1-118,Slowpoke,Genetic Apex
A1-237,Slowpoke,Genetic Apex
A1-092,Snom,Genetic Apex
A1-211,Snorlax,Genetic Apex
A1-250,Snorlax,Genetic Apex
A1-191,Spearow,Genetic Apex
A1-053,Squirtle,Genetic Apex
A1-232,Squirtle,Genetic Apex
A1-075,Starmie,Genetic Apex
A1-076,Starmie ex,Genetic Apex
A1-257,Starmie ex,Genetic Apex
A1-074,Staryu,Genetic Apex
A1-086,Swanna,Genetic Apex
A1-134,Swoobat,Genetic Apex
A1-024,Tangela,Genetic Apex
A1-204,Tauros,Genetic Apex
A1-062,Tentacool,Genetic Apex
A1-063,Tentacruel,Genetic Apex
A1-107,Tynamo,Genetic Apex
A1-080,Vaporeon,Genetic Apex
A1-017,Venomoth,Genetic Apex
A1-016,Venonat,Genetic Apex
A1-003,Venusaur,Genetic Apex
A1-004,Venusaur ex,Genetic Apex
A1-251,Venusaur ex,Genetic Apex
A1-020,Victreebel,Genetic Apex
A1-013,Vileplume,Genetic Apex
A1-099,Voltorb,Genetic Apex
A1-037,Vulpix,Genetic Apex
A1-054,Wartortle,Genetic Apex
A1-008,Weedle,Genetic Apex
A1-019,Weepinbell,Genetic Apex
A1-177,Weezing,Genetic Apex
A1-243,Weezing,Genetic Apex
A1-028,Whimsicott,Genetic Apex
A1-194,Wigglytuff,Genetic Apex
A1-195,Wigglytuff ex,Genetic Apex
A1-265,Wigglytuff ex,Genetic Apex
A1-279,Wigglytuff ex,Genetic Apex
A1-133,Woobat,Genetic Apex
A1-214,Wooloo,Genetic Apex
A1-103,Zapdos,Genetic Apex
A1-104,Zapdos ex,Genetic Apex
A1-260,Zapdos ex,Genetic Apex
A1-276,Zapdos ex,Genetic Apex
A1-106,Zebstrika,Genetic Apex
A1-172,Zubat,Genetic Apex
dp4-56,Unown F,Great Encounters
dp4-57,Unown G,Great Encounters
dp4-29,Unown H,Great Encounters
dp4-91,Unown L,Great Encounters
gym2-17,Blaine,Gym Challenge
gym2-1,Blaine's Arcanine,Gym Challenge
gym2-2,Blaine's Charizard,Gym Challenge
gym2-3,Brock's Ninetales,Gym Challenge
gym2-4,Erika's Venusaur,Gym Challenge
gym2-18,Giovanni,Gym Challenge
gym2-5,Giovanni's Gyarados,Gym Challenge
gym2-6,Giovanni's Machamp,Gym Challenge
gym2-7,Giovanni's Nidoking,Gym Challenge
gym2-75,Giovanni's Nidoran♀,Gym Challenge
gym2-76,Giovanni's Nidoran♂,Gym Challenge
gym2-8,Giovanni's Persian,Gym Challenge
gym2-19,Koga,Gym Challenge
gym2-9,Koga's Beedrill,Gym Challenge
gym2-10,Koga's Ditto,Gym Challenge
gym2-11,Lt. Surge's Raichu,Gym Challenge
gym2-12,Misty's Golduck,Gym Challenge
gym2-13,Misty's Gyarados,Gym Challenge
gym2-14,Rocket's Mewtwo,Gym Challenge
gym2-15,Rocket's Zapdos,Gym Challenge
gym2-20,Sabrina,Gym Challenge
gym2-16,Sabrina's Alakazam,Gym Challenge
gym1-1,Blaine's Moltres,Gym Heroes
gym1-15,Brock,Gym Heroes
gym1-2,Brock's Rhydon,Gym Heroes
gym1-16,Erika,Gym Heroes
gym1-3,Erika's Clefable,Gym Heroes
gym1-4,Erika's Dragonair,Gym Heroes
gym1-5,Erika's Vileplume,Gym Heroes
gym1-17,Lt. Surge,Gym Heroes
gym1-6,Lt. Surge's Electabuzz,Gym Heroes
gym1-7,Lt. Surge's Fearow,Gym Heroes
gym1-8,Lt. Surge's Magneton,Gym Heroes
gym1-18,Misty,Gym Heroes
gym1-9,Misty's Seadra,Gym Heroes
gym1-10,Misty's Tentacruel,Gym Heroes
gym1-11,Rocket's Hitmonchan,Gym Heroes
gym1-12,Rocket's Moltres,Gym Heroes
gym1-13,Rocket's Scyther,Gym Heroes
gym1-14,Sabrina's Gengar,Gym Heroes
gym1-19,The Rocket's Trap,Gym Heroes
hgss1-ONE,Alph Lithograph,HeartGold SoulSilver
hgss1-19,Farfetch’d,HeartGold SoulSilver
hgss1-111,Ho-Oh LEGEND,HeartGold SoulSilver
hgss1-112,Ho-Oh LEGEND,HeartGold SoulSilver
hgss1-113,Lugia LEGEND,HeartGold SoulSilver
hgss1-114,Lugia LEGEND,HeartGold SoulSilver
hgss1-95,Poké Ball,HeartGold SoulSilver
hgss1-96,Pokégear3.0,HeartGold SoulSilver
hgss1-97,Pokémon Collector,HeartGold SoulSilver
hgss1-98,Pokémon Communication,HeartGold SoulSilver
hgss1-99,Pokémon Reversal,HeartGold SoulSilver
hgss1-100,Professor Elm’s Training Method,HeartGold SoulSilver
hgss1-101,Professor Oak’s New Theory,HeartGold SoulSilver
hgssp-HGSS12,Cleffa,HGSS Black Star Promos
hgssp-HGSS20,Entei,HGSS Black Star Promos
hgssp-HGSS07,Feraligatr,HGSS Black Star Promos
hgssp-HGSS24,Hitmonchan,HGSS Black Star Promos
hgssp-HGSS25,Hitmonlee,HGSS Black Star Promos
hgssp-HGSS01,Ho-Oh,HGSS Black Star Promos
hgssp-HGSS05,Hoothoot,HGSS Black Star Promos
hgssp-HGSS14,Lapras,HGSS Black Star Promos
hgssp-HGSS10,Latias,HGSS Black Star Promos
hgssp-HGSS11,Latios,HGSS Black Star Promos
hgssp-HGSS02,Lugia,HGSS Black Star Promos
hgssp-HGSS08,Meganium,HGSS Black Star Promos
hgssp-HGSS17,Minun,HGSS Black Star Promos
hgssp-HGSS06,Noctowl,HGSS Black Star Promos
hgssp-HGSS03,Pikachu,HGSS Black Star Promos
hgssp-HGSS16,Plusle,HGSS Black Star Promos
hgssp-HGSS22,Porygon,HGSS Black Star Promos
hgssp-HGSS23,Porygon2,HGSS Black Star Promos
hgssp-HGSS19,Raikou,HGSS Black Star Promos
hgssp-HGSS15,Shuckle,HGSS Black Star Promos
hgssp-HGSS13,Smoochum,HGSS Black Star Promos
hgssp-HGSS21,Suicune,HGSS Black Star Promos
hgssp-HGSS18,Tropical Tidal Wave,HGSS Black Star Promos
hgssp-HGSS09,Typhlosion,HGSS Black Star Promos
hgssp-HGSS04,Wobbuffet,HGSS Black Star Promos
sm115-51,Bill’s Analysis,Hidden Fates
sm115-52,Blaine’s Last Stand,Hidden Fates
sm115-53,Brock’s Grit,Hidden Fates
sm115-54,Brock’s Pewter City Gym,Hidden Fates
sm115-55,Brock’s Training,Hidden Fates
sm115-56,Erika’s Hospitality,Hidden Fates
sm115-45,Farfetch’d,Hidden Fates
sm115-57,Giovanni’s Exile,Hidden Fates
sm115-67,Giovanni’s Exile,Hidden Fates
sm115-59,Koga’s Trap,Hidden Fates
sm115-60,Lt. Surge’s Strategy,Hidden Fates
sm115-61,Misty’s Cerulean City Gym,Hidden Fates
sm115-62,Misty’s Determination,Hidden Fates
sm115-63,Misty’s Water Command,Hidden Fates
sm115-64,Pokémon Center Lady,Hidden Fates
sm115-65,Sabrina’s Suggestion,Hidden Fates
ex5-84,Ancient Technical Machine (Ice),Hidden Legends
ex5-85,Ancient Technical Machine (Rock),Hidden Legends
ex5-86,Ancient Technical Machine (Steel),Hidden Legends
ex13-35,Aerodactyl δ,Holon Phantoms
ex13-57,Anorith δ,Holon Phantoms
ex13-1,Armaldo δ,Holon Phantoms
ex13-19,Bellossom δ,Holon Phantoms
ex13-61,Carvanha δ,Holon Phantoms
ex13-37,Chimecho δ,Holon Phantoms
ex13-2,Cradily δ,Holon Phantoms
ex13-3,Deoxys δ,Holon Phantoms
ex13-4,Deoxys δ,Holon Phantoms
ex13-5,Deoxys δ,Holon Phantoms
ex13-6,Deoxys δ,Holon Phantoms
ex13-65,Exeggcute δ,Holon Phantoms
ex13-41,Exeggutor δ,Holon Phantoms
ex13-7,Flygon δ,Holon Phantoms
ex13-42,Gloom δ,Holon Phantoms
ex13-43,Golduck δ,Holon Phantoms
ex13-102,Gyarados Star δ,Holon Phantoms
ex13-8,Gyarados δ,Holon Phantoms
ex13-66,Horsea δ,Holon Phantoms
ex13-9,Kabutops δ,Holon Phantoms
ex13-67,Kabuto δ,Holon Phantoms
ex13-10,Kingdra δ,Holon Phantoms
ex13-11,Latias δ,Holon Phantoms
ex13-21,Latias δ,Holon Phantoms
ex13-12,Latios δ,Holon Phantoms
ex13-22,Latios δ,Holon Phantoms
ex13-68,Lileep δ,Holon Phantoms
ex13-69,Magikarp δ,Holon Phantoms
ex13-70,Mankey δ,Holon Phantoms
ex13-71,Meowth δ,Holon Phantoms
ex13-24,Mewtwo δ,Holon Phantoms
ex13-73,Oddish δ,Holon Phantoms
ex13-74,Omanyte δ,Holon Phantoms
ex13-13,Omastar δ,Holon Phantoms
ex13-48,Persian δ,Holon Phantoms
ex13-76,Pichu δ,Holon Phantoms
ex13-49,Pidgeotto δ,Holon Phantoms
ex13-14,Pidgeot δ,Holon Phantoms
ex13-77,Pidgey δ,Holon Phantoms
ex13-79,Pikachu δ,Holon Phantoms
ex13-50,Primeape δ,Holon Phantoms
ex13-81,Psyduck δ,Holon Phantoms
ex13-15,Raichu δ,Holon Phantoms
ex13-16,Rayquaza δ,Holon Phantoms
ex13-26,Rayquaza δ,Holon Phantoms
ex13-52,Seadra δ,Holon Phantoms
ex13-53,Sharpedo δ,Holon Phantoms
ex13-84,Trapinch δ,Holon Phantoms
ex13-54,Vibrava δ,Holon Phantoms
ex13-17,Vileplume δ,Holon Phantoms
ex13-98,δ Rainbow Energy,Holon Phantoms
sv09-013,Accelgor,Journey Together
sv09-075,Alcremie ex,Journey Together
sv09-044,Alolan Geodude,Journey Together
sv09-046,Alolan Golem,Journey Together
sv09-045,Alolan Graveler,Journey Together
sv09-057,Alolan Marowak,Journey Together
sv09-011,Amoonguss ex,Journey Together
sv09-032,Articuno,Journey Together
sv09-161,Articuno,Journey Together
sv09-124,Audino,Journey Together
sv09-112,Bagon,Journey Together
sv09-060,Banette,Journey Together
sv09-061,Beldum,Journey Together
sv09-142,Billy & O'Nare,Journey Together
sv09-143,Black Belt's Training,Journey Together
sv09-144,Black Belt's Training,Journey Together
sv09-145,Black Belt's Training,Journey Together
sv09-024,Blaziken ex,Journey Together
sv09-101,Bombirdier,Journey Together
sv09-146,Brock's Scouting,Journey Together
sv09-179,Brock's Scouting,Journey Together
sv09-003,Butterfree,Journey Together
sv09-001,Caterpie,Journey Together
sv09-126,Cinccino,Journey Together
sv09-023,Combusken,Journey Together
sv09-110,Copperajah,Journey Together
sv09-137,Cramorant,Journey Together
sv09-076,Cubone,Journey Together
sv09-109,Cufant,Journey Together
sv09-070,Dhelmise,Journey Together
sv09-130,Drampa,Journey Together
sv09-115,Druddigon,Journey Together
sv09-121,Dudunsparce ex,Journey Together
sv09-178,Dudunsparce ex,Journey Together
sv09-120,Dunsparce,Journey Together
sv09-014,Durant,Journey Together
sv09-102,Escavalier,Journey Together
sv09-017,Floragato,Journey Together
sv09-010,Foongus,Journey Together
sv09-119,Furret,Journey Together
sv09-168,Furret,Journey Together
sv09-106,Galarian Stunfisk,Journey Together
sv09-132,Greedent,Journey Together
sv09-073,Grimmsnarl,Journey Together
sv09-147,Hop's Bag,Journey Together
sv09-148,Hop's Choice Band,Journey Together
sv09-108,Hop's Corviknight,Journey Together
sv09-134,Hop's Corvisquire,Journey Together
sv09-138,Hop's Cramorant,Journey Together
sv09-136,Hop's Dubwool,Journey Together
sv09-133,Hop's Rookidee,Journey Together
sv09-087,Hop's Sandaconda,Journey Together
sv09-086,Hop's Silicobra,Journey Together
sv09-117,Hop's Snorlax,Journey Together
sv09-135,Hop's Wooloo,Journey Together
sv09-170,Hop's Wooloo,Journey Together
sv09-111,Hop's Zacian ex,Journey Together
sv09-176,Hop's Zacian ex,Journey Together
sv09-186,Hop's Zacian ex,Journey Together
sv09-071,Impidimp,Journey Together
sv09-053,Iono's Bellibolt ex,Journey Together
sv09-172,Iono's Bellibolt ex,Journey Together
sv09-183,Iono's Bellibolt ex,Journey Together
sv09-188,Iono's Bellibolt ex,Journey Together
sv09-048,Iono's Electrode,Journey Together
sv09-055,Iono's Kilowattrel,Journey Together
sv09-163,Iono's Kilowattrel,Journey Together
sv09-052,Iono's Tadbulb,Journey Together
sv09-047,Iono's Voltorb,Journey Together
sv09-054,Iono's Wattrel,Journey Together
sv09-149,Iris's Fighting Spirit,Journey Together
sv09-180,Iris's Fighting Spirit,Journey Together
sv09-009,Karrablast,Journey Together
sv09-122,Kecleon,Journey Together
sv09-090,Klawf,Journey Together
sv09-091,Koffing,Journey Together
sv09-129,Komala,Journey Together
sv09-028,Larvesta,Journey Together
sv09-080,Larvitar,Journey Together
sv09-139,Lechonk,Journey Together
sv09-150,Levincia,Journey Together
sv09-056,Lillie's Clefairy ex,Journey Together
sv09-173,Lillie's Clefairy ex,Journey Together
sv09-184,Lillie's Clefairy ex,Journey Together
sv09-068,Lillie's Comfey,Journey Together
sv09-066,Lillie's Cutiefly,Journey Together
sv09-151,Lillie's Pearl,Journey Together
sv09-067,Lillie's Ribombee,Journey Together
sv09-164,Lillie's Ribombee,Journey Together
sv09-007,Lilligant,Journey Together
sv09-100,Lokix,Journey Together
sv09-036,Lombre,Journey Together
sv09-035,Lotad,Journey Together
sv09-037,Ludicolo,Journey Together
sv09-085,Lycanroc,Journey Together
sv09-166,Lycanroc,Journey Together
sv09-107,Magearna,Journey Together
sv09-020,Magmar,Journey Together
sv09-021,Magmortar,Journey Together
sv09-079,Mamoswine ex,Journey Together
sv09-174,Mamoswine ex,Journey Together
sv09-008,Maractus,Journey Together
sv09-160,Maractus,Journey Together
sv09-018,Meowscarada,Journey Together
sv09-063,Metagross,Journey Together
sv09-062,Metang,Journey Together
sv09-002,Metapod,Journey Together
sv09-074,Milcery,Journey Together
sv09-069,Mimikyu ex,Journey Together
sv09-125,Minccino,Journey Together
sv09-072,Morgrem,Journey Together
sv09-058,Mr. Mime,Journey Together
sv09-127,Noibat,Journey Together
sv09-169,Noibat,Journey Together
sv09-128,Noivern,Journey Together
sv09-152,N's Castle,Journey Together
sv09-027,N's Darmanitan,Journey Together
sv09-026,N's Darumaka,Journey Together
sv09-049,N's Joltik,Journey Together
sv09-104,N's Klang,Journey Together
sv09-103,N's Klink,Journey Together
sv09-105,N's Klinklang,Journey Together
sv09-153,N's PP Up,Journey Together
sv09-096,N's Purrloin,Journey Together
sv09-116,N's Reshiram,Journey Together
sv09-167,N's Reshiram,Journey Together
sv09-064,N's Sigilyph,Journey Together
sv09-098,N's Zoroark ex,Journey Together
sv09-175,N's Zoroark ex,Journey Together
sv09-185,N's Zoroark ex,Journey Together
sv09-189,N's Zoroark ex,Journey Together
sv09-097,N's Zorua,Journey Together
sv09-019,Nymble,Journey Together
sv09-034,Octillery,Journey Together
sv09-140,Oinkologne,Journey Together
sv09-065,Oricorio,Journey Together
sv09-094,Paldean Clodsire ex,Journey Together
sv09-093,Paldean Wooper,Journey Together
sv09-083,Pancham,Journey Together
sv09-099,Pangoro,Journey Together
sv09-004,Paras,Journey Together
sv09-005,Parasect,Journey Together
sv09-039,Pelipper,Journey Together
sv09-006,Petilil,Journey Together
sv09-078,Piloswine,Journey Together
sv09-154,Postwick,Journey Together
sv09-155,Professor's Research,Journey Together
sv09-081,Pupitar,Journey Together
sv09-156,Redeemable Ticket,Journey Together
sv09-042,Regice,Journey Together
sv09-082,Regirock,Journey Together
sv09-033,Remoraid,Journey Together
sv09-030,Reshiram ex,Journey Together
sv09-084,Rockruff,Journey Together
sv09-157,Ruffian,Journey Together
sv09-181,Ruffian,Journey Together
sv09-114,Salamence ex,Journey Together
sv09-177,Salamence ex,Journey Together
sv09-187,Salamence ex,Journey Together
sv09-118,Sentret,Journey Together
sv09-113,Shelgon,Journey Together
sv09-012,Shelmet,Journey Together
sv09-059,Shuppet,Journey Together
sv09-131,Skwovet,Journey Together
sv09-159,Spiky Energy,Journey Together
sv09-190,Spiky Energy,Journey Together
sv09-016,Sprigatito,Journey Together
sv09-141,Squawkabilly,Journey Together
sv09-158,Super Potion,Journey Together
sv09-077,Swinub,Journey Together
sv09-165,Swinub,Journey Together
sv09-051,Tapu Koko ex,Journey Together
sv09-088,Toedscool,Journey Together
sv09-089,Toedscruel,Journey Together
sv09-050,Togedemaru,Journey Together
sv09-022,Torchic,Journey Together
sv09-025,Torkoal,Journey Together
sv09-123,Tropius,Journey Together
sv09-095,Tyranitar,Journey Together
sv09-043,Veluza ex,Journey Together
sv09-015,Virizion,Journey Together
sv09-031,Volcanion ex,Journey Together
sv09-171,Volcanion ex,Journey Together
sv09-182,Volcanion ex,Journey Together
sv09-029,Volcarona,Journey Together
sv09-040,Wailmer,Journey Together
sv09-041,Wailord,Journey Together
sv09-162,Wailord,Journey Together
sv09-092,Weezing,Journey Together
sv09-038,Wingull,Journey Together
base2-1,Clefable,Jungle
base2-2,Electrode,Jungle
base2-3,Flareon,Jungle
base2-4,Jolteon,Jungle
base2-5,Kangaskhan,Jungle
base2-6,Mr. Mime,Jungle
base2-7,Nidoqueen,Jungle
base2-57,Nidoran♀,Jungle
base2-8,Pidgeot,Jungle
base2-9,Pinsir,Jungle
base2-64,Poké Ball,Jungle
base2-10,Scyther,Jungle
base2-11,Snorlax,Jungle
base2-12,Vaporeon,Jungle
base2-13,Venomoth,Jungle
base2-14,Victreebel,Jungle
base2-15,Vileplume,Jungle
base2-16,Wigglytuff,Jungle
xy0-35,Poké Ball,Kalos Starter Set
xy0-36,Pokémon Catcher,Kalos Starter Set
lc-82,Nidoran♀,Legendary Collection
lc-83,Nidoran♂,Legendary Collection
lc-102,Pokémon Breeder,Legendary Collection
lc-103,Pokémon Trader,Legendary Collection
bw11-RC17,Audino,Legendary Treasures
bw11-100,Black Kyurem-EX,Legendary Treasures
bw11-77,Chandelure-EX,Legendary Treasures
bw11-RC19,Cinccino,Legendary Treasures
bw11-88,Darkrai-EX,Legendary Treasures
bw11-RC14,Eevee,Legendary Treasures
bw11-RC20,Elesa,Legendary Treasures
bw11-RC23,Emolga,Legendary Treasures
bw11-82,Excadrill-EX,Legendary Treasures
bw11-RC10,Gardevoir,Legendary Treasures
bw11-RC4,Growlithe,Legendary Treasures
bw11-45,Keldeo-EX,Legendary Treasures
bw11-RC9,Kirlia,Legendary Treasures
bw11-44,Kyurem-EX,Legendary Treasures
bw11-102,Lugia-EX,Legendary Treasures
bw11-RC11,Meloetta-EX,Legendary Treasures
bw11-RC25,Meloetta-EX,Legendary Treasures
bw11-RC24,Mew-EX,Legendary Treasures
bw11-54,Mewtwo-EX,Legendary Treasures
bw11-RC18,Minccino,Legendary Treasures
bw11-RC7,Pikachu,Legendary Treasures
bw11-RC6,Piplup,Legendary Treasures
bw11-RC13,Purrloin,Legendary Treasures
bw11-RC8,Ralts,Legendary Treasures
bw11-RC22,Reshiram,Legendary Treasures
bw11-29,Reshiram-EX,Legendary Treasures
bw11-RC3,Serperior,Legendary Treasures
bw11-RC2,Servine,Legendary Treasures
bw11-RC21,Shaymin-EX,Legendary Treasures
bw11-RC1,Snivy,Legendary Treasures
bw11-RC12,Stunfisk,Legendary Treasures
bw11-RC15,Teddiursa,Legendary Treasures
bw11-RC5,Torchic,Legendary Treasures
bw11-RC16,Ursaring,Legendary Treasures
bw11-24,Victini-EX,Legendary Treasures
bw11-101,White Kyurem-EX,Legendary Treasures
bw11-52,Zekrom-EX,Legendary Treasures
ex12-93,Pikachu δ,Legend Maker
dp6-50,Castform Snow-cloud Form,Legends Awakened
dp6-133,Poké Radar,Legends Awakened
dp6-42,Unown !,Legends Awakened
dp6-82,Unown ?,Legends Awakened
dp6-76,Unown J,Legends Awakened
dp6-77,Unown R,Legends Awakened
dp6-78,Unown U,Legends Awakened
dp6-79,Unown V,Legends Awakened
dp6-80,Unown W,Legends Awakened
dp6-81,Unown Y,Legends Awakened
swsh11-TG23,Adventurer's Discovery,Lost Origin
swsh11-TG07,Banette,Lost Origin
swsh11-TG24,Boss's Orders,Lost Origin
swsh11-TG11,Castform,Lost Origin
swsh11-TG14,Centiskorch V,Lost Origin
swsh11-TG15,Centiskorch VMAX,Lost Origin
swsh11-TG04,Chandelure,Lost Origin
swsh11-TG03,Charizard,Lost Origin
swsh11-TG25,Cook,Lost Origin
swsh11-TG20,Crobat V,Lost Origin
swsh11-TG18,Enamorus V,Lost Origin
swsh11-TG21,Eternatus V,Lost Origin
swsh11-TG22,Eternatus VMAX,Lost Origin
swsh11-TG19,Gallade V,Lost Origin
swsh11-TG06,Gengar,Lost Origin
swsh11-TG08,Hisuian Arcanine,Lost Origin
swsh11-TG26,Kabu,Lost Origin
swsh11-TG30,Mew VMAX,Lost Origin
swsh11-TG27,Nessa,Lost Origin
swsh11-TG28,Opal,Lost Origin
swsh11-TG12,Orbeetle V,Lost Origin
swsh11-TG13,Orbeetle VMAX,Lost Origin
swsh11-TG01,Parasect,Lost Origin
swsh11-TG05,Pikachu,Lost Origin
swsh11-TG16,Pikachu V,Lost Origin
swsh11-TG17,Pikachu VMAX,Lost Origin
swsh11-TG29,Pikachu VMAX,Lost Origin
swsh11-TG02,Roserade,Lost Origin
swsh11-TG10,Snorlax,Lost Origin
swsh11-TG09,Spiritomb,Lost Origin
sm8-19,Celebi ◇,Lost Thunder
sm8-154,Ditto ◇,Lost Thunder
sm8-177,Fairy Charm Dragon,Lost Thunder
sm8-176,Fairy Charm Fighting,Lost Thunder
sm8-174,Fairy Charm Grass,Lost Thunder
sm8-175,Fairy Charm Psychic,Lost Thunder
sm8-178,Heat Factory ◇,Lost Thunder
sm8-180,Life Forest ◇,Lost Thunder
sm8-182,Lusamine ◇,Lost Thunder
sm8-188,Professor Elm’s Lecture,Lost Thunder
sm8-213,Professor Elm’s Lecture,Lost Thunder
sm8-191,Thunder Mountain ◇,Lost Thunder
sm8-144,Xerneas ◇,Lost Thunder
2016xy-10,Dedenne,Macdonald's Collection 2016
2016xy-12,Eevee,Macdonald's Collection 2016
2016xy-3,Fennekin,Macdonald's Collection 2016
2016xy-8,Jigglypuff,Macdonald's Collection 2016
2016xy-4,Magikarp,Macdonald's Collection 2016
2016xy-11,Meowth,Macdonald's Collection 2016
2016xy-6,Pikachu,Macdonald's Collection 2016
2016xy-7,Scraggy,Macdonald's Collection 2016
2016xy-9,Togepi,Macdonald's Collection 2016
2016xy-5,Totodile,Macdonald's Collection 2016
2016xy-1,Vulpix,Macdonald's Collection 2016
2021swsh-1,Bulbasaur,Macdonald's Collection 2021
2021swsh-9,Charmander,Macdonald's Collection 2021
2021swsh-6,Chespin,Macdonald's Collection 2021
2021swsh-2,Chikorita,Macdonald's Collection 2021
2021swsh-12,Chimchar,Macdonald's Collection 2021
2021swsh-10,Cyndaquil,Macdonald's Collection 2021
2021swsh-14,Fennekin,Macdonald's Collection 2021
2021swsh-22,Froakie,Macdonald's Collection 2021
2021swsh-8,Grookey,Macdonald's Collection 2021
2021swsh-15,Litten,Macdonald's Collection 2021
2021swsh-19,Mudkip,Macdonald's Collection 2021
2021swsh-21,Oshawott,Macdonald's Collection 2021
2021swsh-25,Pikachu,Macdonald's Collection 2021
2021swsh-20,Piplup,Macdonald's Collection 2021
2021swsh-23,Popplio,Macdonald's Collection 2021
2021swsh-7,Rowlet,Macdonald's Collection 2021
2021swsh-16,Scorbunny,Macdonald's Collection 2021
2021swsh-5,Snivy,Macdonald's Collection 2021
2021swsh-24,Sobble,Macdonald's Collection 2021
2021swsh-17,Squirtle,Macdonald's Collection 2021
2021swsh-13,Tepig,Macdonald's Collection 2021
2021swsh-11,Torchic,Macdonald's Collection 2021
2021swsh-18,Totodile,Macdonald's Collection 2021
2021swsh-3,Treecko,Macdonald's Collection 2021
2021swsh-4,Turtwig,Macdonald's Collection 2021
dp5-99,Leafeon,Majestic Dawn
dp5-85,Poké Ball,Majestic Dawn
dp5-33,Unown P,Majestic Dawn
dp5-49,Unown Q,Majestic Dawn
me01-123,Pokémon Center Lady,Mega Evolution
B1-150,Absol,Mega Rising
B1-172,Aegislash,Mega Rising
B1-185,Aipom,Mega Rising
B1-311,Alolan Diglett,Mega Rising
B1-325,Alolan Dugtrio ex,Mega Rising
B1-197,Altaria,Mega Rising
B1-186,Ambipom,Mega Rising
B1-084,Ampharos,Mega Rising
B1-029,Arcanine,Mega Rising
B1-328,Arceus ex,Mega Rising
B1-133,Archen,Mega Rising
B1-134,Archeops,Mega Rising
B1-242,Archeops,Mega Rising
B1-116,Aromatisse,Mega Rising
B1-078,Arrokuda,Mega Rising
B1-298,Articuno,Mega Rising
B1-075,Avalugg,Mega Rising
B1-079,Barraskewda,Mega Rising
B1-005,Beautifly,Mega Rising
B1-227,Beautifly,Mega Rising
B1-287,Bellsprout,Mega Rising
B1-074,Bergmite,Mega Rising
B1-142,Bewear,Mega Rising
B1-327,Bibarel ex,Mega Rising
B1-316,Bidoof,Mega Rising
B1-035,Blaziken,Mega Rising
B1-090,Blitzle,Mega Rising
B1-096,Boltund,Mega Rising
B1-205,Braviary,Mega Rising
B1-012,Breloom,Mega Rising
B1-301,Brionne,Mega Rising
B1-119,Carbink,Mega Rising
B1-146,Carkol,Mega Rising
B1-067,Carracosta,Mega Rising
B1-006,Cascoon,Mega Rising
B1-043,Chandelure,Mega Rising
B1-231,Chandelure,Mega Rising
B1-198,Chatot,Mega Rising
B1-076,Chewtle,Mega Rising
B1-109,Chingling,Mega Rising
B1-147,Coalossal,Mega Rising
B1-169,Cobalion,Mega Rising
B1-111,Cofagrigus,Mega Rising
B1-238,Cofagrigus,Mega Rising
B1-034,Combusken,Mega Rising
B1-225,Copycat,Mega Rising
B1-270,Copycat,Mega Rising
B1-058,Corphish,Mega Rising
B1-175,Corviknight,Mega Rising
B1-246,Corviknight,Mega Rising
B1-210,Corvisquire,Mega Rising
B1-015,Cottonee,Mega Rising
B1-216,Cover Fossil,Mega Rising
B1-140,Crabominable,Mega Rising
B1-139,Crabrawler,Mega Rising
B1-059,Crawdaunt,Mega Rising
B1-154,Darkrai,Mega Rising
B1-040,Darmanitan,Mega Rising
B1-291,Dartrix,Mega Rising
B1-039,Darumaka,Mega Rising
B1-317,Decidueye ex,Mega Rising
B1-094,Dedenne,Mega Rising
B1-155,Deino,Mega Rising
B1-194,Delcatty,Mega Rising
B1-248,Delcatty,Mega Rising
B1-326,Dialga ex,Mega Rising
B1-315,Dodrio,Mega Rising
B1-314,Doduo,Mega Rising
B1-171,Doublade,Mega Rising
B1-160,Dragalge ex,Mega Rising
B1-263,Dragalge ex,Mega Rising
B1-281,Dragalge ex,Mega Rising
B1-153,Drapion,Mega Rising
B1-077,Drednaw,Mega Rising
B1-108,Drifblim,Mega Rising
B1-107,Drifloon,Mega Rising
B1-305,Drowzee,Mega Rising
B1-176,Druddigon,Mega Rising
B1-212,Dubwool,Mega Rising
B1-168,Durant,Mega Rising
B1-104,Dusclops,Mega Rising
B1-105,Dusknoir,Mega Rising
B1-103,Duskull,Mega Rising
B1-007,Dustox,Mega Rising
B1-184,Eevee,Mega Rising
B1-080,Eiscue,Mega Rising
B1-236,Eiscue,Mega Rising
B1-192,Exploud,Mega Rising
B1-224,Fantina,Mega Rising
B1-269,Fantina,Mega Rising
B1-166,Ferroseed,Mega Rising
B1-167,Ferrothorn,Mega Rising
B1-083,Flaaffy,Mega Rising
B1-217,Flame Patch,Mega Rising
B1-331,Flame Patch,Mega Rising
B1-068,Frillish,Mega Rising
B1-071,Froakie,Mega Rising
B1-072,Frogadier,Mega Rising
B1-206,Furfrou,Mega Rising
B1-207,Furfrou,Mega Rising
B1-208,Furfrou,Mega Rising
B1-093,Galvantula,Mega Rising
B1-307,Geodude,Mega Rising
B1-022,Gogoat,Mega Rising
B1-049,Golduck,Mega Rising
B1-309,Golem,Mega Rising
B1-135,Golett,Mega Rising
B1-136,Golurk,Mega Rising
B1-179,Goodra,Mega Rising
B1-177,Goomy,Mega Rising
B1-247,Goomy,Mega Rising
B1-112,Gothita,Mega Rising
B1-239,Gothita,Mega Rising
B1-114,Gothitelle,Mega Rising
B1-113,Gothorita,Mega Rising
B1-308,Graveler,Mega Rising
B1-073,Greninja ex,Mega Rising
B1-256,Greninja ex,Mega Rising
B1-275,Greninja ex,Mega Rising
B1-165,Grimmsnarl,Mega Rising
B1-025,Grookey,Mega Rising
B1-028,Growlithe,Mega Rising
B1-230,Growlithe,Mega Rising
B1-051,Gyarados,Mega Rising
B1-222,Hala,Mega Rising
B1-267,Hala,Mega Rising
B1-127,Hariyama,Mega Rising
B1-044,Heatmor,Mega Rising
B1-219,Heavy Helmet,Mega Rising
B1-202,Herdier,Mega Rising
B1-128,Hippopotas,Mega Rising
B1-129,Hippowdon,Mega Rising
B1-241,Hippowdon,Mega Rising
B1-124,Hitmonchan ex,Mega Rising
B1-261,Hitmonchan ex,Mega Rising
B1-279,Hitmonchan ex,Mega Rising
B1-215,Hitting Hammer,Mega Rising
B1-149,Honchkrow,Mega Rising
B1-244,Honchkrow,Mega Rising
B1-170,Honedge,Mega Rising
B1-032,Ho-Oh,Mega Rising
B1-157,Hydreigon,Mega Rising
B1-245,Hydreigon,Mega Rising
B1-306,Hypno,Mega Rising
B1-163,Impidimp,Mega Rising
B1-318,Incineroar ex,Mega Rising
B1-121,Indeedee ex,Mega Rising
B1-260,Indeedee ex,Mega Rising
B1-278,Indeedee ex,Mega Rising
B1-069,Jellicent,Mega Rising
B1-234,Jellicent,Mega Rising
B1-106,Jirachi,Mega Rising
B1-081,Jolteon ex,Mega Rising
B1-257,Jolteon ex,Mega Rising
B1-276,Jolteon ex,Mega Rising
B1-092,Joltik,Mega Rising
B1-070,Keldeo,Mega Rising
B1-235,Keldeo,Mega Rising
B1-120,Klefki,Mega Rising
B1-330,Klefki,Mega Rising
B1-131,Krokorok,Mega Rising
B1-132,Krookodile,Mega Rising
B1-042,Lampent,Mega Rising
B1-018,Lilligant,Mega Rising
B1-329,Lilligant,Mega Rising
B1-201,Lillipup,Mega Rising
B1-189,Linoone,Mega Rising
B1-226,Lisia,Mega Rising
B1-271,Lisia,Mega Rising
B1-045,Litleo,Mega Rising
B1-293,Litten,Mega Rising
B1-041,Litwick,Mega Rising
B1-054,Lombre,Mega Rising
B1-053,Lotad,Mega Rising
B1-191,Loudred,Mega Rising
B1-220,Lucky Mittens,Mega Rising
B1-055,Ludicolo,Mega Rising
B1-233,Ludicolo,Mega Rising
B1-060,Luvdisc,Mega Rising
B1-087,Luxio,Mega Rising
B1-088,Luxray,Mega Rising
B1-237,Luxray,Mega Rising
B1-323,Lycanroc ex,Mega Rising
B1-050,Magikarp,Mega Rising
B1-232,Magikarp,Mega Rising
B1-126,Makuhita,Mega Rising
B1-240,Makuhita,Mega Rising
B1-299,Manaphy,Mega Rising
B1-019,Maractus,Mega Rising
B1-161,Mareanie,Mega Rising
B1-082,Mareep,Mega Rising
B1-221,Marlon,Mega Rising
B1-266,Marlon,Mega Rising
B1-223,May,Mega Rising
B1-268,May,Mega Rising
B1-151,Mega Absol ex,Mega Rising
B1-262,Mega Absol ex,Mega Rising
B1-280,Mega Absol ex,Mega Rising
B1-102,Mega Altaria ex,Mega Rising
B1-259,Mega Altaria ex,Mega Rising
B1-286,Mega Altaria ex,Mega Rising
B1-085,Mega Ampharos ex,Mega Rising
B1-258,Mega Ampharos ex,Mega Rising
B1-277,Mega Ampharos ex,Mega Rising
B1-036,Mega Blaziken ex,Mega Rising
B1-254,Mega Blaziken ex,Mega Rising
B1-284,Mega Blaziken ex,Mega Rising
B1-052,Mega Gyarados ex,Mega Rising
B1-255,Mega Gyarados ex,Mega Rising
B1-285,Mega Gyarados ex,Mega Rising
B1-002,Mega Pinsir ex,Mega Rising
B1-251,Mega Pinsir ex,Mega Rising
B1-272,Mega Pinsir ex,Mega Rising
B1-174,Melmetal ex,Mega Rising
B1-264,Melmetal ex,Mega Rising
B1-282,Melmetal ex,Mega Rising
B1-173,Meltan,Mega Rising
B1-312,Meowth,Mega Rising
B1-187,Miltank,Mega Rising
B1-099,Misdreavus,Mega Rising
B1-100,Mismagius,Mega Rising
B1-292,Moltres,Mega Rising
B1-164,Morgrem,Mega Rising
B1-148,Murkrow,Mega Rising
B1-097,Natu,Mega Rising
B1-009,Nuzleaf,Mega Rising
B1-303,Oricorio,Mega Rising
B1-089,Pachirisu,Mega Rising
B1-319,Palkia ex,Mega Rising
B1-144,Palossand,Mega Rising
B1-064,Palpitoad,Mega Rising
B1-138,Pancham,Mega Rising
B1-243,Pancham,Mega Rising
B1-158,Pangoro,Mega Rising
B1-061,Panpour,Mega Rising
B1-013,Pansage,Mega Rising
B1-037,Pansear,Mega Rising
B1-324,Passimian ex,Mega Rising
B1-199,Patrat,Mega Rising
B1-313,Persian,Mega Rising
B1-017,Petilil,Mega Rising
B1-023,Phantump,Mega Rising
B1-182,Pidgeot,Mega Rising
B1-181,Pidgeotto,Mega Rising
B1-180,Pidgey,Mega Rising
B1-321,Pikachu ex,Mega Rising
B1-001,Pinsir,Mega Rising
B1-214,Plume Fossil,Mega Rising
B1-295,Poliwag,Mega Rising
B1-296,Poliwhirl,Mega Rising
B1-297,Poliwrath,Mega Rising
B1-030,Ponyta,Mega Rising
B1-300,Popplio,Mega Rising
B1-213,Prank Spinner,Mega Rising
B1-320,Primarina ex,Mega Rising
B1-048,Psyduck,Mega Rising
B1-046,Pyroar,Mega Rising
B1-031,Rapidash ex,Mega Rising
B1-253,Rapidash ex,Mega Rising
B1-274,Rapidash ex,Mega Rising
B1-027,Rillaboom,Mega Rising
B1-229,Rillaboom,Mega Rising
B1-310,Rockruff,Mega Rising
B1-145,Rolycoly,Mega Rising
B1-209,Rookidee,Mega Rising
B1-290,Rowlet,Mega Rising
B1-204,Rufflet,Mega Rising
B1-250,Rufflet,Mega Rising
B1-101,Sableye,Mega Rising
B1-130,Sandile,Mega Rising
B1-122,Sandshrew,Mega Rising
B1-123,Sandslash,Mega Rising
B1-143,Sandygast,Mega Rising
B1-008,Seedot,Mega Rising
B1-065,Seismitoad,Mega Rising
B1-010,Shiftry,Mega Rising
B1-086,Shinx,Mega Rising
B1-011,Shroomish,Mega Rising
B1-004,Silcoon,Mega Rising
B1-062,Simipour,Mega Rising
B1-014,Simisage,Mega Rising
B1-038,Simisear,Mega Rising
B1-218,Sitrus Berry,Mega Rising
B1-021,Skiddo,Mega Rising
B1-228,Skiddo,Mega Rising
B1-193,Skitty,Mega Rising
B1-152,Skorupi,Mega Rising
B1-159,Skrelp,Mega Rising
B1-178,Sliggoo,Mega Rising
B1-118,Slurpuff,Mega Rising
B1-195,Spinda,Mega Rising
B1-115,Spritzee,Mega Rising
B1-203,Stoutland,Mega Rising
B1-249,Stoutland,Mega Rising
B1-141,Stufful,Mega Rising
B1-125,Sudowoodo,Mega Rising
B1-196,Swablu,Mega Rising
B1-117,Swirlix,Mega Rising
B1-322,Tapu Koko ex,Mega Rising
B1-183,Tauros ex,Mega Rising
B1-265,Tauros ex,Mega Rising
B1-283,Tauros ex,Mega Rising
B1-137,Terrakion,Mega Rising
B1-026,Thwackey,Mega Rising
B1-066,Tirtouga,Mega Rising
B1-033,Torchic,Mega Rising
B1-294,Torracat,Mega Rising
B1-162,Toxapex,Mega Rising
B1-024,Trevenant,Mega Rising
B1-047,Turtonator,Mega Rising
B1-063,Tympole,Mega Rising
B1-289,Victreebel,Mega Rising
B1-020,Virizion,Mega Rising
B1-056,Wailmer,Mega Rising
B1-057,Wailord,Mega Rising
B1-200,Watchog,Mega Rising
B1-288,Weepinbell,Mega Rising
B1-016,Whimsicott ex,Mega Rising
B1-252,Whimsicott ex,Mega Rising
B1-273,Whimsicott ex,Mega Rising
B1-190,Whismur,Mega Rising
B1-211,Wooloo,Mega Rising
B1-003,Wurmple,Mega Rising
B1-098,Xatu,Mega Rising
B1-110,Yamask,Mega Rising
B1-095,Yamper,Mega Rising
B1-302,Zapdos,Mega Rising
B1-091,Zebstrika,Mega Rising
B1-304,Zeraora,Mega Rising
B1-188,Zigzagoon,Mega Rising
B1-156,Zweilous,Mega Rising
mep-003,Alakazam,MEP Black Star Promos
mep-009,Alakazam,MEP Black Star Promos
mep-006,Drifblim,MEP Black Star Promos
mep-005,Drifloon,MEP Black Star Promos
mep-008,Golduck,MEP Black Star Promos
mep-002,Inteleon,MEP Black Star Promos
mep-004,Lunatone,MEP Black Star Promos
mep-001,Meganium,MEP Black Star Promos
mep-007,Psyduck,MEP Black Star Promos
mep-010,Riolu,MEP Black Star Promos
dp2-91,Nidoran♀,Mysterious Treasures
dp2-65,Unown E,Mysterious Treasures
dp2-37,Unown I,Mysterious Treasures
dp2-66,Unown M,Mysterious Treasures
dp2-67,Unown T,Mysterious Treasures
A1a-046,Aerodactyl ex,Mythical Island
A1a-078,Aerodactyl ex,Mythical Island
A1a-084,Aerodactyl ex,Mythical Island
A1a-035,Beheeyem,Mythical Island
A1a-067,Blue,Mythical Island
A1a-081,Blue,Mythical Island
A1a-066,Budding Expeditioner,Mythical Island
A1a-080,Budding Expeditioner,Mythical Island
A1a-003,Celebi ex,Mythical Island
A1a-075,Celebi ex,Mythical Island
A1a-085,Celebi ex,Mythical Island
A1a-062,Chatot,Mythical Island
A1a-022,Chewtle,Mythical Island
A1a-024,Cramorant,Mythical Island
A1a-030,Dedenne,Mythical Island
A1a-073,Dedenne,Mythical Island
A1a-009,Dhelmise,Mythical Island
A1a-023,Drednaw,Mythical Island
A1a-056,Druddigon,Mythical Island
A1a-061,Eevee,Mythical Island
A1a-027,Electabuzz,Mythical Island
A1a-034,Elgyem,Mythical Island
A1a-001,Exeggcute,Mythical Island
A1a-002,Exeggutor,Mythical Island
A1a-069,Exeggutor,Mythical Island
A1a-020,Finneon,Mythical Island
A1a-036,Flabébé,Mythical Island
A1a-037,Floette,Mythical Island
A1a-038,Florges,Mythical Island
A1a-029,Galvantula,Mythical Island
A1a-043,Geodude,Mythical Island
A1a-045,Golem,Mythical Island
A1a-044,Graveler,Mythical Island
A1a-018,Gyarados ex,Mythical Island
A1a-076,Gyarados ex,Mythical Island
A1a-028,Joltik,Mythical Island
A1a-049,Koffing,Mythical Island
A1a-013,Larvesta,Mythical Island
A1a-068,Leaf,Mythical Island
A1a-082,Leaf,Mythical Island
A1a-052,Liepard,Mythical Island
A1a-021,Lumineon,Mythical Island
A1a-017,Magikarp,Mythical Island
A1a-012,Magmar,Mythical Island
A1a-041,Mankey,Mythical Island
A1a-047,Marshadow,Mythical Island
A1a-074,Marshadow,Mythical Island
A1a-031,Mew,Mythical Island
A1a-032,Mew ex,Mythical Island
A1a-077,Mew ex,Mythical Island
A1a-083,Mew ex,Mythical Island
A1a-086,Mew ex,Mythical Island
A1a-007,Morelull,Mythical Island
A1a-065,Mythical Slab,Mythical Island
A1a-063,Old Amber,Mythical Island
A1a-059,Pidgeot ex,Mythical Island
A1a-079,Pidgeot ex,Mythical Island
A1a-058,Pidgeotto,Mythical Island
A1a-057,Pidgey,Mythical Island
A1a-025,Pikachu,Mythical Island
A1a-064,Pokémon Flute,Mythical Island
A1a-010,Ponyta,Mythical Island
A1a-042,Primeape,Mythical Island
A1a-051,Purrloin,Mythical Island
A1a-026,Raichu,Mythical Island
A1a-011,Rapidash,Mythical Island
A1a-015,Salandit,Mythical Island
A1a-071,Salandit,Mythical Island
A1a-016,Salazzle,Mythical Island
A1a-055,Scolipede,Mythical Island
A1a-006,Serperior,Mythical Island
A1a-070,Serperior,Mythical Island
A1a-005,Servine,Mythical Island
A1a-008,Shiinotic,Mythical Island
A1a-033,Sigilyph,Mythical Island
A1a-040,Slurpuff,Mythical Island
A1a-004,Snivy,Mythical Island
A1a-048,Stonjourner,Mythical Island
A1a-039,Swirlix,Mythical Island
A1a-060,Tauros,Mythical Island
A1a-019,Vaporeon,Mythical Island
A1a-072,Vaporeon,Mythical Island
A1a-053,Venipede,Mythical Island
A1a-014,Volcarona,Mythical Island
A1a-050,Weezing,Mythical Island
A1a-054,Whirlipede,Mythical Island
neo4-1,Dark Ampharos,Neo Destiny
neo4-2,Dark Crobat,Neo Destiny
neo4-3,Dark Donphan,Neo Destiny
neo4-4,Dark Espeon,Neo Destiny
neo4-33,Dark Exeggutor,Neo Destiny
neo4-5,Dark Feraligatr,Neo Destiny
neo4-6,Dark Gengar,Neo Destiny
neo4-7,Dark Houndoom,Neo Destiny
neo4-8,Dark Porygon2,Neo Destiny
neo4-9,Dark Scizor,Neo Destiny
neo4-10,Dark Typhlosion,Neo Destiny
neo4-11,Dark Tyranitar,Neo Destiny
neo4-12,Light Arcanine,Neo Destiny
neo4-13,Light Azumarill,Neo Destiny
neo4-14,Light Dragonite,Neo Destiny
neo4-15,Light Togetic,Neo Destiny
neo4-16,Miracle Energy,Neo Destiny
neo4-102,Pokémon Personality Test,Neo Destiny
neo4-106,Shining Celebi,Neo Destiny
neo4-107,Shining Charizard,Neo Destiny
neo4-108,Shining Kabutops,Neo Destiny
neo4-109,Shining Mewtwo,Neo Destiny
neo4-110,Shining Noctowl,Neo Destiny
neo4-111,Shining Raichu,Neo Destiny
neo4-112,Shining Steelix,Neo Destiny
neo4-113,Shining Tyranitar,Neo Destiny
neo2-1,Espeon,Neo Discovery
neo2-2,Forretress,Neo Discovery
neo2-3,Hitmontop,Neo Discovery
neo2-4,Houndoom,Neo Discovery
neo2-5,Houndour,Neo Discovery
neo2-6,Kabutops,Neo Discovery
neo2-26,Magnemite,Neo Discovery
neo2-7,Magnemite,Neo Discovery
neo2-8,Politoed,Neo Discovery
neo2-9,Poliwrath,Neo Discovery
neo2-10,Scizor,Neo Discovery
neo2-11,Smeargle,Neo Discovery
neo2-12,Tyranitar,Neo Discovery
neo2-13,Umbreon,Neo Discovery
neo2-14,Unown [A],Neo Discovery
neo2-15,Ursaring,Neo Discovery
neo2-16,Wobbuffet,Neo Discovery
neo2-17,Yanma,Neo Discovery
neo1-1,Ampharos,Neo Genesis
neo1-2,Azumarill,Neo Genesis
neo1-3,Bellossom,Neo Genesis
neo1-4,Feraligatr,Neo Genesis
neo1-5,Feraligatr,Neo Genesis
neo1-6,Heracross,Neo Genesis
neo1-7,Jumpluff,Neo Genesis
neo1-8,Kingdra,Neo Genesis
neo1-9,Lugia,Neo Genesis
neo1-10,Meganium,Neo Genesis
neo1-11,Meganium,Neo Genesis
neo1-19,Metal Energy,Neo Genesis
neo1-95,New Pokédex,Neo Genesis
neo1-12,Pichu,Neo Genesis
neo1-88,PokéGear,Neo Genesis
neo1-102,Pokémon March,Neo Genesis
neo1-13,Skarmory,Neo Genesis
neo1-14,Slowking,Neo Genesis
neo1-15,Steelix,Neo Genesis
neo1-16,Togetic,Neo Genesis
neo1-17,Typhlosion,Neo Genesis
neo1-18,Typhlosion,Neo Genesis
neo3-1,Ampharos,Neo Revelation
neo3-2,Blissey,Neo Revelation
neo3-3,Celebi,Neo Revelation
neo3-4,Crobat,Neo Revelation
neo3-5,Delibird,Neo Revelation
neo3-6,Entei,Neo Revelation
neo3-7,Ho-oh,Neo Revelation
neo3-8,Houndoom,Neo Revelation
neo3-9,Jumpluff,Neo Revelation
neo3-10,Magneton,Neo Revelation
neo3-11,Misdreavus,Neo Revelation
neo3-62,Pokémon Breeder Fields,Neo Revelation
neo3-12,Porygon2,Neo Revelation
neo3-13,Raikou,Neo Revelation
neo3-65,Shining Gyarados,Neo Revelation
neo3-66,Shining Magikarp,Neo Revelation
neo3-14,Suicune,Neo Revelation
bw4-38,Kyurem-EX,Next Destinies
bw4-96,Kyurem-EX,Next Destinies
bw4-54,Mewtwo-EX,Next Destinies
bw4-98,Mewtwo-EX,Next Destinies
bw4-90,Pokémon Center,Next Destinies
bw4-82,Regigigas-EX,Next Destinies
bw4-99,Regigigas-EX,Next Destinies
bw4-22,Reshiram-EX,Next Destinies
bw4-95,Reshiram-EX,Next Destinies
bw4-5,Shaymin-EX,Next Destinies
bw4-94,Shaymin-EX,Next Destinies
bw4-51,Zekrom-EX,Next Destinies
bw4-97,Zekrom-EX,Next Destinies
np-32,Articuno ex,Nintendo Black Star Promos
np-22,Beldum,Nintendo Black Star Promos
np-29,Celebi,Nintendo Black Star Promos
np-28,Championship Arena,Nintendo Black Star Promos
np-24,Chimecho,Nintendo Black Star Promos
np-9,Combusken,Nintendo Black Star Promos
np-25,Flygon,Nintendo Black Star Promos
np-2,Groudon ex,Nintendo Black Star Promos
np-38,Groudon ex,Nintendo Black Star Promos
np-4,Grovyle,Nintendo Black Star Promos
np-21,Jirachi,Nintendo Black Star Promos
np-1,Kyogre ex,Nintendo Black Star Promos
np-37,Kyogre ex,Nintendo Black Star Promos
np-14,Latias,Nintendo Black Star Promos
np-15,Latios,Nintendo Black Star Promos
np-20,Ludicolo,Nintendo Black Star Promos
np-11,Marshtomp,Nintendo Black Star Promos
np-13,Meowth,Nintendo Black Star Promos
np-23,Metang,Nintendo Black Star Promos
np-40,Mew,Nintendo Black Star Promos
np-31,Moltres ex,Nintendo Black Star Promos
np-10,Mudkip,Nintendo Black Star Promos
np-18,Mudkip,Nintendo Black Star Promos
np-5,Mudkip,Nintendo Black Star Promos
np-12,Pikachu,Nintendo Black Star Promos
np-35,Pikachu δ,Nintendo Black Star Promos
np-39,Rayquaza ex,Nintendo Black Star Promos
np-30,Suicune,Nintendo Black Star Promos
np-17,Torchic,Nintendo Black Star Promos
np-6,Torchic,Nintendo Black Star Promos
np-8,Torchic,Nintendo Black Star Promos
np-16,Treecko,Nintendo Black Star Promos
np-3,Treecko,Nintendo Black Star Promos
np-7,Treecko,Nintendo Black Star Promos
np-27,Tropical Tidal Wave,Nintendo Black Star Promos
np-36,Tropical Tidal Wave,Nintendo Black Star Promos
np-26,Tropical Wind,Nintendo Black Star Promos
np-34,Typhlosion,Nintendo Black Star Promos
np-19,Whismur,Nintendo Black Star Promos
np-33,Zapdos ex,Nintendo Black Star Promos
sv03-135,Absol ex,Obsidian Flames
sv03-214,Absol ex,Obsidian Flames
sv03-160,Altaria,Obsidian Flames
sv03-010,Amoonguss,Obsidian Flames
sv03-021,Arboliva,Obsidian Flames
sv03-044,Armarouge,Obsidian Flames
sv03-229,Artazon,Obsidian Flames
sv03-186,Arven,Obsidian Flames
sv03-173,Audino,Obsidian Flames
sv03-094,Baltoy,Obsidian Flames
sv03-108,Barboach,Obsidian Flames
sv03-230,Basic Fire Energy,Obsidian Flames
sv03-054,Beartic,Obsidian Flames
sv03-077,Bellibolt,Obsidian Flames
sv03-078,Bellibolt,Obsidian Flames
sv03-201,Bellibolt,Obsidian Flames
sv03-003,Bellossom,Obsidian Flames
sv03-149,Bisharp,Obsidian Flames
sv03-110,Bonsly,Obsidian Flames
sv03-174,Bouffalant,Obsidian Flames
sv03-016,Bounsweet,Obsidian Flames
sv03-187,Brassius,Obsidian Flames
sv03-145,Bronzong,Obsidian Flames
sv03-144,Bronzor,Obsidian Flames
sv03-048,Buizel,Obsidian Flames
sv03-175,Bunnelby,Obsidian Flames
sv03-032,Camerupt,Obsidian Flames
sv03-023,Capsakid,Obsidian Flames
sv03-024,Capsakid,Obsidian Flames
sv03-046,Carvanha,Obsidian Flames
sv03-038,Chandelure,Obsidian Flames
sv03-043,Charcadet,Obsidian Flames
sv03-125,Charizard ex,Obsidian Flames
sv03-215,Charizard ex,Obsidian Flames
sv03-223,Charizard ex,Obsidian Flames
sv03-228,Charizard ex,Obsidian Flames
sv03-026,Charmander,Obsidian Flames
sv03-027,Charmeleon,Obsidian Flames
sv03-095,Claydol,Obsidian Flames
sv03-082,Clefable ex,Obsidian Flames
sv03-081,Clefairy,Obsidian Flames
sv03-080,Cleffa,Obsidian Flames
sv03-202,Cleffa,Obsidian Flames
sv03-008,Combee,Obsidian Flames
sv03-115,Crabominable,Obsidian Flames
sv03-114,Crabrawler,Obsidian Flames
sv03-055,Cryogonal,Obsidian Flames
sv03-053,Cubchoo,Obsidian Flames
sv03-136,Darkrai,Obsidian Flames
sv03-035,Darmanitan,Obsidian Flames
sv03-014,Dartrix,Obsidian Flames
sv03-034,Darumaka,Obsidian Flames
sv03-015,Decidueye ex,Obsidian Flames
sv03-113,Diggersby,Obsidian Flames
sv03-103,Diglett,Obsidian Flames
sv03-020,Dolliv,Obsidian Flames
sv03-158,Dragonair,Obsidian Flames
sv03-159,Dragonite ex,Obsidian Flames
sv03-161,Drampa,Obsidian Flames
sv03-157,Dratini,Obsidian Flames
sv03-111,Drilbur,Obsidian Flames
sv03-104,Dugtrio,Obsidian Flames
sv03-068,Eelektrik,Obsidian Flames
sv03-069,Eelektross,Obsidian Flames
sv03-166,Eevee,Obsidian Flames
sv03-042,Eiscue ex,Obsidian Flames
sv03-210,Eiscue ex,Obsidian Flames
sv03-222,Eiscue ex,Obsidian Flames
sv03-030,Entei,Obsidian Flames
sv03-086,Espeon,Obsidian Flames
sv03-147,Excadrill,Obsidian Flames
sv03-060,Finizen,Obsidian Flames
sv03-061,Finizen,Obsidian Flames
sv03-185,Flamigo,Obsidian Flames
sv03-049,Floatzel,Obsidian Flames
sv03-009,Foongus,Obsidian Flames
sv03-056,Froakie,Obsidian Flames
sv03-057,Frogadier,Obsidian Flames
sv03-188,Geeta,Obsidian Flames
sv03-218,Geeta,Obsidian Flames
sv03-226,Geeta,Obsidian Flames
sv03-121,Glimmet,Obsidian Flames
sv03-122,Glimmet,Obsidian Flames
sv03-123,Glimmora ex,Obsidian Flames
sv03-213,Glimmora ex,Obsidian Flames
sv03-002,Gloom,Obsidian Flames
sv03-198,Gloom,Obsidian Flames
sv03-088,Granbull,Obsidian Flames
sv03-099,Greavard,Obsidian Flames
sv03-100,Greavard,Obsidian Flames
sv03-179,Greedent ex,Obsidian Flames
sv03-091,Grumpig,Obsidian Flames
sv03-177,Gumshoos,Obsidian Flames
sv03-039,Heatmor,Obsidian Flames
sv03-171,Herdier,Obsidian Flames
sv03-133,Houndoom,Obsidian Flames
sv03-134,Houndoom ex,Obsidian Flames
sv03-131,Houndour,Obsidian Flames
sv03-132,Houndour,Obsidian Flames
sv03-204,Houndour,Obsidian Flames
sv03-101,Houndstone,Obsidian Flames
sv03-102,Houndstone ex,Obsidian Flames
sv03-137,Inkay,Obsidian Flames
sv03-165,Kangaskhan,Obsidian Flames
sv03-150,Kingambit,Obsidian Flames
sv03-120,Klawf ex,Obsidian Flames
sv03-124,Koraidon ex,Obsidian Flames
sv03-037,Lampent,Obsidian Flames
sv03-045,Lapras,Obsidian Flames
sv03-040,Larvesta,Obsidian Flames
sv03-105,Larvitar,Obsidian Flames
sv03-203,Larvitar,Obsidian Flames
sv03-180,Lechonk,Obsidian Flames
sv03-181,Lechonk,Obsidian Flames
sv03-182,Lechonk,Obsidian Flames
sv03-209,Lechonk,Obsidian Flames
sv03-189,Letter of Encouragement,Obsidian Flames
sv03-170,Lillipup,Obsidian Flames
sv03-168,Linoone,Obsidian Flames
sv03-036,Litwick,Obsidian Flames
sv03-092,Lunatone,Obsidian Flames
sv03-117,Lycanroc,Obsidian Flames
sv03-063,Magnemite,Obsidian Flames
sv03-064,Magneton,Obsidian Flames
sv03-065,Magnezone,Obsidian Flames
sv03-138,Malamar,Obsidian Flames
sv03-007,Masquerain,Obsidian Flames
sv03-089,Mawile,Obsidian Flames
sv03-143,Mawile,Obsidian Flames
sv03-153,Melmetal ex,Obsidian Flames
sv03-152,Meltan,Obsidian Flames
sv03-079,Miraidon ex,Obsidian Flames
sv03-029,Ninetales,Obsidian Flames
sv03-199,Ninetales,Obsidian Flames
sv03-107,Nosepass,Obsidian Flames
sv03-031,Numel,Obsidian Flames
sv03-001,Oddish,Obsidian Flames
sv03-183,Oinkologne,Obsidian Flames
sv03-184,Oinkologne,Obsidian Flames
sv03-190,Ortega,Obsidian Flames
sv03-219,Ortega,Obsidian Flames
sv03-062,Palafin,Obsidian Flames
sv03-200,Palafin,Obsidian Flames
sv03-128,Paldean Clodsire,Obsidian Flames
sv03-129,Paldean Clodsire,Obsidian Flames
sv03-126,Paldean Wooper,Obsidian Flames
sv03-127,Paldean Wooper,Obsidian Flames
sv03-051,Palpitoad,Obsidian Flames
sv03-191,Patrol Cap,Obsidian Flames
sv03-073,Pawmot ex,Obsidian Flames
sv03-148,Pawniard,Obsidian Flames
sv03-011,Phantump,Obsidian Flames
sv03-164,Pidgeot ex,Obsidian Flames
sv03-217,Pidgeot ex,Obsidian Flames
sv03-225,Pidgeot ex,Obsidian Flames
sv03-163,Pidgeotto,Obsidian Flames
sv03-208,Pidgeotto,Obsidian Flames
sv03-162,Pidgey,Obsidian Flames
sv03-207,Pidgey,Obsidian Flames
sv03-192,Pokémon League Headquarters,Obsidian Flames
sv03-098,Polteageist,Obsidian Flames
sv03-193,Poppy,Obsidian Flames
sv03-220,Poppy,Obsidian Flames
sv03-227,Poppy,Obsidian Flames
sv03-146,Probopass,Obsidian Flames
sv03-106,Pupitar,Obsidian Flames
sv03-156,Revavroom ex,Obsidian Flames
sv03-216,Revavroom ex,Obsidian Flames
sv03-224,Revavroom ex,Obsidian Flames
sv03-116,Rockruff,Obsidian Flames
sv03-013,Rowlet,Obsidian Flames
sv03-194,Ryme,Obsidian Flames
sv03-221,Ryme,Obsidian Flames
sv03-139,Salandit,Obsidian Flames
sv03-140,Salazzle,Obsidian Flames
sv03-141,Scizor,Obsidian Flames
sv03-205,Scizor,Obsidian Flames
sv03-025,Scovillain,Obsidian Flames
sv03-004,Scyther,Obsidian Flames
sv03-052,Seismitoad,Obsidian Flames
sv03-047,Sharpedo,Obsidian Flames
sv03-005,Shuckle,Obsidian Flames
sv03-097,Sinistea,Obsidian Flames
sv03-142,Skarmory,Obsidian Flames
sv03-178,Skwovet,Obsidian Flames
sv03-019,Smoliv,Obsidian Flames
sv03-087,Snubbull,Obsidian Flames
sv03-093,Solrock,Obsidian Flames
sv03-090,Spoink,Obsidian Flames
sv03-017,Steenee,Obsidian Flames
sv03-172,Stoutland,Obsidian Flames
sv03-112,Stunfisk,Obsidian Flames
sv03-006,Surskit,Obsidian Flames
sv03-169,Swablu,Obsidian Flames
sv03-074,Tadbulb,Obsidian Flames
sv03-075,Tadbulb,Obsidian Flames
sv03-076,Tadbulb,Obsidian Flames
sv03-195,Team Star Grunt,Obsidian Flames
sv03-070,Thundurus,Obsidian Flames
sv03-118,Toedscool,Obsidian Flames
sv03-119,Toedscruel,Obsidian Flames
sv03-022,Toedscruel ex,Obsidian Flames
sv03-151,Togedemaru,Obsidian Flames
sv03-085,Togekiss,Obsidian Flames
sv03-083,Togepi,Obsidian Flames
sv03-084,Togetic,Obsidian Flames
sv03-196,Town Store,Obsidian Flames
sv03-071,Toxel,Obsidian Flames
sv03-072,Toxtricity,Obsidian Flames
sv03-012,Trevenant,Obsidian Flames
sv03-018,Tsareena,Obsidian Flames
sv03-050,Tympole,Obsidian Flames
sv03-067,Tynamo,Obsidian Flames
sv03-066,Tyranitar ex,Obsidian Flames
sv03-211,Tyranitar ex,Obsidian Flames
sv03-130,Umbreon,Obsidian Flames
sv03-154,Varoom,Obsidian Flames
sv03-155,Varoom,Obsidian Flames
sv03-206,Varoom,Obsidian Flames
sv03-197,Vengeful Punch,Obsidian Flames
sv03-096,Vespiquen ex,Obsidian Flames
sv03-212,Vespiquen ex,Obsidian Flames
sv03-033,Victini ex,Obsidian Flames
sv03-041,Volcarona,Obsidian Flames
sv03-028,Vulpix,Obsidian Flames
sv03-109,Whiscash,Obsidian Flames
sv03-058,Wiglett,Obsidian Flames
sv03-059,Wugtrio,Obsidian Flames
sv03-176,Yungoos,Obsidian Flames
sv03-167,Zigzagoon,Obsidian Flames
sv02-011,Abomasnow,Paldea Evolved
sv02-242,Annihilape ex,Paldea Evolved
sv02-059,Arctibax,Paldea Evolved
sv02-209,Arctibax,Paldea Evolved
sv02-171,Artazon,Paldea Evolved
sv02-045,Azumarill,Paldea Evolved
sv02-278,Basic Grass Energy,Paldea Evolved
sv02-279,Basic Water Energy,Paldea Evolved
sv02-060,Baxcalibur,Paldea Evolved
sv02-210,Baxcalibur,Paldea Evolved
sv02-079,Bellibolt ex,Paldea Evolved
sv02-237,Bellibolt ex,Paldea Evolved
sv02-147,Bombirdier,Paldea Evolved
sv02-172,Boss's Orders,Paldea Evolved
sv02-248,Boss's Orders,Paldea Evolved
sv02-265,Boss's Orders,Paldea Evolved
sv02-024,Brambleghast,Paldea Evolved
sv02-022,Bramblin,Paldea Evolved
sv02-023,Bramblin,Paldea Evolved
sv02-198,Bramblin,Paldea Evolved
sv02-173,Bravery Charm,Paldea Evolved
sv02-174,Calamitous Snowy Mountain,Paldea Evolved
sv02-175,Calamitous Wasteland,Paldea Evolved
sv02-098,Ceruledge,Paldea Evolved
sv02-055,Cetitan,Paldea Evolved
sv02-053,Cetoddle,Paldea Evolved
sv02-054,Cetoddle,Paldea Evolved
sv02-038,Charcadet,Paldea Evolved
sv02-039,Charcadet,Paldea Evolved
sv02-061,Chien-Pao ex,Paldea Evolved
sv02-236,Chien-Pao ex,Paldea Evolved
sv02-261,Chien-Pao ex,Paldea Evolved
sv02-274,Chien-Pao ex,Paldea Evolved
sv02-040,Chi-Yu ex,Paldea Evolved
sv02-234,Chi-Yu ex,Paldea Evolved
sv02-259,Chi-Yu ex,Paldea Evolved
sv02-176,Choice Belt,Paldea Evolved
sv02-177,Clavell,Paldea Evolved
sv02-249,Clavell,Paldea Evolved
sv02-008,Combee,Paldea Evolved
sv02-150,Copperajah ex,Paldea Evolved
sv02-245,Copperajah ex,Paldea Evolved
sv02-148,Corviknight,Paldea Evolved
sv02-165,Corvisquire,Paldea Evolved
sv02-114,Croagunk,Paldea Evolved
sv02-036,Crocalor,Paldea Evolved
sv02-202,Crocalor,Paldea Evolved
sv02-149,Cufant,Paldea Evolved
sv02-093,Dedenne ex,Paldea Evolved
sv02-239,Dedenne ex,Paldea Evolved
sv02-138,Deino,Paldea Evolved
sv02-046,Delibird,Paldea Evolved
sv02-178,Delivery Drone,Paldea Evolved
sv02-179,Dendra,Paldea Evolved
sv02-250,Dendra,Paldea Evolved
sv02-266,Dendra,Paldea Evolved
sv02-157,Dudunsparce,Paldea Evolved
sv02-229,Dudunsparce,Paldea Evolved
sv02-156,Dunsparce,Paldea Evolved
sv02-048,Eiscue,Paldea Evolved
sv02-205,Eiscue,Paldea Evolved
sv02-067,Electrode,Paldea Evolved
sv02-119,Falinks,Paldea Evolved
sv02-180,Falkner,Paldea Evolved
sv02-251,Falkner,Paldea Evolved
sv02-155,Farigiraf,Paldea Evolved
sv02-228,Farigiraf,Paldea Evolved
sv02-181,Fighting Au Lait,Paldea Evolved
sv02-170,Flamigo,Paldea Evolved
sv02-227,Flamigo,Paldea Evolved
sv02-029,Fletchinder,Paldea Evolved
sv02-199,Fletchinder,Paldea Evolved
sv02-163,Fletchling,Paldea Evolved
sv02-014,Floragato,Paldea Evolved
sv02-197,Floragato,Paldea Evolved
sv02-005,Forretress ex,Paldea Evolved
sv02-230,Forretress ex,Paldea Evolved
sv02-057,Frigibax,Paldea Evolved
sv02-058,Frigibax,Paldea Evolved
sv02-208,Frigibax,Paldea Evolved
sv02-034,Fuecoco,Paldea Evolved
sv02-035,Fuecoco,Paldea Evolved
sv02-201,Fuecoco,Paldea Evolved
sv02-123,Garganacl,Paldea Evolved
sv02-182,Giacomo,Paldea Evolved
sv02-252,Giacomo,Paldea Evolved
sv02-267,Giacomo,Paldea Evolved
sv02-154,Girafarig,Paldea Evolved
sv02-124,Glimmet,Paldea Evolved
sv02-125,Glimmet,Paldea Evolved
sv02-126,Glimmora,Paldea Evolved
sv02-090,Gothita,Paldea Evolved
sv02-092,Gothitelle,Paldea Evolved
sv02-091,Gothorita,Paldea Evolved
sv02-213,Gothorita,Paldea Evolved
sv02-146,Grafaiai,Paldea Evolved
sv02-223,Grafaiai,Paldea Evolved
sv02-183,Great Ball,Paldea Evolved
sv02-184,Grusha,Paldea Evolved
sv02-253,Grusha,Paldea Evolved
sv02-268,Grusha,Paldea Evolved
sv02-043,Gyarados,Paldea Evolved
sv02-113,Hariyama,Paldea Evolved
sv02-006,Heracross,Paldea Evolved
sv02-194,Heracross,Paldea Evolved
sv02-132,Honchkrow,Paldea Evolved
sv02-001,Hoppip,Paldea Evolved
sv02-140,Hydreigon,Paldea Evolved
sv02-185,Iono,Paldea Evolved
sv02-254,Iono,Paldea Evolved
sv02-269,Iono,Paldea Evolved
sv02-190,Jet Energy,Paldea Evolved
sv02-083,Jigglypuff,Paldea Evolved
sv02-003,Jumpluff,Paldea Evolved
sv02-082,Kilowattrel,Paldea Evolved
sv02-110,Larvitar,Paldea Evolved
sv02-031,Litleo,Paldea Evolved
sv02-021,Lokix,Paldea Evolved
sv02-191,Luminous Energy,Paldea Evolved
sv02-047,Luvdisc,Paldea Evolved
sv02-070,Luxio,Paldea Evolved
sv02-071,Luxray,Paldea Evolved
sv02-117,Lycanroc ex,Paldea Evolved
sv02-241,Lycanroc ex,Paldea Evolved
sv02-143,Mabosstiff,Paldea Evolved
sv02-042,Magikarp,Paldea Evolved
sv02-203,Magikarp,Paldea Evolved
sv02-065,Magnemite,Paldea Evolved
sv02-112,Makuhita,Paldea Evolved
sv02-106,Mankey,Paldea Evolved
sv02-044,Marill,Paldea Evolved
sv02-204,Marill,Paldea Evolved
sv02-141,Maschiff,Paldea Evolved
sv02-142,Maschiff,Paldea Evolved
sv02-168,Maushold,Paldea Evolved
sv02-226,Maushold,Paldea Evolved
sv02-015,Meowscarada ex,Paldea Evolved
sv02-231,Meowscarada ex,Paldea Evolved
sv02-256,Meowscarada ex,Paldea Evolved
sv02-271,Meowscarada ex,Paldea Evolved
sv02-097,Mimikyu,Paldea Evolved
sv02-087,Misdreavus,Paldea Evolved
sv02-088,Mismagius,Paldea Evolved
sv02-212,Mismagius,Paldea Evolved
sv02-131,Murkrow,Paldea Evolved
sv02-120,Nacli,Paldea Evolved
sv02-121,Nacli,Paldea Evolved
sv02-220,Nacli,Paldea Evolved
sv02-122,Naclstack,Paldea Evolved
sv02-152,Noibat,Paldea Evolved
sv02-153,Noivern ex,Paldea Evolved
sv02-246,Noivern ex,Paldea Evolved
sv02-019,Nymble,Paldea Evolved
sv02-020,Nymble,Paldea Evolved
sv02-094,Oranguru,Paldea Evolved
sv02-033,Oricorio,Paldea Evolved
sv02-151,Orthworm,Paldea Evolved
sv02-224,Orthworm,Paldea Evolved
sv02-130,Paldean Clodsire ex,Paldea Evolved
sv02-244,Paldean Clodsire ex,Paldea Evolved
sv02-028,Paldean Tauros,Paldea Evolved
sv02-041,Paldean Tauros,Paldea Evolved
sv02-108,Paldean Tauros,Paldea Evolved
sv02-218,Paldean Tauros,Paldea Evolved
sv02-128,Paldean Wooper,Paldea Evolved
sv02-129,Paldean Wooper,Paldea Evolved
sv02-221,Paldean Wooper,Paldea Evolved
sv02-096,Palossand,Paldea Evolved
sv02-118,Passimian,Paldea Evolved
sv02-074,Pawmi,Paldea Evolved
sv02-075,Pawmo,Paldea Evolved
sv02-076,Pawmot,Paldea Evolved
sv02-159,Pelipper,Paldea Evolved
sv02-062,Pikachu,Paldea Evolved
sv02-063,Pikachu ex,Paldea Evolved
sv02-072,Pincurchin,Paldea Evolved
sv02-073,Pincurchin,Paldea Evolved
sv02-004,Pineco,Paldea Evolved
sv02-186,Practice Studio,Paldea Evolved
sv02-107,Primeape,Paldea Evolved
sv02-111,Pupitar,Paldea Evolved
sv02-032,Pyroar,Paldea Evolved
sv02-200,Pyroar,Paldea Evolved
sv02-052,Quaquaval ex,Paldea Evolved
sv02-235,Quaquaval ex,Paldea Evolved
sv02-260,Quaquaval ex,Paldea Evolved
sv02-273,Quaquaval ex,Paldea Evolved
sv02-049,Quaxly,Paldea Evolved
sv02-050,Quaxly,Paldea Evolved
sv02-206,Quaxly,Paldea Evolved
sv02-051,Quaxwell,Paldea Evolved
sv02-207,Quaxwell,Paldea Evolved
sv02-099,Rabsca,Paldea Evolved
sv02-215,Rabsca,Paldea Evolved
sv02-064,Raichu,Paldea Evolved
sv02-211,Raichu,Paldea Evolved
sv02-025,Rellor,Paldea Evolved
sv02-026,Rellor,Paldea Evolved
sv02-192,Reversal Energy,Paldea Evolved
sv02-116,Rockruff,Paldea Evolved
sv02-164,Rookidee,Paldea Evolved
sv02-225,Rookidee,Paldea Evolved
sv02-136,Sableye,Paldea Evolved
sv02-187,Saguaro,Paldea Evolved
sv02-255,Saguaro,Paldea Evolved
sv02-270,Saguaro,Paldea Evolved
sv02-095,Sandygast,Paldea Evolved
sv02-214,Sandygast,Paldea Evolved
sv02-137,Seviper,Paldea Evolved
sv02-068,Shinx,Paldea Evolved
sv02-069,Shinx,Paldea Evolved
sv02-144,Shroodle,Paldea Evolved
sv02-145,Shroodle,Paldea Evolved
sv02-037,Skeledirge ex,Paldea Evolved
sv02-233,Skeledirge ex,Paldea Evolved
sv02-258,Skeledirge ex,Paldea Evolved
sv02-272,Skeledirge ex,Paldea Evolved
sv02-002,Skiploom,Paldea Evolved
sv02-162,Slaking,Paldea Evolved
sv02-160,Slakoth,Paldea Evolved
sv02-086,Slowking ex,Paldea Evolved
sv02-238,Slowking ex,Paldea Evolved
sv02-085,Slowpoke,Paldea Evolved
sv02-133,Sneasel,Paldea Evolved
sv02-010,Snover,Paldea Evolved
sv02-018,Spidops,Paldea Evolved
sv02-089,Spiritomb,Paldea Evolved
sv02-012,Sprigatito,Paldea Evolved
sv02-013,Sprigatito,Paldea Evolved
sv02-196,Sprigatito,Paldea Evolved
sv02-169,Squawkabilly ex,Paldea Evolved
sv02-247,Squawkabilly ex,Paldea Evolved
sv02-264,Squawkabilly ex,Paldea Evolved
sv02-109,Sudowoodo,Paldea Evolved
sv02-219,Sudowoodo,Paldea Evolved
sv02-189,Superior Energy Retrieval,Paldea Evolved
sv02-277,Superior Energy Retrieval,Paldea Evolved
sv02-188,Super Rod,Paldea Evolved
sv02-276,Super Rod,Paldea Evolved
sv02-077,Tadbulb,Paldea Evolved
sv02-078,Tadbulb,Paldea Evolved
sv02-030,Talonflame,Paldea Evolved
sv02-166,Tandemaus,Paldea Evolved
sv02-167,Tandemaus,Paldea Evolved
sv02-016,Tarountula,Paldea Evolved
sv02-017,Tarountula,Paldea Evolved
sv02-193,Therapeutic Energy,Paldea Evolved
sv02-127,Ting-Lu ex,Paldea Evolved
sv02-243,Ting-Lu ex,Paldea Evolved
sv02-263,Ting-Lu ex,Paldea Evolved
sv02-275,Ting-Lu ex,Paldea Evolved
sv02-100,Tinkatink,Paldea Evolved
sv02-101,Tinkatink,Paldea Evolved
sv02-102,Tinkatink,Paldea Evolved
sv02-216,Tinkatink,Paldea Evolved
sv02-105,Tinkaton,Paldea Evolved
sv02-240,Tinkaton ex,Paldea Evolved
sv02-262,Tinkaton ex,Paldea Evolved
sv02-103,Tinkatuff,Paldea Evolved
sv02-104,Tinkatuff,Paldea Evolved
sv02-217,Tinkatuff,Paldea Evolved
sv02-115,Toxicroak,Paldea Evolved
sv02-007,Tropius,Paldea Evolved
sv02-195,Tropius,Paldea Evolved
sv02-135,Tyranitar,Paldea Evolved
sv02-222,Tyranitar,Paldea Evolved
sv02-056,Veluza,Paldea Evolved
sv02-009,Vespiquen,Paldea Evolved
sv02-161,Vigoroth,Paldea Evolved
sv02-066,Voltorb,Paldea Evolved
sv02-080,Wattrel,Paldea Evolved
sv02-081,Wattrel,Paldea Evolved
sv02-134,Weavile,Paldea Evolved
sv02-084,Wigglytuff,Paldea Evolved
sv02-158,Wingull,Paldea Evolved
sv02-027,Wo-Chien ex,Paldea Evolved
sv02-232,Wo-Chien ex,Paldea Evolved
sv02-257,Wo-Chien ex,Paldea Evolved
sv02-139,Zweilous,Paldea Evolved
sv04.5-101,Abomasnow,Paldean Fates
sv04.5-148,Abra,Paldean Fates
sv04.5-215,Alakazam ex,Paldean Fates
sv04.5-047,Annihilape,Paldean Fates
sv04.5-171,Annihilape,Paldean Fates
sv04.5-104,Arboliva,Paldean Fates
sv04.5-129,Arctibax,Paldean Fates
sv04.5-015,Armarouge,Paldean Fates
sv04.5-115,Armarouge,Paldean Fates
sv04.5-076,Artazon,Paldean Fates
sv04.5-235,Arven,Paldean Fates
sv04.5-077,Atticus,Paldean Fates
sv04.5-050,Barboach,Paldean Fates
sv04.5-130,Baxcalibur,Paldean Fates
sv04.5-186,Bisharp,Paldean Fates
sv04.5-012,Camerupt,Paldean Fates
sv04.5-106,Capsakid,Paldean Fates
sv04.5-040,Ceruledge,Paldean Fates
sv04.5-162,Ceruledge,Paldean Fates
sv04.5-014,Charcadet,Paldean Fates
sv04.5-114,Charcadet,Paldean Fates
sv04.5-054,Charizard ex,Paldean Fates
sv04.5-234,Charizard ex,Paldean Fates
sv04.5-007,Charmander,Paldean Fates
sv04.5-109,Charmander,Paldean Fates
sv04.5-008,Charmeleon,Paldean Fates
sv04.5-110,Charmeleon,Paldean Fates
sv04.5-242,Chien-Pao ex,Paldean Fates
sv04.5-030,Chimecho,Paldean Fates
sv04.5-020,Chinchou,Paldean Fates
sv04.5-241,Chi-Yu ex,Paldean Fates
sv04.5-150,Cleffa,Paldean Fates
sv04.5-078,Clive,Paldean Fates
sv04.5-227,Clive,Paldean Fates
sv04.5-236,Clive,Paldean Fates
sv04.5-051,Clobbopus,Paldean Fates
sv04.5-034,Cottonee,Paldean Fates
sv04.5-070,Cyclizar,Paldean Fates
sv04.5-195,Cyclizar,Paldean Fates
sv04.5-039,Dachsbun,Paldean Fates
sv04.5-161,Dachsbun,Paldean Fates
sv04.5-036,Dedenne,Paldean Fates
sv04.5-201,Ditto,Paldean Fates
sv04.5-200,Dodrio,Paldean Fates
sv04.5-199,Doduo,Paldean Fates
sv04.5-103,Dolliv,Paldean Fates
sv04.5-126,Dondozo,Paldean Fates
sv04.5-049,Donphan,Paldean Fates
sv04.5-156,Drifblim,Paldean Fates
sv04.5-155,Drifloon,Paldean Fates
sv04.5-079,Electric Generator,Paldean Fates
sv04.5-134,Electrode,Paldean Fates
sv04.5-112,Entei,Paldean Fates
sv04.5-006,Espathra ex,Paldean Fates
sv04.5-214,Espathra ex,Paldean Fates
sv04.5-023,Exeggcute,Paldean Fates
sv04.5-024,Exeggutor,Paldean Fates
sv04.5-038,Fidough,Paldean Fates
sv04.5-123,Finizen,Paldean Fates
sv04.5-211,Flamigo,Paldean Fates
sv04.5-041,Flittle,Paldean Fates
sv04.5-164,Flittle,Paldean Fates
sv04.5-002,Forretress ex,Paldean Fates
sv04.5-212,Forretress ex,Paldean Fates
sv04.5-017,Frigibax,Paldean Fates
sv04.5-128,Frigibax,Paldean Fates
sv04.5-029,Gardevoir ex,Paldean Fates
sv04.5-217,Gardevoir ex,Paldean Fates
sv04.5-233,Gardevoir ex,Paldean Fates
sv04.5-178,Garganacl,Paldean Fates
sv04.5-055,Gastly,Paldean Fates
sv04.5-057,Gengar,Paldean Fates
sv04.5-067,Gholdengo,Paldean Fates
sv04.5-044,Gimmighoul,Paldean Fates
sv04.5-179,Glimmet,Paldean Fates
sv04.5-218,Glimmora ex,Paldean Fates
sv04.5-093,Gloom,Paldean Fates
sv04.5-190,Grafaiai,Paldean Fates
sv04.5-052,Grapploct,Paldean Fates
sv04.5-053,Great Tusk ex,Paldean Fates
sv04.5-042,Greavard,Paldean Fates
sv04.5-206,Greedent,Paldean Fates
sv04.5-056,Haunter,Paldean Fates
sv04.5-175,Hawlucha,Paldean Fates
sv04.5-013,Heat Rotom,Paldean Fates
sv04.5-096,Hoppip,Paldean Fates
sv04.5-043,Houndstone,Paldean Fates
sv04.5-168,Houndstone,Paldean Fates
sv04.5-080,Iono,Paldean Fates
sv04.5-237,Iono,Paldean Fates
sv04.5-066,Iron Treads ex,Paldean Fates
sv04.5-198,Jigglypuff,Paldean Fates
sv04.5-228,Judge,Paldean Fates
sv04.5-098,Jumpluff,Paldean Fates
sv04.5-149,Kadabra,Paldean Fates
sv04.5-022,Kilowattrel,Paldean Fates
sv04.5-146,Kilowattrel,Paldean Fates
sv04.5-187,Kingambit,Paldean Fates
sv04.5-028,Kirlia,Paldean Fates
sv04.5-154,Kirlia,Paldean Fates
sv04.5-159,Klefki,Paldean Fates
sv04.5-245,Koraidon ex,Paldean Fates
sv04.5-021,Lanturn,Paldean Fates
sv04.5-016,Lapras,Paldean Fates
sv04.5-071,Lechonk,Paldean Fates
sv04.5-207,Lechonk,Paldean Fates
sv04.5-174,Lucario,Paldean Fates
sv04.5-136,Luxio,Paldean Fates
sv04.5-137,Luxray,Paldean Fates
sv04.5-063,Mabosstiff,Paldean Fates
sv04.5-188,Mabosstiff,Paldean Fates
sv04.5-009,Magmar,Paldean Fates
sv04.5-010,Magmortar,Paldean Fates
sv04.5-045,Mankey,Paldean Fates
sv04.5-169,Mankey,Paldean Fates
sv04.5-003,Maractus,Paldean Fates
sv04.5-062,Maschiff,Paldean Fates
sv04.5-074,Maushold,Paldean Fates
sv04.5-210,Maushold,Paldean Fates
sv04.5-216,Mew ex,Paldean Fates
sv04.5-232,Mew ex,Paldean Fates
sv04.5-031,Mime Jr.,Paldean Fates
sv04.5-157,Mime Jr.,Paldean Fates
sv04.5-037,Mimikyu,Paldean Fates
sv04.5-160,Mimikyu,Paldean Fates
sv04.5-243,Miraidon ex,Paldean Fates
sv04.5-081,Moonlit Hill,Paldean Fates
sv04.5-181,Murkrow,Paldean Fates
sv04.5-176,Nacli,Paldean Fates
sv04.5-177,Naclstack,Paldean Fates
sv04.5-025,Natu,Paldean Fates
sv04.5-151,Natu,Paldean Fates
sv04.5-082,Nemona,Paldean Fates
sv04.5-229,Nemona,Paldean Fates
sv04.5-238,Nemona,Paldean Fates
sv04.5-083,Nemona's Backpack,Paldean Fates
sv04.5-084,Nest Ball,Paldean Fates
sv04.5-068,Noibat,Paldean Fates
sv04.5-194,Noibat,Paldean Fates
sv04.5-069,Noivern ex,Paldean Fates
sv04.5-220,Noivern ex,Paldean Fates
sv04.5-011,Numel,Paldean Fates
sv04.5-092,Oddish,Paldean Fates
sv04.5-072,Oinkologne,Paldean Fates
sv04.5-208,Oinkologne,Paldean Fates
sv04.5-113,Oricorio,Paldean Fates
sv04.5-138,Pachirisu,Paldean Fates
sv04.5-124,Palafin,Paldean Fates
sv04.5-225,Palafin,Paldean Fates
sv04.5-059,Paldean Clodsire ex,Paldean Fates
sv04.5-219,Paldean Clodsire ex,Paldean Fates
sv04.5-085,Paldean Student,Paldean Fates
sv04.5-086,Paldean Student,Paldean Fates
sv04.5-230,Paldean Student,Paldean Fates
sv04.5-231,Paldean Student,Paldean Fates
sv04.5-111,Paldean Tauros,Paldean Fates
sv04.5-120,Paldean Tauros,Paldean Fates
sv04.5-172,Paldean Tauros,Paldean Fates
sv04.5-058,Paldean Wooper,Paldean Fates
sv04.5-180,Paldean Wooper,Paldean Fates
sv04.5-142,Pawmi,Paldean Fates
sv04.5-226,Pawmi,Paldean Fates
sv04.5-143,Pawmo,Paldean Fates
sv04.5-144,Pawmot,Paldean Fates
sv04.5-185,Pawniard,Paldean Fates
sv04.5-204,Pelipper,Paldean Fates
sv04.5-239,Penny,Paldean Fates
sv04.5-048,Phanpy,Paldean Fates
sv04.5-221,Pidgeot ex,Paldean Fates
sv04.5-197,Pidgeotto,Paldean Fates
sv04.5-196,Pidgey,Paldean Fates
sv04.5-018,Pikachu,Paldean Fates
sv04.5-131,Pikachu,Paldean Fates
sv04.5-001,Pineco,Paldean Fates
sv04.5-099,Pineco,Paldean Fates
sv04.5-046,Primeape,Paldean Fates
sv04.5-170,Primeape,Paldean Fates
sv04.5-087,Professor's Research,Paldean Fates
sv04.5-088,Professor's Research,Paldean Fates
sv04.5-163,Rabsca,Paldean Fates
sv04.5-019,Raichu,Paldean Fates
sv04.5-132,Raichu,Paldean Fates
sv04.5-027,Ralts,Paldean Fates
sv04.5-153,Ralts,Paldean Fates
sv04.5-089,Rare Candy,Paldean Fates
sv04.5-108,Rellor,Paldean Fates
sv04.5-065,Revavroom,Paldean Fates
sv04.5-193,Revavroom,Paldean Fates
sv04.5-173,Riolu,Paldean Fates
sv04.5-184,Sableye,Paldean Fates
sv04.5-191,Scizor,Paldean Fates
sv04.5-107,Scovillain,Paldean Fates
sv04.5-061,Scrafty,Paldean Fates
sv04.5-060,Scraggy,Paldean Fates
sv04.5-095,Scyther,Paldean Fates
sv04.5-135,Shinx,Paldean Fates
sv04.5-189,Shroodle,Paldean Fates
sv04.5-097,Skiploom,Paldean Fates
sv04.5-205,Skwovet,Paldean Fates
sv04.5-117,Slowbro,Paldean Fates
sv04.5-116,Slowpoke,Paldean Fates
sv04.5-102,Smoliv,Paldean Fates
sv04.5-182,Sneasel,Paldean Fates
sv04.5-202,Snorlax,Paldean Fates
sv04.5-100,Snover,Paldean Fates
sv04.5-158,Spiritomb,Paldean Fates
sv04.5-075,Squawkabilly ex,Paldean Fates
sv04.5-223,Squawkabilly ex,Paldean Fates
sv04.5-119,Starmie,Paldean Fates
sv04.5-118,Staryu,Paldean Fates
sv04.5-033,Swoobat,Paldean Fates
sv04.5-073,Tandemaus,Paldean Fates
sv04.5-209,Tandemaus,Paldean Fates
sv04.5-127,Tatsugiri,Paldean Fates
sv04.5-090,Technical Machine: Crisis Punch,Paldean Fates
sv04.5-139,Thundurus,Paldean Fates
sv04.5-244,Ting-Lu ex,Paldean Fates
sv04.5-165,Tinkatink,Paldean Fates
sv04.5-167,Tinkaton,Paldean Fates
sv04.5-166,Tinkatuff,Paldean Fates
sv04.5-004,Toedscool,Paldean Fates
sv04.5-105,Toedscool,Paldean Fates
sv04.5-005,Toedscruel ex,Paldean Fates
sv04.5-213,Toedscruel ex,Paldean Fates
sv04.5-140,Toxel,Paldean Fates
sv04.5-141,Toxtricity,Paldean Fates
sv04.5-091,Ultra Ball,Paldean Fates
sv04.5-064,Varoom,Paldean Fates
sv04.5-192,Varoom,Paldean Fates
sv04.5-125,Veluza,Paldean Fates
sv04.5-094,Vileplume,Paldean Fates
sv04.5-133,Voltorb,Paldean Fates
sv04.5-145,Wattrel,Paldean Fates
sv04.5-183,Weavile,Paldean Fates
sv04.5-035,Whimsicott,Paldean Fates
sv04.5-147,Wigglytuff,Paldean Fates
sv04.5-222,Wigglytuff ex,Paldean Fates
sv04.5-121,Wiglett,Paldean Fates
sv04.5-203,Wingull,Paldean Fates
sv04.5-240,Wo-Chien ex,Paldean Fates
sv04.5-032,Woobat,Paldean Fates
sv04.5-122,Wugtrio,Paldean Fates
sv04.5-224,Wugtrio,Paldean Fates
sv04.5-026,Xatu,Paldean Fates
sv04.5-152,Xatu,Paldean Fates
sv04-113,Absol,Paradox Rift
sv04-134,Aegislash,Paradox Rift
sv04-210,Aegislash,Paradox Rift
sv04-135,Aegislash ex,Paradox Rift
sv04-230,Aegislash ex,Paradox Rift
sv04-145,Aipom,Paradox Rift
sv04-211,Aipom,Paradox Rift
sv04-140,Altaria ex,Paradox Rift
sv04-232,Altaria ex,Paradox Rift
sv04-253,Altaria ex,Paradox Rift
sv04-146,Ambipom,Paradox Rift
sv04-159,Ancient Booster Energy Capsule,Paradox Rift
sv04-027,Armarouge ex,Paradox Rift
sv04-218,Armarouge ex,Paradox Rift
sv04-263,Beach Court,Paradox Rift
sv04-010,Blipbug,Paradox Rift
sv04-062,Blitzle,Paradox Rift
sv04-195,Blitzle,Paradox Rift
sv04-156,Bombirdier ex,Paradox Rift
sv04-234,Bombirdier ex,Paradox Rift
sv04-008,Bounsweet,Paradox Rift
sv04-123,Brute Bonnet,Paradox Rift
sv04-207,Brute Bonnet,Paradox Rift
sv04-025,Charcadet,Paradox Rift
sv04-026,Charcadet,Paradox Rift
sv04-057,Chien-Pao,Paradox Rift
sv04-029,Chi-Yu,Paradox Rift
sv04-076,Cofagrigus ex,Paradox Rift
sv04-224,Cofagrigus ex,Paradox Rift
sv04-160,Counter Catcher,Paradox Rift
sv04-264,Counter Catcher,Paradox Rift
sv04-112,Crobat,Paradox Rift
sv04-024,Crocalor,Paradox Rift
sv04-007,Crustle,Paradox Rift
sv04-183,Crustle,Paradox Rift
sv04-161,Cursed Duster,Paradox Rift
sv04-157,Cyclizar,Paradox Rift
sv04-215,Cyclizar,Paradox Rift
sv04-162,Defiance Vest,Paradox Rift
sv04-074,Deoxys,Paradox Rift
sv04-055,Dondozo,Paradox Rift
sv04-011,Dottler,Paradox Rift
sv04-184,Dottler,Paradox Rift
sv04-132,Doublade,Paradox Rift
sv04-133,Doublade,Paradox Rift
sv04-129,Durant,Paradox Rift
sv04-006,Dwebble,Paradox Rift
sv04-163,Earthen Vessel,Paradox Rift
sv04-059,Elekid,Paradox Rift
sv04-081,Espathra,Paradox Rift
sv04-197,Espathra,Paradox Rift
sv04-150,Exploud,Paradox Rift
sv04-035,Feebas,Paradox Rift
sv04-127,Ferroseed,Paradox Rift
sv04-128,Ferrothorn,Paradox Rift
sv04-209,Ferrothorn,Paradox Rift
sv04-106,Flamigo,Paradox Rift
sv04-079,Flittle,Paradox Rift
sv04-080,Flittle,Paradox Rift
sv04-003,Froslass ex,Paradox Rift
sv04-217,Froslass ex,Paradox Rift
sv04-023,Fuecoco,Paradox Rift
sv04-164,Future Booster Energy Capsule,Paradox Rift
sv04-095,Gabite,Paradox Rift
sv04-065,Galvantula,Paradox Rift
sv04-117,Garbodor,Paradox Rift
sv04-204,Garbodor,Paradox Rift
sv04-038,Garchomp ex,Paradox Rift
sv04-219,Garchomp ex,Paradox Rift
sv04-245,Garchomp ex,Paradox Rift
sv04-260,Garchomp ex,Paradox Rift
sv04-104,Garganacl,Paradox Rift
sv04-202,Garganacl,Paradox Rift
sv04-139,Gholdengo ex,Paradox Rift
sv04-231,Gholdengo ex,Paradox Rift
sv04-252,Gholdengo ex,Paradox Rift
sv04-094,Gible,Paradox Rift
sv04-087,Gimmighoul,Paradox Rift
sv04-088,Gimmighoul,Paradox Rift
sv04-198,Gimmighoul,Paradox Rift
sv04-091,Gligar,Paradox Rift
sv04-092,Gliscor,Paradox Rift
sv04-111,Golbat,Paradox Rift
sv04-049,Golisopod,Paradox Rift
sv04-050,Golisopod ex,Paradox Rift
sv04-221,Golisopod ex,Paradox Rift
sv04-246,Golisopod ex,Paradox Rift
sv04-078,Gourgeist,Paradox Rift
sv04-093,Groudon,Paradox Rift
sv04-199,Groudon,Paradox Rift
sv04-130,Honedge,Paradox Rift
sv04-131,Honedge,Paradox Rift
sv04-098,Hoopa ex,Paradox Rift
sv04-226,Hoopa ex,Paradox Rift
sv04-030,Horsea,Paradox Rift
sv04-056,Iron Bundle,Paradox Rift
sv04-070,Iron Hands ex,Paradox Rift
sv04-223,Iron Hands ex,Paradox Rift
sv04-248,Iron Hands ex,Paradox Rift
sv04-158,Iron Jugulis,Paradox Rift
sv04-216,Iron Jugulis,Paradox Rift
sv04-028,Iron Moth,Paradox Rift
sv04-187,Iron Moth,Paradox Rift
sv04-089,Iron Valiant ex,Paradox Rift
sv04-225,Iron Valiant ex,Paradox Rift
sv04-249,Iron Valiant ex,Paradox Rift
sv04-261,Iron Valiant ex,Paradox Rift
sv04-126,Jirachi,Paradox Rift
sv04-064,Joltik,Paradox Rift
sv04-196,Joltik,Paradox Rift
sv04-032,Kingdra,Paradox Rift
sv04-105,Klawf,Paradox Rift
sv04-165,Larry,Paradox Rift
sv04-235,Larry,Paradox Rift
sv04-073,Latios,Paradox Rift
sv04-115,Liepard,Paradox Rift
sv04-122,Lokix,Paradox Rift
sv04-149,Loudred,Paradox Rift
sv04-212,Loudred,Paradox Rift
sv04-166,Luxurious Cape,Paradox Rift
sv04-265,Luxurious Cape,Paradox Rift
sv04-019,Magby,Paradox Rift
sv04-186,Magby,Paradox Rift
sv04-039,Mantyke,Paradox Rift
sv04-189,Mantyke,Paradox Rift
sv04-002,Masquerain,Paradox Rift
sv04-155,Maushold ex,Paradox Rift
sv04-233,Maushold ex,Paradox Rift
sv04-182,Medical Energy,Paradox Rift
sv04-167,Mela,Paradox Rift
sv04-236,Mela,Paradox Rift
sv04-254,Mela,Paradox Rift
sv04-058,Mewtwo ex,Paradox Rift
sv04-096,Mienfoo,Paradox Rift
sv04-097,Mienshao,Paradox Rift
sv04-200,Mienshao,Paradox Rift
sv04-036,Milotic,Paradox Rift
sv04-147,Miltank,Paradox Rift
sv04-099,Minior,Paradox Rift
sv04-201,Minior,Paradox Rift
sv04-061,Minun,Paradox Rift
sv04-194,Minun,Paradox Rift
sv04-121,Morpeko,Paradox Rift
sv04-206,Morpeko,Paradox Rift
sv04-101,Nacli,Paradox Rift
sv04-102,Nacli,Paradox Rift
sv04-103,Naclstack,Paradox Rift
sv04-071,Natu,Paradox Rift
sv04-119,Nickit,Paradox Rift
sv04-168,Norman,Paradox Rift
sv04-237,Norman,Paradox Rift
sv04-013,Nymble,Paradox Rift
sv04-014,Nymble,Paradox Rift
sv04-034,Octillery,Paradox Rift
sv04-090,Onix,Paradox Rift
sv04-012,Orbeetle,Paradox Rift
sv04-067,Oricorio,Paradox Rift
sv04-138,Orthworm,Paradox Rift
sv04-040,Palkia,Paradox Rift
sv04-041,Panpour,Paradox Rift
sv04-004,Pansage,Paradox Rift
sv04-020,Pansear,Paradox Rift
sv04-169,Parasol Lady,Paradox Rift
sv04-238,Parasol Lady,Paradox Rift
sv04-255,Parasol Lady,Paradox Rift
sv04-060,Plusle,Paradox Rift
sv04-193,Plusle,Paradox Rift
sv04-142,Porygon,Paradox Rift
sv04-143,Porygon2,Paradox Rift
sv04-144,Porygon-Z,Paradox Rift
sv04-214,Porygon-Z,Paradox Rift
sv04-170,Professor Sada's Vitality,Paradox Rift
sv04-239,Professor Sada's Vitality,Paradox Rift
sv04-256,Professor Sada's Vitality,Paradox Rift
sv04-171,Professor Turo's Scenario,Paradox Rift
sv04-240,Professor Turo's Scenario,Paradox Rift
sv04-257,Professor Turo's Scenario,Paradox Rift
sv04-077,Pumpkaboo,Paradox Rift
sv04-114,Purrloin,Paradox Rift
sv04-033,Remoraid,Paradox Rift
sv04-266,Reversal Energy,Paradox Rift
sv04-172,Rika,Paradox Rift
sv04-241,Rika,Paradox Rift
sv04-258,Rika,Paradox Rift
sv04-124,Roaring Moon ex,Paradox Rift
sv04-229,Roaring Moon ex,Paradox Rift
sv04-251,Roaring Moon ex,Paradox Rift
sv04-262,Roaring Moon ex,Paradox Rift
sv04-173,Roark,Paradox Rift
sv04-242,Roark,Paradox Rift
sv04-108,Sandy Shocks ex,Paradox Rift
sv04-228,Sandy Shocks ex,Paradox Rift
sv04-250,Sandy Shocks ex,Paradox Rift
sv04-086,Scream Tail,Paradox Rift
sv04-031,Seadra,Paradox Rift
sv04-174,Shauntal,Paradox Rift
sv04-243,Shauntal,Paradox Rift
sv04-042,Simipour,Paradox Rift
sv04-005,Simisage,Paradox Rift
sv04-021,Simisear,Paradox Rift
sv04-137,Skeledirge ex,Paradox Rift
sv04-107,Slither Wing,Paradox Rift
sv04-203,Slither Wing,Paradox Rift
sv04-175,Snorlax Doll,Paradox Rift
sv04-037,Snorunt,Paradox Rift
sv04-188,Snorunt,Paradox Rift
sv04-151,Spinda,Paradox Rift
sv04-125,Steelix,Paradox Rift
sv04-208,Steelix,Paradox Rift
sv04-009,Steenee,Paradox Rift
sv04-001,Surskit,Paradox Rift
sv04-152,Swablu,Paradox Rift
sv04-213,Swablu,Paradox Rift
sv04-153,Tandemaus,Paradox Rift
sv04-154,Tandemaus,Paradox Rift
sv04-068,Tapu Koko ex,Paradox Rift
sv04-222,Tapu Koko ex,Paradox Rift
sv04-247,Tapu Koko ex,Paradox Rift
sv04-141,Tatsugiri,Paradox Rift
sv04-176,Technical Machine: Blindside,Paradox Rift
sv04-177,Technical Machine: Devolution,Paradox Rift
sv04-178,Technical Machine: Evolution,Paradox Rift
sv04-179,Technical Machine: Turbo Energize,Paradox Rift
sv04-180,Techno Radar,Paradox Rift
sv04-120,Thievul,Paradox Rift
sv04-109,Ting-Lu,Paradox Rift
sv04-082,Tinkatink,Paradox Rift
sv04-083,Tinkatink,Paradox Rift
sv04-085,Tinkaton,Paradox Rift
sv04-084,Tinkatuff,Paradox Rift
sv04-015,Toedscool,Paradox Rift
sv04-016,Toedscool,Paradox Rift
sv04-017,Toedscruel,Paradox Rift
sv04-185,Toedscruel,Paradox Rift
sv04-069,Toxel,Paradox Rift
sv04-100,Toxtricity ex,Paradox Rift
sv04-227,Toxtricity ex,Paradox Rift
sv04-116,Trubbish,Paradox Rift
sv04-046,Tsareena ex,Paradox Rift
sv04-220,Tsareena ex,Paradox Rift
sv04-181,Tulip,Paradox Rift
sv04-244,Tulip,Paradox Rift
sv04-259,Tulip,Paradox Rift
sv04-044,Vanillish,Paradox Rift
sv04-190,Vanillish,Paradox Rift
sv04-043,Vanillite,Paradox Rift
sv04-045,Vanilluxe,Paradox Rift
sv04-054,Veluza,Paradox Rift
sv04-192,Veluza,Paradox Rift
sv04-022,Volcanion,Paradox Rift
sv04-148,Whismur,Paradox Rift
sv04-051,Wiglett,Paradox Rift
sv04-052,Wiglett,Paradox Rift
sv04-047,Wimpod,Paradox Rift
sv04-048,Wimpod,Paradox Rift
sv04-191,Wimpod,Paradox Rift
sv04-018,Wo-Chien,Paradox Rift
sv04-053,Wugtrio,Paradox Rift
sv04-072,Xatu,Paradox Rift
sv04-075,Yamask,Paradox Rift
sv04-118,Yveltal,Paradox Rift
sv04-205,Yveltal,Paradox Rift
sv04-136,Zacian,Paradox Rift
sv04-063,Zebstrika,Paradox Rift
sv04-066,Zekrom,Paradox Rift
sv04-110,Zubat,Paradox Rift
me02-063,Absol,Phantasmal Flames
me02-078,Aipom,Phantasmal Flames
me02-044,Alcremie,Phantasmal Flames
me02-079,Ambipom,Phantasmal Flames
me02-107,Ambipom,Phantasmal Flames
me02-075,Archaludon,Phantasmal Flames
me02-085,Battle Cage,Phantasmal Flames
me02-116,Battle Cage,Phantasmal Flames
me02-086,Blowtorch,Phantasmal Flames
me02-117,Blowtorch,Phantasmal Flames
me02-031,Boltund,Phantasmal Flames
me02-047,Brambleghast,Phantasmal Flames
me02-046,Bramblin,Phantasmal Flames
me02-072,Bronzong,Phantasmal Flames
me02-071,Bronzor,Phantasmal Flames
me02-083,Buneary,Phantasmal Flames
me02-060,Carvanha,Phantasmal Flames
me02-020,Ceruledge,Phantasmal Flames
me02-019,Charcadet,Phantasmal Flames
me02-011,Charmander,Phantasmal Flames
me02-012,Charmeleon,Phantasmal Flames
me02-039,Cresselia,Phantasmal Flames
me02-016,Darmanitan,Phantasmal Flames
me02-015,Darumaka,Phantasmal Flames
me02-087,Dawn,Phantasmal Flames
me02-118,Dawn,Phantasmal Flames
me02-129,Dawn,Phantasmal Flames
me02-022,Dewgong,Phantasmal Flames
me02-097,Dewgong,Phantasmal Flames
me02-088,Dizzying Valley,Phantasmal Flames
me02-074,Duraludon,Phantasmal Flames
me02-070,Empoleon ex,Phantasmal Flames
me02-114,Empoleon ex,Phantasmal Flames
me02-069,Eternatus,Phantasmal Flames
me02-089,Firebreather,Phantasmal Flames
me02-119,Firebreather,Phantasmal Flames
me02-053,Flygon,Phantasmal Flames
me02-101,Flygon,Phantasmal Flames
me02-054,Gastly,Phantasmal Flames
me02-008,Genesect,Phantasmal Flames
me02-049,Gligar,Phantasmal Flames
me02-050,Gliscor,Phantasmal Flames
me02-002,Gloom,Phantasmal Flames
me02-038,Granbull,Phantasmal Flames
me02-090,Grimsley's Move,Phantasmal Flames
me02-120,Grimsley's Move,Phantasmal Flames
me02-055,Haunter,Phantasmal Flames
me02-058,Honchkrow,Phantasmal Flames
me02-124,Ignition Energy,Phantasmal Flames
me02-076,Jigglypuff,Phantasmal Flames
me02-091,Jumbo Ice Cream,Phantasmal Flames
me02-065,Krokorok,Phantasmal Flames
me02-066,Krookodile,Phantasmal Flames
me02-082,Linoone,Phantasmal Flames
me02-010,Lokix,Phantasmal Flames
me02-006,Lombre,Phantasmal Flames
me02-005,Lotad,Phantasmal Flames
me02-007,Ludicolo,Phantasmal Flames
me02-095,Ludicolo,Phantasmal Flames
me02-025,Mamoswine,Phantasmal Flames
me02-013,Mega Charizard X ex,Phantasmal Flames
me02-109,Mega Charizard X ex,Phantasmal Flames
me02-125,Mega Charizard X ex,Phantasmal Flames
me02-130,Mega Charizard X ex,Phantasmal Flames
me02-041,Mega Diancie ex,Phantasmal Flames
me02-056,Mega Gengar ex,Phantasmal Flames
me02-004,Mega Heracross ex,Phantasmal Flames
me02-108,Mega Heracross ex,Phantasmal Flames
me02-084,Mega Lopunny ex,Phantasmal Flames
me02-115,Mega Lopunny ex,Phantasmal Flames
me02-128,Mega Lopunny ex,Phantasmal Flames
me02-061,Mega Sharpedo ex,Phantasmal Flames
me02-113,Mega Sharpedo ex,Phantasmal Flames
me02-127,Mega Sharpedo ex,Phantasmal Flames
me02-040,Meloetta,Phantasmal Flames
me02-106,Meowth,Phantasmal Flames
me02-043,Milcery,Phantasmal Flames
me02-042,Mimikyu,Phantasmal Flames
me02-035,Misdreavus,Phantasmal Flames
me02-036,Mismagius ex,Phantasmal Flames
me02-112,Mismagius ex,Phantasmal Flames
me02-014,Moltres,Phantasmal Flames
me02-057,Murkrow,Phantasmal Flames
me02-009,Nymble,Phantasmal Flames
me02-096,Nymble,Phantasmal Flames
me02-001,Oddish,Phantasmal Flames
me02-018,Oricorio ex,Phantasmal Flames
me02-110,Oricorio ex,Phantasmal Flames
me02-048,Paldean Tauros,Phantasmal Flames
me02-102,Paldean Wooper,Phantasmal Flames
me02-032,Pawmi,Phantasmal Flames
me02-033,Pawmo,Phantasmal Flames
me02-034,Pawmot,Phantasmal Flames
me02-024,Piloswine,Phantasmal Flames
me02-027,Piplup,Phantasmal Flames
me02-098,Piplup,Phantasmal Flames
me02-028,Prinplup,Phantasmal Flames
me02-092,Punk Helmet,Phantasmal Flames
me02-121,Punk Helmet,Phantasmal Flames
me02-017,Reshiram,Phantasmal Flames
me02-029,Rotom ex,Phantasmal Flames
me02-111,Rotom ex,Phantasmal Flames
me02-126,Rotom ex,Phantasmal Flames
me02-059,Sableye,Phantasmal Flames
me02-093,Sacred Charm,Phantasmal Flames
me02-122,Sacred Charm,Phantasmal Flames
me02-064,Sandile,Phantasmal Flames
me02-021,Seel,Phantasmal Flames
me02-062,Seviper,Phantasmal Flames
me02-080,Smeargle,Phantasmal Flames
me02-037,Snubbull,Phantasmal Flames
me02-026,Suicune,Phantasmal Flames
me02-023,Swinub,Phantasmal Flames
me02-123,Switch,Phantasmal Flames
me02-073,Togedemaru,Phantasmal Flames
me02-104,Togedemaru,Phantasmal Flames
me02-067,Toxel,Phantasmal Flames
me02-068,Toxtricity,Phantasmal Flames
me02-103,Toxtricity,Phantasmal Flames
me02-051,Trapinch,Phantasmal Flames
me02-052,Vibrava,Phantasmal Flames
me02-003,Vileplume,Phantasmal Flames
me02-077,Wigglytuff,Phantasmal Flames
me02-105,Wigglytuff,Phantasmal Flames
me02-094,Wondrous Patch,Phantasmal Flames
me02-030,Yamper,Phantasmal Flames
me02-099,Yamper,Phantasmal Flames
me02-045,Zacian,Phantasmal Flames
me02-100,Zacian,Phantasmal Flames
me02-081,Zigzagoon,Phantasmal Flames
xy4-65a,Aegislash EX,Phantom Forces
xy4-92,Battle Compressor Team Flare Gear,Phantom Forces
xy4-97,Head Ringer Team Flare Hyper Gear,Phantom Forces
xy4-98,Jamming Net Team Flare Hyper Gear,Phantom Forces
xy4-24a,M Manectric EX,Phantom Forces
xy4-102,Robo Substitute Team Flare Gear,Phantom Forces
xy4-106,Target Whistle Team Flare Gear,Phantom Forces
bw10-65,Dialga-EX,Plasma Blast
bw10-99,Dialga-EX,Plasma Blast
bw10-11,Genesect-EX,Plasma Blast
bw10-97,Genesect-EX,Plasma Blast
bw10-60,Jirachi-EX,Plasma Blast
bw10-98,Jirachi-EX,Plasma Blast
bw10-30,Kyurem-EX,Plasma Blast
bw10-100,Palkia-EX,Plasma Blast
bw10-66,Palkia-EX,Plasma Blast
bw10-83,Pokémon Catcher,Plasma Blast
bw10-9,Virizion-EX,Plasma Blast
bw10-96,Virizion-EX,Plasma Blast
bw9-111,Deoxys-EX,Plasma Freeze
bw9-53,Deoxys-EX,Plasma Freeze
bw9-119,Garbodor,Plasma Freeze
bw9-109,Heatran-EX,Plasma Freeze
bw9-13,Heatran-EX,Plasma Freeze
bw9-112,Latias-EX,Plasma Freeze
bw9-85,Latias-EX,Plasma Freeze
bw9-113,Latios-EX,Plasma Freeze
bw9-86,Latios-EX,Plasma Freeze
bw9-40,Nidoran♀,Plasma Freeze
bw9-43,Nidoran♂,Plasma Freeze
bw9-110,Thundurus-EX,Plasma Freeze
bw9-38,Thundurus-EX,Plasma Freeze
bw9-114,Tornadus-EX,Plasma Freeze
bw9-98,Tornadus-EX,Plasma Freeze
bw8-132,Articuno-EX,Plasma Storm
bw8-25,Articuno-EX,Plasma Storm
bw8-95,Black Kyurem-EX,Plasma Storm
bw8-133,Cobalion-EX,Plasma Storm
bw8-93,Cobalion-EX,Plasma Storm
bw8-108,Lugia-EX,Plasma Storm
bw8-134,Lugia-EX,Plasma Storm
bw8-14,Moltres-EX,Plasma Storm
bw8-131,Victini-EX,Plasma Storm
bw8-18,Victini-EX,Plasma Storm
bw8-96,White Kyurem-EX,Plasma Storm
bw8-48,Zapdos-EX,Plasma Storm
pl1-SH4,Lotad,Platinum
pl1-113,Poké Ball,Platinum
pl1-114,Pokédex HANDY910is,Platinum
pl1-115,Pokémon Rescue,Platinum
pl1-SH5,Swablu,Platinum
pl1-118,Team Galactic's Invention G-105 Poké Turn,Platinum
pl1-SH6,Vulpix,Platinum
ex5.5-4,Mudkip,Poké Card Creator Pack
ex5.5-5,Pikachu,Poké Card Creator Pack
ex5.5-3,Torchic,Poké Card Creator Pack
ex5.5-1,Treecko,Poké Card Creator Pack
ex5.5-2,Wurmple,Poké Card Creator Pack
fut2020-2,Eevee on the Ball,Pokémon Futsal 2020
fut2020-3,Grookey on the Ball,Pokémon Futsal 2020
fut2020-1,Pikachu on the Ball,Pokémon Futsal 2020
fut2020-4,Scorbunny on the Ball,Pokémon Futsal 2020
fut2020-5,Sobble on the Ball,Pokémon Futsal 2020
swsh10.5-068,PokéStop,Pokémon GO
ru1-14,Bastiodon,Pokémon Rumble
ru1-16,Bibarel,Pokémon Rumble
ru1-2,Cherrim,Pokémon Rumble
ru1-11,Diglett,Pokémon Rumble
ru1-6,Gyarados,Pokémon Rumble
ru1-4,Heatran,Pokémon Rumble
ru1-12,Lucario,Pokémon Rumble
ru1-10,Mew,Pokémon Rumble
ru1-9,Mewtwo,Pokémon Rumble
ru1-3,Ninetales,Pokémon Rumble
ru1-7,Pikachu,Pokémon Rumble
ru1-15,Rattata,Pokémon Rumble
ru1-13,Skuntank,Pokémon Rumble
ru1-5,Starmie,Pokémon Rumble
ru1-1,Venusaur,Pokémon Rumble
ru1-8,Zapdos,Pokémon Rumble
pop2-8,Mr. Briney’s Compassion,POP Series 2
pop2-10,Pokémon Park,POP Series 2
pop3-10,High Pressure System,POP Series 3
pop4-1,Chimecho δ,POP Series 4
pop4-2,Deoxys δ,POP Series 4
pop4-9,Pokémon Fan Club,POP Series 4
pop4-15,Treecko δ,POP Series 4
pop5-6,Bill’s Maintenance,POP Series 5
pop5-10,Charmander δ,POP Series 5
pop5-5,Charmeleon δ,POP Series 5
pop5-16,Espeon ★,POP Series 5
pop5-11,Meowth δ,POP Series 5
pop5-3,Mew δ,POP Series 5
pop5-14,Pelipper δ,POP Series 5
pop5-13,Pikachu δ,POP Series 5
pop5-17,Umbreon ★,POP Series 5
pop5-15,Zangoose δ,POP Series 5
pop5-9,δ Rainbow Energy,POP Series 5
pop6-6,Drifloon,POP Series 6
pop6-10,Staravia,POP Series 6
pop8-11,Roseanne’s Research,POP Series 8
xy5-66,Nidoran♀,Primal Clash
sv08.5-093,Amarys,Prismatic Evolutions
sv08.5-132,Amarys,Prismatic Evolutions
sv08.5-170,Amarys,Prismatic Evolutions
sv08.5-009,Applin,Prismatic Evolutions
sv08.5-070,Archaludon,Prismatic Evolutions
sv08.5-094,Area Zero Underdepths,Prismatic Evolutions
sv08.5-039,Aromatisse,Prismatic Evolutions
sv08.5-133,Atticus,Prismatic Evolutions
sv08.5-134,Atticus,Prismatic Evolutions
sv08.5-095,Binding Mochi,Prismatic Evolutions
sv08.5-096,Black Belt's Training,Prismatic Evolutions
sv08.5-097,Black Belt's Training,Prismatic Evolutions
sv08.5-098,Black Belt's Training,Prismatic Evolutions
sv08.5-099,Black Belt's Training,Prismatic Evolutions
sv08.5-054,Bloodmoon Ursaluna,Prismatic Evolutions
sv08.5-168,Bloodmoon Ursaluna ex,Prismatic Evolutions
sv08.5-135,Brassius,Prismatic Evolutions
sv08.5-100,Briar,Prismatic Evolutions
sv08.5-067,Bronzong,Prismatic Evolutions
sv08.5-066,Bronzor,Prismatic Evolutions
sv08.5-101,Buddy-Buddy Poffin,Prismatic Evolutions
sv08.5-004,Budew,Prismatic Evolutions
sv08.5-102,Bug Catching Set,Prismatic Evolutions
sv08.5-083,Buneary,Prismatic Evolutions
sv08.5-103,Carmine,Prismatic Evolutions
sv08.5-147,Ceruledge ex,Prismatic Evolutions
sv08.5-104,Ciphermaniac's Codebreaking,Prismatic Evolutions
sv08.5-058,Cornerstone Mask Ogerpon ex,Prismatic Evolutions
sv08.5-160,Cornerstone Mask Ogerpon ex,Prismatic Evolutions
sv08.5-007,Cottonee,Prismatic Evolutions
sv08.5-105,Crispin,Prismatic Evolutions
sv08.5-171,Crispin,Prismatic Evolutions
sv08.5-010,Dipplin,Prismatic Evolutions
sv08.5-073,Dragapult ex,Prismatic Evolutions
sv08.5-165,Dragapult ex,Prismatic Evolutions
sv08.5-072,Drakloak,Prismatic Evolutions
sv08.5-172,Drayton,Prismatic Evolutions
sv08.5-071,Dreepy,Prismatic Evolutions
sv08.5-080,Dudunsparce,Prismatic Evolutions
sv08.5-079,Dunsparce,Prismatic Evolutions
sv08.5-069,Duraludon,Prismatic Evolutions
sv08.5-036,Dusclops,Prismatic Evolutions
sv08.5-037,Dusknoir,Prismatic Evolutions
sv08.5-035,Duskull,Prismatic Evolutions
sv08.5-106,Earthen Vessel,Prismatic Evolutions
sv08.5-074,Eevee,Prismatic Evolutions
sv08.5-075,Eevee ex,Prismatic Evolutions
sv08.5-167,Eevee ex,Prismatic Evolutions
sv08.5-136,Eri,Prismatic Evolutions
sv08.5-033,Espeon,Prismatic Evolutions
sv08.5-034,Espeon ex,Prismatic Evolutions
sv08.5-155,Espeon ex,Prismatic Evolutions
sv08.5-001,Exeggcute,Prismatic Evolutions
sv08.5-002,Exeggutor,Prismatic Evolutions
sv08.5-107,Explorer's Guidance,Prismatic Evolutions
sv08.5-085,Fan Rotom,Prismatic Evolutions
sv08.5-108,Festival Grounds,Prismatic Evolutions
sv08.5-045,Fezandipiti,Prismatic Evolutions
sv08.5-013,Flareon,Prismatic Evolutions
sv08.5-014,Flareon ex,Prismatic Evolutions
sv08.5-146,Flareon ex,Prismatic Evolutions
sv08.5-043,Flutter Mane,Prismatic Evolutions
sv08.5-109,Friends in Paldea,Prismatic Evolutions
sv08.5-137,Friends in Paldea,Prismatic Evolutions
sv08.5-088,Furfrou,Prismatic Evolutions
sv08.5-164,Gholdengo ex,Prismatic Evolutions
sv08.5-138,Giacomo,Prismatic Evolutions
sv08.5-025,Glaceon,Prismatic Evolutions
sv08.5-026,Glaceon ex,Prismatic Evolutions
sv08.5-150,Glaceon ex,Prismatic Evolutions
sv08.5-110,Glass Trumpet,Prismatic Evolutions
sv08.5-020,Goldeen,Prismatic Evolutions
sv08.5-055,Great Tusk,Prismatic Evolutions
sv08.5-049,Groudon,Prismatic Evolutions
sv08.5-111,Haban Berry,Prismatic Evolutions
sv08.5-089,Hawlucha,Prismatic Evolutions
sv08.5-017,Hearthflame Mask Ogerpon ex,Prismatic Evolutions
sv08.5-148,Hearthflame Mask Ogerpon ex,Prismatic Evolutions
sv08.5-068,Heatran,Prismatic Evolutions
sv08.5-052,Hippopotas,Prismatic Evolutions
sv08.5-053,Hippowdon,Prismatic Evolutions
sv08.5-077,Hoothoot,Prismatic Evolutions
sv08.5-063,Houndoom,Prismatic Evolutions
sv08.5-062,Houndour,Prismatic Evolutions
sv08.5-011,Hydrapple ex,Prismatic Evolutions
sv08.5-046,Iron Boulder,Prismatic Evolutions
sv08.5-158,Iron Crown ex,Prismatic Evolutions
sv08.5-031,Iron Hands ex,Prismatic Evolutions
sv08.5-154,Iron Hands ex,Prismatic Evolutions
sv08.5-176,Iron Leaves ex,Prismatic Evolutions
sv08.5-032,Iron Thorns ex,Prismatic Evolutions
sv08.5-157,Iron Valiant ex,Prismatic Evolutions
sv08.5-112,Janine's Secret Art,Prismatic Evolutions
sv08.5-173,Janine's Secret Art,Prismatic Evolutions
sv08.5-029,Jolteon,Prismatic Evolutions
sv08.5-030,Jolteon ex,Prismatic Evolutions
sv08.5-153,Jolteon ex,Prismatic Evolutions
sv08.5-113,Kieran,Prismatic Evolutions
sv08.5-174,Kieran,Prismatic Evolutions
sv08.5-114,Lacey,Prismatic Evolutions
sv08.5-175,Lacey,Prismatic Evolutions
sv08.5-115,Larry's Skill,Prismatic Evolutions
sv08.5-139,Larry's Skill,Prismatic Evolutions
sv08.5-047,Larvitar,Prismatic Evolutions
sv08.5-005,Leafeon,Prismatic Evolutions
sv08.5-006,Leafeon ex,Prismatic Evolutions
sv08.5-144,Leafeon ex,Prismatic Evolutions
sv08.5-015,Litleo,Prismatic Evolutions
sv08.5-084,Lopunny,Prismatic Evolutions
sv08.5-051,Lucario ex,Prismatic Evolutions
sv08.5-082,Lugia ex,Prismatic Evolutions
sv08.5-117,Maximum Belt,Prismatic Evolutions
sv08.5-116,Max Rod,Prismatic Evolutions
sv08.5-140,Mela,Prismatic Evolutions
sv08.5-081,Miltank,Prismatic Evolutions
sv08.5-044,Munkidori,Prismatic Evolutions
sv08.5-078,Noctowl,Prismatic Evolutions
sv08.5-090,Noibat,Prismatic Evolutions
sv08.5-091,Noivern ex,Prismatic Evolutions
sv08.5-118,Ogre's Mask,Prismatic Evolutions
sv08.5-057,Okidogi,Prismatic Evolutions
sv08.5-141,Ortega,Prismatic Evolutions
sv08.5-151,Palafin ex,Prismatic Evolutions
sv08.5-163,Pecharunt ex,Prismatic Evolutions
sv08.5-028,Pikachu ex,Prismatic Evolutions
sv08.5-179,Pikachu ex,Prismatic Evolutions
sv08.5-003,Pinsir,Prismatic Evolutions
sv08.5-119,Prime Catcher,Prismatic Evolutions
sv08.5-120,Professor Sada's Vitality,Prismatic Evolutions
sv08.5-122,Professor's Research,Prismatic Evolutions
sv08.5-123,Professor's Research,Prismatic Evolutions
sv08.5-124,Professor's Research,Prismatic Evolutions
sv08.5-125,Professor's Research,Prismatic Evolutions
sv08.5-121,Professor Turo's Scenario,Prismatic Evolutions
sv08.5-048,Pupitar,Prismatic Evolutions
sv08.5-016,Pyroar,Prismatic Evolutions
sv08.5-166,Raging Bolt ex,Prismatic Evolutions
sv08.5-142,Raifort,Prismatic Evolutions
sv08.5-086,Regigigas,Prismatic Evolutions
sv08.5-126,Rescue Board,Prismatic Evolutions
sv08.5-050,Riolu,Prismatic Evolutions
sv08.5-065,Roaring Moon,Prismatic Evolutions
sv08.5-162,Roaring Moon ex,Prismatic Evolutions
sv08.5-127,Roto-Stick,Prismatic Evolutions
sv08.5-056,Sandy Shocks ex,Prismatic Evolutions
sv08.5-159,Sandy Shocks ex,Prismatic Evolutions
sv08.5-128,Scoop Up Cyclone,Prismatic Evolutions
sv08.5-042,Scream Tail,Prismatic Evolutions
sv08.5-021,Seaking,Prismatic Evolutions
sv08.5-087,Shaymin,Prismatic Evolutions
sv08.5-019,Slowking,Prismatic Evolutions
sv08.5-018,Slowpoke,Prismatic Evolutions
sv08.5-061,Sneasel,Prismatic Evolutions
sv08.5-076,Snorlax ex,Prismatic Evolutions
sv08.5-129,Sparkling Crystal,Prismatic Evolutions
sv08.5-038,Spritzee,Prismatic Evolutions
sv08.5-024,Suicune,Prismatic Evolutions
sv08.5-040,Sylveon,Prismatic Evolutions
sv08.5-041,Sylveon ex,Prismatic Evolutions
sv08.5-156,Sylveon ex,Prismatic Evolutions
sv08.5-012,Teal Mask Ogerpon ex,Prismatic Evolutions
sv08.5-145,Teal Mask Ogerpon ex,Prismatic Evolutions
sv08.5-177,Teal Mask Ogerpon ex,Prismatic Evolutions
sv08.5-130,Techno Radar,Prismatic Evolutions
sv08.5-092,Terapagos ex,Prismatic Evolutions
sv08.5-169,Terapagos ex,Prismatic Evolutions
sv08.5-180,Terapagos ex,Prismatic Evolutions
sv08.5-131,Treasure Tracker,Prismatic Evolutions
sv08.5-143,Tyme,Prismatic Evolutions
sv08.5-064,Tyranitar ex,Prismatic Evolutions
sv08.5-059,Umbreon,Prismatic Evolutions
sv08.5-060,Umbreon ex,Prismatic Evolutions
sv08.5-161,Umbreon ex,Prismatic Evolutions
sv08.5-022,Vaporeon,Prismatic Evolutions
sv08.5-023,Vaporeon ex,Prismatic Evolutions
sv08.5-149,Vaporeon ex,Prismatic Evolutions
sv08.5-178,Walking Wake ex,Prismatic Evolutions
sv08.5-027,Wellspring Mask Ogerpon ex,Prismatic Evolutions
sv08.5-152,Wellspring Mask Ogerpon ex,Prismatic Evolutions
sv08.5-008,Whimsicott,Prismatic Evolutions
P-A-087,Alcremie,Promos-A
P-A-069,Alolan Exeggutor,Promos-A
P-A-072,Alolan Grimer,Promos-A
P-A-070,Alolan Ninetales,Promos-A
P-A-089,Audino,Promos-A
P-A-057,Bidoof,Promos-A
P-A-076,Blacephalon,Promos-A
P-A-029,Blastoise,Promos-A
P-A-098,Blissey ex,Promos-A
P-A-023,Bulbasaur,Promos-A
P-A-013,Butterfree,Promos-A
P-A-011,Chansey,Promos-A
P-A-032,Charmander,Promos-A
P-A-043,Cherrim,Promos-A
P-A-040,Chimchar,Promos-A
P-A-095,Chinchou,Promos-A
P-A-031,Cinccino,Promos-A
P-A-016,Clefairy,Promos-A
P-A-093,Cleffa,Promos-A
P-A-067,Cosmog,Promos-A
P-A-071,Crabrawler,Promos-A
P-A-037,Cresselia ex,Promos-A
P-A-051,Cyclizar,Promos-A
P-A-042,Darkrai ex,Promos-A
P-A-078,Dawn Wings Necrozma,Promos-A
P-A-088,Dragonair,Promos-A
P-A-079,Dusk Mane Necrozma,Promos-A
P-A-030,Eevee,Promos-A
P-A-092,Eevee,Promos-A
P-A-056,Ekans,Promos-A
P-A-036,Electivire,Promos-A
P-A-060,Exeggcute,Promos-A
P-A-062,Farfetch'd,Promos-A
P-A-053,Floatzel,Promos-A
P-A-061,Froakie,Promos-A
P-A-046,Gible,Promos-A
P-A-091,Greedent,Promos-A
P-A-019,Greninja,Promos-A
P-A-003,Hand Scope,Promos-A
P-A-020,Haunter,Promos-A
P-A-094,Horsea,Promos-A
P-A-096,Houndoom,Promos-A
P-A-022,Jigglypuff,Promos-A
P-A-086,Jolteon,Promos-A
P-A-097,Kangaskhan,Promos-A
P-A-075,Kartana,Promos-A
P-A-014,Lapras ex,Promos-A
P-A-068,Lycanroc,Promos-A
P-A-055,Machamp,Promos-A
P-A-024,Magnemite,Promos-A
P-A-048,Manaphy,Promos-A
P-A-017,Mankey,Promos-A
P-A-099,Marill,Promos-A
P-A-012,Meowth,Promos-A
P-A-010,Mewtwo,Promos-A
P-A-050,Mewtwo ex,Promos-A
P-A-066,Mimikyu,Promos-A
P-A-038,Misdreavus,Promos-A
P-A-025,Moltres ex,Promos-A
P-A-045,Nosepass,Promos-A
P-A-021,Onix,Promos-A
P-A-058,Pachirisu,Promos-A
P-A-054,Pawmot,Promos-A
P-A-009,Pikachu,Promos-A
P-A-015,Pikachu,Promos-A
P-A-026,Pikachu,Promos-A
P-A-034,Piplup,Promos-A
P-A-082,Poipole,Promos-A
P-A-005,Poké Ball,Promos-A
P-A-004,Pokédex,Promos-A
P-A-008,Pokédex,Promos-A
P-A-001,Potion,Promos-A
P-A-007,Professor's Research,Promos-A
P-A-044,Raichu,Promos-A
P-A-063,Rayquaza,Promos-A
P-A-064,Rayquaza ex,Promos-A
P-A-065,Rayquaza ex,Promos-A
P-A-006,Red Card,Promos-A
P-A-059,Riolu,Promos-A
P-A-039,Skarmory,Promos-A
P-A-027,Snivy,Promos-A
P-A-049,Snorlax,Promos-A
P-A-052,Sprigatito,Promos-A
P-A-033,Squirtle,Promos-A
P-A-080,Stakataka,Promos-A
P-A-047,Staraptor,Promos-A
P-A-083,Stufful,Promos-A
P-A-084,Tapu Koko ex,Promos-A
P-A-090,Togedemaru,Promos-A
P-A-041,Togepi,Promos-A
P-A-073,Toucannon,Promos-A
P-A-035,Turtwig,Promos-A
P-A-081,Ultra Necrozma ex,Promos-A
P-A-085,Vanillite,Promos-A
P-A-018,Venusaur,Promos-A
P-A-028,Volcarona,Promos-A
P-A-100,Weavile,Promos-A
P-A-002,X Speed,Promos-A
P-A-077,Xurkitree,Promos-A
P-A-074,Zeraora,Promos-A
swsh2-154,Boss's Orders (Giovanni),Rebel Clash
swsh2-189,Boss's Orders (Giovanni),Rebel Clash
swsh2-200,Boss's Orders (Giovanni),Rebel Clash
swsh2-172,Horror Psychic Energy,Rebel Clash
swsh2-164,Poké Ball,Rebel Clash
swsh2-173,Speed Lightning Energy,Rebel Clash
pl2-103,Alakazam 4,Rising Rivals
pl2-38,Alakazam 4,Rising Rivals
pl2-16,Bronzong 4,Rising Rivals
pl2-RT6,Charon's Choice,Rising Rivals
pl2-17,Drapion 4,Rising Rivals
pl2-18,Espeon 4,Rising Rivals
pl2-RT1,Fan Rotom,Rising Rivals
pl2-60,Flareon 4,Rising Rivals
pl2-RT2,Frost Rotom,Rising Rivals
pl2-106,Gallade 4,Rising Rivals
pl2-20,Gallade 4,Rising Rivals
pl2-62,Gliscor 4,Rising Rivals
pl2-23,Golem 4,Rising Rivals
pl2-RT3,Heat Rotom,Rising Rivals
pl2-24,Heracross 4,Rising Rivals
pl2-42,Hippowdon 4,Rising Rivals
pl2-65,Houndoom 4,Rising Rivals
pl2-108,Infernape 4,Rising Rivals
pl2-43,Infernape 4,Rising Rivals
pl2-RT4,Mow Rotom,Rising Rivals
pl2-28,Mr. Mime 4,Rising Rivals
pl2-71,Nidoran♀,Rising Rivals
pl2-72,Nidoran♂,Rising Rivals
pl2-93,Pokémon Contest Hall,Rising Rivals
pl2-47,Rapidash 4,Rising Rivals
pl2-32,Rhyperior 4,Rising Rivals
pl2-48,Scizor 4,Rising Rivals
pl2-95,Team Galactic's Invention G-107 Technical Machine,Rising Rivals
pl2-35,Vespiquen 4,Rising Rivals
pl2-RT5,Wash Rotom,Rising Rivals
pl2-54,Whiscash 4,Rising Rivals
pl2-37,Yanmega 4,Rising Rivals
xy6-77a,Shaymin EX,Roaring Skies
xy6-92a,Trainers' Mail,Roaring Skies
ex1-86,Poké Ball,Ruby & Sapphire
ex1-87,Pokémon Reversal,Ruby & Sapphire
ex1-88,PokéNav,Ruby & Sapphire
A4a-055,Altaria,Secluded Springs
A4a-063,Azurill,Secluded Springs
A4a-077,Azurill,Secluded Springs
A4a-031,Boltund,Secluded Springs
A4a-006,Celebi,Secluded Springs
A4a-091,Chimchar,Secluded Springs
A4a-047,Crustle,Secluded Springs
A4a-024,Cryogonal,Secluded Springs
A4a-040,Diglett,Secluded Springs
A4a-044,Donphan,Secluded Springs
A4a-054,Dragalge,Secluded Springs
A4a-041,Dugtrio,Secluded Springs
A4a-007,Durant,Secluded Springs
A4a-046,Dwebble,Secluded Springs
A4a-027,Eelektrik,Secluded Springs
A4a-028,Eelektross,Secluded Springs
A4a-010,Entei ex,Secluded Springs
A4a-079,Entei ex,Secluded Springs
A4a-087,Entei ex,Secluded Springs
A4a-056,Farfetch'd,Secluded Springs
A4a-021,Feebas,Secluded Springs
A4a-011,Fletchinder,Secluded Springs
A4a-066,Fletchling,Secluded Springs
A4a-038,Frillish,Secluded Springs
A4a-099,Gabite,Secluded Springs
A4a-034,Galarian Corsola,Secluded Springs
A4a-035,Galarian Cursola,Secluded Springs
A4a-103,Garchomp ex,Secluded Springs
A4a-098,Gible,Secluded Springs
A4a-094,Golduck,Secluded Springs
A4a-001,Hoppip,Secluded Springs
A4a-059,Igglybuff,Secluded Springs
A4a-101,Infernape ex,Secluded Springs
A4a-067,Inflatable Boat,Secluded Springs
A4a-051,Inkay,Secluded Springs
A4a-039,Jellicent,Secluded Springs
A4a-003,Jumpluff ex,Secluded Springs
A4a-078,Jumpluff ex,Secluded Springs
A4a-086,Jumpluff ex,Secluded Springs
A4a-019,Jynx,Secluded Springs
A4a-096,Kingler,Secluded Springs
A4a-095,Krabby,Secluded Springs
A4a-036,Latias,Secluded Springs
A4a-037,Latios,Secluded Springs
A4a-075,Latios,Secluded Springs
A4a-058,Lickilicky,Secluded Springs
A4a-057,Lickitung,Secluded Springs
A4a-009,Magcargo,Secluded Springs
A4a-052,Malamar,Secluded Springs
A4a-023,Mantyke,Secluded Springs
A4a-105,Mantyke,Secluded Springs
A4a-068,Memory Light,Secluded Springs
A4a-102,Mew ex,Secluded Springs
A4a-022,Milotic,Secluded Springs
A4a-072,Milotic,Secluded Springs
A4a-062,Miltank,Secluded Springs
A4a-032,Misdreavus,Secluded Springs
A4a-033,Mismagius,Secluded Springs
A4a-092,Monferno,Secluded Springs
A4a-071,Morty,Secluded Springs
A4a-085,Morty,Secluded Springs
A4a-104,Paldean Clodsire ex,Secluded Springs
A4a-100,Paldean Wooper,Secluded Springs
A4a-043,Phanpy,Secluded Springs
A4a-076,Phanpy,Secluded Springs
A4a-013,Poliwag,Secluded Springs
A4a-014,Poliwhirl,Secluded Springs
A4a-042,Poliwrath ex,Secluded Springs
A4a-082,Poliwrath ex,Secluded Springs
A4a-089,Poliwrath ex,Secluded Springs
A4a-093,Psyduck,Secluded Springs
A4a-097,Pyukumuku,Secluded Springs
A4a-025,Raikou ex,Secluded Springs
A4a-081,Raikou ex,Secluded Springs
A4a-088,Raikou ex,Secluded Springs
A4a-045,Relicanth,Secluded Springs
A4a-048,Seviper,Secluded Springs
A4a-002,Skiploom,Secluded Springs
A4a-053,Skrelp,Secluded Springs
A4a-018,Slowking,Secluded Springs
A4a-017,Slowpoke,Secluded Springs
A4a-008,Slugma,Secluded Springs
A4a-029,Stunfisk,Secluded Springs
A4a-073,Stunfisk,Secluded Springs
A4a-020,Suicune ex,Secluded Springs
A4a-080,Suicune ex,Secluded Springs
A4a-090,Suicune ex,Secluded Springs
A4a-005,Sunflora,Secluded Springs
A4a-004,Sunkern,Secluded Springs
A4a-064,Swablu,Secluded Springs
A4a-012,Talonflame,Secluded Springs
A4a-060,Teddiursa,Secluded Springs
A4a-015,Tentacool,Secluded Springs
A4a-016,Tentacruel,Secluded Springs
A4a-070,Traveling Merchant,Secluded Springs
A4a-084,Traveling Merchant,Secluded Springs
A4a-026,Tynamo,Secluded Springs
A4a-061,Ursaring,Secluded Springs
A4a-069,Whitney,Secluded Springs
A4a-083,Whitney,Secluded Springs
A4a-030,Yamper,Secluded Springs
A4a-074,Yamper,Secluded Springs
A4a-065,Zangoose,Secluded Springs
A4a-050,Zoroark,Secluded Springs
A4a-049,Zorua,Secluded Springs
dp3-97,Nidoran♂,Secret Wonders
dp3-68,Unown K,Secret Wonders
dp3-69,Unown N,Secret Wonders
dp3-70,Unown O,Secret Wonders
dp3-39,Unown S,Secret Wonders
dp3-71,Unown X,Secret Wonders
dp3-72,Unown Z,Secret Wonders
swsh4.5-SV058,Alcremie,Shining Fates
swsh4.5-SV014,Appletun,Shining Fates
swsh4.5-SV012,Applin,Shining Fates
swsh4.5-SV037,Arctovish,Shining Fates
swsh4.5-SV046,Arctozolt,Shining Fates
swsh4.5-SV031,Arrokuda,Shining Fates
swsh4.5-SV032,Barraskewda,Shining Fates
swsh4.5-SV007,Blipbug,Shining Fates
swsh4.5-SV040,Boltund,Shining Fates
swsh4.5-58,Boss's Orders (Lysandre),Shining Fates
swsh4.5-SV097,Bunnelby,Shining Fates
swsh4.5-SV068,Carkol,Shining Fates
swsh4.5-SV019,Centiskorch,Shining Fates
swsh4.5-SV108,Centiskorch V,Shining Fates
swsh4.5-SV109,Centiskorch VMAX,Shining Fates
swsh4.5-SV107,Charizard VMAX,Shining Fates
swsh4.5-SV028,Chewtle,Shining Fates
swsh4.5-SV094,Cinccino,Shining Fates
swsh4.5-SV017,Cinderace,Shining Fates
swsh4.5-SV072,Clobbopus,Shining Fates
swsh4.5-SV069,Coalossal,Shining Fates
swsh4.5-SV091,Copperajah,Shining Fates
swsh4.5-SV089,Corviknight,Shining Fates
swsh4.5-SV102,Corvisquire,Shining Fates
swsh4.5-SV030,Cramorant,Shining Fates
swsh4.5-SV090,Cufant,Shining Fates
swsh4.5-SV002,Dartrix,Shining Fates
swsh4.5-SV003,Decidueye,Shining Fates
swsh4.5-SV051,Dedenne,Shining Fates
swsh4.5-SV118,Ditto V,Shining Fates
swsh4.5-SV119,Ditto VMAX,Shining Fates
swsh4.5-SV008,Dottler,Shining Fates
swsh4.5-SV036,Dracovish,Shining Fates
swsh4.5-SV045,Dracozolt,Shining Fates
swsh4.5-SV062,Dragapult,Shining Fates
swsh4.5-SV061,Drakloak,Shining Fates
swsh4.5-SV029,Drednaw,Shining Fates
swsh4.5-SV060,Dreepy,Shining Fates
swsh4.5-SV026,Drizzile,Shining Fates
swsh4.5-SV104,Dubwool,Shining Fates
swsh4.5-SV120,Dubwool V,Shining Fates
swsh4.5-SV095,Ducklett,Shining Fates
swsh4.5-SV092,Duraludon,Shining Fates
swsh4.5-SV035,Eiscue,Shining Fates
swsh4.5-SV011,Eldegoss,Shining Fates
swsh4.5-SV121,Eternatus V,Shining Fates
swsh4.5-SV122,Eternatus VMAX,Shining Fates
swsh4.5-SV074,Falinks,Shining Fates
swsh4.5-SV115,Falinks V,Shining Fates
swsh4.5-SV013,Flapple,Shining Fates
swsh4.5-SV034,Frosmoth,Shining Fates
swsh4.5-SV049,Galarian Corsola,Shining Fates
swsh4.5-SV050,Galarian Cursola,Shining Fates
swsh4.5-SV024,Galarian Darmanitan,Shining Fates
swsh4.5-SV023,Galarian Darumaka,Shining Fates
swsh4.5-SV063,Galarian Farfetch'd,Shining Fates
swsh4.5-SV079,Galarian Linoone,Shining Fates
swsh4.5-SV086,Galarian Meowth,Shining Fates
swsh4.5-SV020,Galarian Mr. Mime,Shining Fates
swsh4.5-SV021,Galarian Mr. Rime,Shining Fates
swsh4.5-SV080,Galarian Obstagoon,Shining Fates
swsh4.5-SV087,Galarian Perrserker,Shining Fates
swsh4.5-SV047,Galarian Ponyta,Shining Fates
swsh4.5-SV048,Galarian Rapidash,Shining Fates
swsh4.5-SV066,Galarian Runerigus,Shining Fates
swsh4.5-SV064,Galarian Sirfetch'd,Shining Fates
swsh4.5-SV088,Galarian Stunfisk,Shining Fates
swsh4.5-SV077,Galarian Weezing,Shining Fates
swsh4.5-SV065,Galarian Yamask,Shining Fates
swsh4.5-SV078,Galarian Zigzagoon,Shining Fates
swsh4.5-SV010,Gossifleur,Shining Fates
swsh4.5-SV073,Grapploct,Shining Fates
swsh4.5-SV100,Greedent,Shining Fates
swsh4.5-SV085,Grimmsnarl,Shining Fates
swsh4.5-SV116,Grimmsnarl V,Shining Fates
swsh4.5-SV117,Grimmsnarl VMAX,Shining Fates
swsh4.5-SV004,Grookey,Shining Fates
swsh4.5-SV054,Hatenna,Shining Fates
swsh4.5-SV056,Hatterene,Shining Fates
swsh4.5-SV055,Hattrem,Shining Fates
swsh4.5-SV083,Impidimp,Shining Fates
swsh4.5-SV059,Indeedee,Shining Fates
swsh4.5-SV114,Indeedee V,Shining Fates
swsh4.5-SV027,Inteleon,Shining Fates
swsh4.5-SV076,Koffing,Shining Fates
swsh4.5-SV110,Lapras V,Shining Fates
swsh4.5-SV111,Lapras VMAX,Shining Fates
swsh4.5-SV057,Milcery,Shining Fates
swsh4.5-SV093,Minccino,Shining Fates
swsh4.5-SV084,Morgrem,Shining Fates
swsh4.5-SV044,Morpeko,Shining Fates
swsh4.5-SV081,Nickit,Shining Fates
swsh4.5-SV098,Oranguru,Shining Fates
swsh4.5-SV009,Orbeetle,Shining Fates
swsh4.5-SV043,Pincurchin,Shining Fates
swsh4.5-70,Poké Kid,Shining Fates
swsh4.5-SV053,Polteageist,Shining Fates
swsh4.5-60,Professor's Research (Professor Juniper),Shining Fates
swsh4.5-SV016,Raboot,Shining Fates
swsh4.5-SV006,Rillaboom,Shining Fates
swsh4.5-SV105,Rillaboom V,Shining Fates
swsh4.5-SV106,Rillaboom VMAX,Shining Fates
swsh4.5-SV067,Rolycoly,Shining Fates
swsh4.5-SV101,Rookidee,Shining Fates
swsh4.5-SV038,Rotom,Shining Fates
swsh4.5-SV001,Rowlet,Shining Fates
swsh4.5-SV071,Sandaconda,Shining Fates
swsh4.5-SV015,Scorbunny,Shining Fates
swsh4.5-SV070,Silicobra,Shining Fates
swsh4.5-SV052,Sinistea,Shining Fates
swsh4.5-SV018,Sizzlipede,Shining Fates
swsh4.5-SV099,Skwovet,Shining Fates
swsh4.5-SV033,Snom,Shining Fates
swsh4.5-SV025,Sobble,Shining Fates
swsh4.5-SV075,Stonjourner,Shining Fates
swsh4.5-SV022,Suicune,Shining Fates
swsh4.5-SV096,Swanna,Shining Fates
swsh4.5-SV082,Thievul,Shining Fates
swsh4.5-SV005,Thwackey,Shining Fates
swsh4.5-SV041,Toxel,Shining Fates
swsh4.5-SV042,Toxtricity,Shining Fates
swsh4.5-SV112,Toxtricity V,Shining Fates
swsh4.5-SV113,Toxtricity VMAX,Shining Fates
swsh4.5-SV103,Wooloo,Shining Fates
swsh4.5-SV039,Yamper,Shining Fates
sm3.5-63,Pokémon Breeder,Shining Legends
sm3.5-73,Pokémon Breeder,Shining Legends
sm3.5-64,Pokémon Catcher,Shining Legends
A2b-029,Abra,Shining Revelry
A2b-031,Alakazam,Shining Revelry
A2b-046,Arbok,Shining Revelry
A2b-003,Beedrill ex,Shining Revelry
A2b-079,Beedrill ex,Shining Revelry
A2b-107,Beedrill ex,Shining Revelry
A2b-065,Bibarel ex,Shining Revelry
A2b-087,Bibarel ex,Shining Revelry
A2b-095,Bibarel ex,Shining Revelry
A2b-064,Bidoof,Shining Revelry
A2b-016,Buizel,Shining Revelry
A2b-074,Buizel,Shining Revelry
A2b-066,Buneary,Shining Revelry
A2b-010,Charizard ex,Shining Revelry
A2b-080,Charizard ex,Shining Revelry
A2b-108,Charizard ex,Shining Revelry
A2b-008,Charmander,Shining Revelry
A2b-099,Charmander,Shining Revelry
A2b-009,Charmeleon,Shining Revelry
A2b-100,Charmeleon,Shining Revelry
A2b-068,Cyclizar,Shining Revelry
A2b-020,Dondozo,Shining Revelry
A2b-102,Dondozo,Shining Revelry
A2b-034,Drifblim,Shining Revelry
A2b-033,Drifloon,Shining Revelry
A2b-045,Ekans,Shining Revelry
A2b-024,Electrode,Shining Revelry
A2b-044,Flamigo,Shining Revelry
A2b-017,Floatzel,Shining Revelry
A2b-006,Floragato,Shining Revelry
A2b-057,Gholdengo,Shining Revelry
A2b-077,Gholdengo,Shining Revelry
A2b-036,Gimmighoul,Shining Revelry
A2b-035,Giratina ex,Shining Revelry
A2b-083,Giratina ex,Shining Revelry
A2b-096,Giratina ex,Shining Revelry
A2b-051,Grafaiai,Shining Revelry
A2b-076,Grafaiai,Shining Revelry
A2b-041,Hitmonchan,Shining Revelry
A2b-040,Hitmonlee,Shining Revelry
A2b-069,Iono,Shining Revelry
A2b-088,Iono,Shining Revelry
A2b-060,Jigglypuff,Shining Revelry
A2b-030,Kadabra,Shining Revelry
A2b-002,Kakuna,Shining Revelry
A2b-098,Kakuna,Shining Revelry
A2b-063,Lickilicky,Shining Revelry
A2b-062,Lickitung,Shining Revelry
A2b-067,Lopunny,Shining Revelry
A2b-043,Lucario ex,Shining Revelry
A2b-084,Lucario ex,Shining Revelry
A2b-110,Lucario ex,Shining Revelry
A2b-039,Machamp,Shining Revelry
A2b-038,Machoke,Shining Revelry
A2b-037,Machop,Shining Revelry
A2b-011,Magmar,Shining Revelry
A2b-012,Magmortar,Shining Revelry
A2b-007,Meowscarada,Shining Revelry
A2b-073,Meowscarada,Shining Revelry
A2b-032,Mr. Mime,Shining Revelry
A2b-025,Pachirisu,Shining Revelry
A2b-103,Pachirisu,Shining Revelry
A2b-048,Paldean Clodsire ex,Shining Revelry
A2b-085,Paldean Clodsire ex,Shining Revelry
A2b-093,Paldean Clodsire ex,Shining Revelry
A2b-013,Paldean Tauros,Shining Revelry
A2b-047,Paldean Wooper,Shining Revelry
A2b-026,Pawmi,Shining Revelry
A2b-027,Pawmo,Shining Revelry
A2b-028,Pawmot,Shining Revelry
A2b-022,Pikachu ex,Shining Revelry
A2b-082,Pikachu ex,Shining Revelry
A2b-092,Pikachu ex,Shining Revelry
A2b-004,Pinsir,Shining Revelry
A2b-111,Poké Ball,Shining Revelry
A2b-070,Pokémon Center Lady,Shining Revelry
A2b-089,Pokémon Center Lady,Shining Revelry
A2b-059,Raticate,Shining Revelry
A2b-058,Rattata,Shining Revelry
A2b-071,Red,Shining Revelry
A2b-090,Red,Shining Revelry
A2b-056,Revavroom,Shining Revelry
A2b-106,Revavroom,Shining Revelry
A2b-042,Riolu,Shining Revelry
A2b-104,Riolu,Shining Revelry
A2b-050,Shroodle,Shining Revelry
A2b-049,Spiritomb,Shining Revelry
A2b-005,Sprigatito,Shining Revelry
A2b-021,Tatsugiri,Shining Revelry
A2b-075,Tatsugiri,Shining Revelry
A2b-072,Team Rocket Grunt,Shining Revelry
A2b-091,Team Rocket Grunt,Shining Revelry
A2b-014,Tentacool,Shining Revelry
A2b-015,Tentacruel,Shining Revelry
A2b-052,Tinkatink,Shining Revelry
A2b-054,Tinkaton ex,Shining Revelry
A2b-086,Tinkaton ex,Shining Revelry
A2b-094,Tinkaton ex,Shining Revelry
A2b-053,Tinkatuff,Shining Revelry
A2b-055,Varoom,Shining Revelry
A2b-105,Varoom,Shining Revelry
A2b-023,Voltorb,Shining Revelry
A2b-001,Weedle,Shining Revelry
A2b-097,Weedle,Shining Revelry
A2b-061,Wigglytuff,Shining Revelry
A2b-078,Wigglytuff,Shining Revelry
A2b-018,Wiglett,Shining Revelry
A2b-101,Wiglett,Shining Revelry
A2b-019,Wugtrio ex,Shining Revelry
A2b-081,Wugtrio ex,Shining Revelry
A2b-109,Wugtrio ex,Shining Revelry
sv06.5-030,Absol,Shrouded Fable
sv06.5-054,Academy at Night,Shrouded Fable
sv06.5-044,Axew,Shrouded Fable
sv06.5-098,Basic Darkness Energy,Shrouded Fable
sv06.5-099,Basic Metal Energy,Shrouded Fable
sv06.5-053,Bewear,Shrouded Fable
sv06.5-079,Bewear,Shrouded Fable
sv06.5-055,Binding Mochi,Shrouded Fable
sv06.5-025,Bloodmoon Ursaluna,Shrouded Fable
sv06.5-056,Cassiopeia,Shrouded Fable
sv06.5-086,Cassiopeia,Shrouded Fable
sv06.5-094,Cassiopeia,Shrouded Fable
sv06.5-057,Colress's Tenacity,Shrouded Fable
sv06.5-087,Colress's Tenacity,Shrouded Fable
sv06.5-042,Copperajah,Shrouded Fable
sv06.5-021,Cresselia,Shrouded Fable
sv06.5-071,Cresselia,Shrouded Fable
sv06.5-023,Croagunk,Shrouded Fable
sv06.5-029,Crobat,Shrouded Fable
sv06.5-041,Cufant,Shrouded Fable
sv06.5-076,Cufant,Shrouded Fable
sv06.5-058,Dangerous Laser,Shrouded Fable
sv06.5-004,Dartrix,Shrouded Fable
sv06.5-005,Decidueye,Shrouded Fable
sv06.5-016,Drowzee,Shrouded Fable
sv06.5-019,Dusclops,Shrouded Fable
sv06.5-069,Dusclops,Shrouded Fable
sv06.5-020,Dusknoir,Shrouded Fable
sv06.5-070,Dusknoir,Shrouded Fable
sv06.5-018,Duskull,Shrouded Fable
sv06.5-068,Duskull,Shrouded Fable
sv06.5-096,Earthen Vessel,Shrouded Fable
sv06.5-050,Eevee,Shrouded Fable
sv06.5-073,Fezandipiti,Shrouded Fable
sv06.5-038,Fezandipiti ex,Shrouded Fable
sv06.5-084,Fezandipiti ex,Shrouded Fable
sv06.5-092,Fezandipiti ex,Shrouded Fable
sv06.5-045,Fraxure,Shrouded Fable
sv06.5-077,Fraxure,Shrouded Fable
sv06.5-051,Furfrou,Shrouded Fable
sv06.5-002,Galvantula,Shrouded Fable
sv06.5-040,Genesect,Shrouded Fable
sv06.5-028,Golbat,Shrouded Fable
sv06.5-046,Haxorus,Shrouded Fable
sv06.5-010,Horsea,Shrouded Fable
sv06.5-067,Horsea,Shrouded Fable
sv06.5-008,Houndoom,Shrouded Fable
sv06.5-066,Houndoom,Shrouded Fable
sv06.5-007,Houndour,Shrouded Fable
sv06.5-017,Hypno,Shrouded Fable
sv06.5-033,Inkay,Shrouded Fable
sv06.5-009,Iron Moth,Shrouded Fable
sv06.5-059,Janine's Secret Art,Shrouded Fable
sv06.5-088,Janine's Secret Art,Shrouded Fable
sv06.5-001,Joltik,Shrouded Fable
sv06.5-012,Kingdra ex,Shrouded Fable
sv06.5-080,Kingdra ex,Shrouded Fable
sv06.5-047,Kyurem,Shrouded Fable
sv06.5-034,Malamar,Shrouded Fable
sv06.5-048,Meowth,Shrouded Fable
sv06.5-072,Munkidori,Shrouded Fable
sv06.5-037,Munkidori ex,Shrouded Fable
sv06.5-083,Munkidori ex,Shrouded Fable
sv06.5-091,Munkidori ex,Shrouded Fable
sv06.5-060,Neutralization Zone,Shrouded Fable
sv06.5-061,Night Stretcher,Shrouded Fable
sv06.5-074,Okidogi,Shrouded Fable
sv06.5-036,Okidogi ex,Shrouded Fable
sv06.5-082,Okidogi ex,Shrouded Fable
sv06.5-090,Okidogi ex,Shrouded Fable
sv06.5-039,Pecharunt ex,Shrouded Fable
sv06.5-085,Pecharunt ex,Shrouded Fable
sv06.5-093,Pecharunt ex,Shrouded Fable
sv06.5-095,Pecharunt ex,Shrouded Fable
sv06.5-049,Persian,Shrouded Fable
sv06.5-078,Persian,Shrouded Fable
sv06.5-062,Poké Vital A,Shrouded Fable
sv06.5-063,Powerglass,Shrouded Fable
sv06.5-097,Powerglass,Shrouded Fable
sv06.5-015,Revavroom ex,Shrouded Fable
sv06.5-081,Revavroom ex,Shrouded Fable
sv06.5-003,Rowlet,Shrouded Fable
sv06.5-011,Seadra,Shrouded Fable
sv06.5-026,Slither Wing,Shrouded Fable
sv06.5-013,Sneasel,Shrouded Fable
sv06.5-052,Stufful,Shrouded Fable
sv06.5-022,Sylveon,Shrouded Fable
sv06.5-006,Tapu Bulu,Shrouded Fable
sv06.5-065,Tapu Bulu,Shrouded Fable
sv06.5-024,Toxicroak,Shrouded Fable
sv06.5-043,Varoom,Shrouded Fable
sv06.5-014,Weavile,Shrouded Fable
sv06.5-064,Xerosic's Machinations,Shrouded Fable
sv06.5-089,Xerosic's Machinations,Shrouded Fable
sv06.5-035,Yveltal,Shrouded Fable
sv06.5-032,Zoroark,Shrouded Fable
sv06.5-031,Zorua,Shrouded Fable
sv06.5-075,Zorua,Shrouded Fable
sv06.5-027,Zubat,Shrouded Fable
swsh12-TG11,Altaria,Silver Tempest
swsh12-TG14,Blaziken V,Silver Tempest
swsh12-TG15,Blaziken VMAX,Silver Tempest
swsh12-TG22,Blissey V,Silver Tempest
swsh12-TG01,Braixen,Silver Tempest
swsh12-TG18,Corviknight V,Silver Tempest
swsh12-TG19,Corviknight VMAX,Silver Tempest
swsh12-TG09,Druddigon,Silver Tempest
swsh12-TG21,Duraludon VMAX,Silver Tempest
swsh12-TG30,Duraludon VMAX,Silver Tempest
swsh12-TG03,Flaaffy,Silver Tempest
swsh12-TG23,Friends in Galar,Silver Tempest
swsh12-TG05,Gardevoir,Silver Tempest
swsh12-TG24,Gordie,Silver Tempest
swsh12-TG25,Judge,Silver Tempest
swsh12-TG04,Jynx,Silver Tempest
swsh12-TG12,Kricketune V,Silver Tempest
swsh12-TG06,Malamar,Silver Tempest
swsh12-TG17,Mawile V,Silver Tempest
swsh12-TG02,Milotic,Silver Tempest
swsh12-TG08,Passimian,Silver Tempest
swsh12-TG26,Professor Burnet,Silver Tempest
swsh12-TG27,Raihan,Silver Tempest
swsh12-TG20,Rayquaza VMAX,Silver Tempest
swsh12-TG29,Rayquaza VMAX,Silver Tempest
swsh12-TG07,Rockruff,Silver Tempest
swsh12-TG13,Serperior V,Silver Tempest
swsh12-TG10,Smeargle,Silver Tempest
swsh12-TG28,Sordward & Shielbert,Silver Tempest
swsh12-TG16,Zeraora V,Silver Tempest
ecard3-H02,Arcanine,Skyridge
ecard3-H03,Articuno,Skyridge
ecard3-145,Celebi,Skyridge
ecard3-H09,Gengar,Skyridge
ecard3-H12,Jolteon,Skyridge
ecard3-150,Kabutops,Skyridge
ecard3-H15,Machamp,Skyridge
ecard3-H18,Magneton,Skyridge
ecard3-H20,Moltres,Skyridge
ecard3-81,Nidoran♀,Skyridge
ecard3-82,Nidoran♀,Skyridge
ecard3-H23,Politoed,Skyridge
ecard3-H25,Raichu,Skyridge
ecard3-H27,Rhydon,Skyridge
ecard3-H29,Steelix,Skyridge
ecard3-H30,Umbreon,Skyridge
ecard3-H32,Xatu,Skyridge
smp-SM244,Aipom,SM Black Star Promos
smp-SM187,Alolan Marowak GX,SM Black Star Promos
smp-SM43,Alolan Meowth,SM Black Star Promos
smp-SM51,Alolan Meowth,SM Black Star Promos
smp-SM128,Alolan Ninetales,SM Black Star Promos
smp-SM65,Alolan Raichu,SM Black Star Promos
smp-SM72,Alolan Raichu,SM Black Star Promos
smp-SM127,Alolan Sandslash,SM Black Star Promos
smp-SM18,Alolan Sandslash,SM Black Star Promos
smp-SM236,Alolan Sandslash GX,SM Black Star Promos
smp-SM202,Amoonguss,SM Black Star Promos
smp-SM228,Armored Mewtwo,SM Black Star Promos
smp-SM144,Articuno,SM Black Star Promos
smp-SM108,Ash's Pikachu,SM Black Star Promos
smp-SM109,Ash's Pikachu,SM Black Star Promos
smp-SM110,Ash's Pikachu,SM Black Star Promos
smp-SM111,Ash's Pikachu,SM Black Star Promos
smp-SM112,Ash's Pikachu,SM Black Star Promos
smp-SM113,Ash's Pikachu,SM Black Star Promos
smp-SM114,Ash's Pikachu,SM Black Star Promos
smp-SM49,Bewear,SM Black Star Promos
smp-SM34,Bewear GX,SM Black Star Promos
smp-SM221,Blacephalon,SM Black Star Promos
smp-SM189,Blastoise GX,SM Black Star Promos
smp-SM11,Bruxish,SM Black Star Promos
smp-SM198,Bulbasaur,SM Black Star Promos
smp-SM218,Buzzwole,SM Black Star Promos
smp-SM69,Buzzwole GX,SM Black Star Promos
smp-SM239,Carracosta GX,SM Black Star Promos
smp-SM224,Celebi,SM Black Star Promos
smp-SM167,Celebi & Venusaur GX,SM Black Star Promos
smp-SM131,Celesteela,SM Black Star Promos
smp-SM67,Celesteela GX,SM Black Star Promos
smp-SM148,Champions Festival,SM Black Star Promos
smp-SM231,Champions Festival,SM Black Star Promos
smp-SM78,Champions Festival,SM Black Star Promos
smp-SM158,Charizard,SM Black Star Promos
smp-SM226,Charizard,SM Black Star Promos
smp-SM230,Charizard & Braixen GX,SM Black Star Promos
smp-SM195,Charizard GX,SM Black Star Promos
smp-SM211,Charizard GX,SM Black Star Promos
smp-SM60,Charizard GX,SM Black Star Promos
smp-SM42,Cosmog,SM Black Star Promos
smp-SM47,Crabominable,SM Black Star Promos
smp-SM106,Dawn Wings Necrozma,SM Black Star Promos
smp-SM123,Dawn Wings Necrozma,SM Black Star Promos
smp-SM101,Dawn Wings Necrozma GX,SM Black Star Promos
smp-SM55,Decidueye,SM Black Star Promos
smp-SM37,Decidueye GX,SM Black Star Promos
smp-SM132,Delcatty,SM Black Star Promos
smp-SM164,Deoxys,SM Black Star Promos
smp-SM170,Detective Pikachu,SM Black Star Promos
smp-SM190,Detective Pikachu,SM Black Star Promos
smp-SM194,Detective Pikachu,SM Black Star Promos
smp-SM53,Dhelmise,SM Black Star Promos
smp-SM156,Dragonite GX,SM Black Star Promos
smp-SM21,Drampa,SM Black Star Promos
smp-SM107,Dusk Mane Necrozma,SM Black Star Promos
smp-SM124,Dusk Mane Necrozma,SM Black Star Promos
smp-SM102,Dusk Mane Necrozma GX,SM Black Star Promos
smp-SM184,Eevee,SM Black Star Promos
smp-SM235,Eevee,SM Black Star Promos
smp-SM174,Eevee GX,SM Black Star Promos
smp-SM175,Eevee GX,SM Black Star Promos
smp-SM176,Eevee GX,SM Black Star Promos
smp-SM233,Eevee GX,SM Black Star Promos
smp-SM242,Eevee GX,SM Black Star Promos
smp-SM169,Eevee & Snorlax GX,SM Black Star Promos
smp-SM219,Entei,SM Black Star Promos
smp-SM240,Espeon & Deoxys GX,SM Black Star Promos
smp-SM35,Espeon GX,SM Black Star Promos
smp-SM119,Exeggcute,SM Black Star Promos
smp-SM186,Flareon,SM Black Star Promos
smp-SM171,Flareon GX,SM Black Star Promos
smp-SM193,Garchomp & Giratina GX,SM Black Star Promos
smp-SM151,Giratina,SM Black Star Promos
smp-SM238,Glaceon,SM Black Star Promos
smp-SM147,Glaceon GX,SM Black Star Promos
smp-SM52,Golisopod,SM Black Star Promos
smp-SM62,Golisopod GX,SM Black Star Promos
smp-SM197,Greninja GX,SM Black Star Promos
smp-SM97,Gumshoos,SM Black Star Promos
smp-SM212,Gyarados GX,SM Black Star Promos
smp-SM96,Heatran,SM Black Star Promos
smp-SM57,Ho-Oh GX,SM Black Star Promos
smp-SM80,Ho-Oh GX,SM Black Star Promos
smp-SM38,Incineroar GX,SM Black Star Promos
smp-SM40,Jangmo-o,SM Black Star Promos
smp-SM161,Jirachi,SM Black Star Promos
smp-SM173,Jolteon GX,SM Black Star Promos
smp-SM188,Kangaskhan GX,SM Black Star Promos
smp-SM155,Kingdra GX,SM Black Star Promos
smp-SM41,Komala,SM Black Star Promos
smp-SM71,Kommo-o GX,SM Black Star Promos
smp-SM129,Kyogre,SM Black Star Promos
smp-SM142,Kyurem,SM Black Star Promos
smp-SM135,Latias,SM Black Star Promos
smp-SM87,Latias,SM Black Star Promos
smp-SM136,Latios,SM Black Star Promos
smp-SM88,Latios,SM Black Star Promos
smp-SM237,Leafeon,SM Black Star Promos
smp-SM146,Leafeon GX,SM Black Star Promos
smp-SM02,Litten,SM Black Star Promos
smp-SM08,Litten,SM Black Star Promos
smp-SM23,Litten,SM Black Star Promos
smp-SM54,Lucario,SM Black Star Promos
smp-SM95,Lucario,SM Black Star Promos
smp-SM100,Lucario GX,SM Black Star Promos
smp-SM192,Lucario & Melmetal GX,SM Black Star Promos
smp-SM103,Lunala GX,SM Black Star Promos
smp-SM17,Lunala GX,SM Black Star Promos
smp-SM25,Lurantis,SM Black Star Promos
smp-SM105,Lycanroc,SM Black Star Promos
smp-SM118,Lycanroc,SM Black Star Promos
smp-SM14,Lycanroc GX,SM Black Star Promos
smp-SM166,Magikarp & Wailord GX,SM Black Star Promos
smp-SM117,Malamar,SM Black Star Promos
smp-SM130,Manectric,SM Black Star Promos
smp-SM85,Marshadow,SM Black Star Promos
smp-SM93,Marshadow,SM Black Star Promos
smp-SM59,Marshadow GX,SM Black Star Promos
smp-SM181,Melmetal,SM Black Star Promos
smp-SM178,Melmetal GX,SM Black Star Promos
smp-SM177,Meltan,SM Black Star Promos
smp-SM215,Mew,SM Black Star Promos
smp-SM214,Mewtwo,SM Black Star Promos
smp-SM77,Mewtwo,SM Black Star Promos
smp-SM196,Mewtwo GX,SM Black Star Promos
smp-SM191,Mewtwo & Mew GX,SM Black Star Promos
smp-SM163,Mimikyu,SM Black Star Promos
smp-SM29,Mimikyu,SM Black Star Promos
smp-SM99,Mimikyu,SM Black Star Promos
smp-SM222,Mismagius,SM Black Star Promos
smp-SM143,Moltres,SM Black Star Promos
smp-SM210,Moltres & Zapdos & Articuno GX,SM Black Star Promos
smp-SM20,Mudsdale,SM Black Star Promos
smp-SM125,Naganadel GX,SM Black Star Promos
smp-SM204,Necrozma,SM Black Star Promos
smp-SM58,Necrozma GX,SM Black Star Promos
smp-SM160,Nidoqueen,SM Black Star Promos
smp-SM13,Oranguru,SM Black Star Promos
smp-SM19,Oricorio,SM Black Star Promos
smp-SM12,Passimian,SM Black Star Promos
smp-SM182,Persian,SM Black Star Promos
smp-SM115,Pheromosa,SM Black Star Promos
smp-SM66,Pheromosa GX,SM Black Star Promos
smp-SM220,Phione,SM Black Star Promos
smp-SM04,Pikachu,SM Black Star Promos
smp-SM157,Pikachu,SM Black Star Promos
smp-SM162,Pikachu,SM Black Star Promos
smp-SM183,Pikachu,SM Black Star Promos
smp-SM206,Pikachu,SM Black Star Promos
smp-SM227,Pikachu,SM Black Star Promos
smp-SM234,Pikachu,SM Black Star Promos
smp-SM76,Pikachu,SM Black Star Promos
smp-SM81,Pikachu,SM Black Star Promos
smp-SM86,Pikachu,SM Black Star Promos
smp-SM98,Pikachu,SM Black Star Promos
smp-SM232,Pikachu GX,SM Black Star Promos
smp-SM168,Pikachu & Zekrom GX,SM Black Star Promos
smp-SM07,Pikipek,SM Black Star Promos
smp-SM03,Popplio,SM Black Star Promos
smp-SM24,Popplio,SM Black Star Promos
smp-SM216,Porygon-Z GX,SM Black Star Promos
smp-SM39,Primarina GX,SM Black Star Promos
smp-SM199,Psyduck,SM Black Star Promos
smp-SM213,Raichu GX,SM Black Star Promos
smp-SM90,Raichu GX,SM Black Star Promos
smp-SM150,Raikou,SM Black Star Promos
smp-SM121,Raikou GX,SM Black Star Promos
smp-SM243,Regigigas,SM Black Star Promos
smp-SM74,Regirock,SM Black Star Promos
smp-SM75,Registeel,SM Black Star Promos
smp-SM201,Reshiram & Charizard GX,SM Black Star Promos
smp-SM137,Reshiram GX,SM Black Star Promos
smp-SM06,Rockruff,SM Black Star Promos
smp-SM120,Rockruff,SM Black Star Promos
smp-SM01,Rowlet,SM Black Star Promos
smp-SM153,Rowlet,SM Black Star Promos
smp-SM22,Rowlet,SM Black Star Promos
smp-SM140,Salamence,SM Black Star Promos
smp-SM139,Salamence GX,SM Black Star Promos
smp-SM154,Salandit,SM Black Star Promos
smp-SM73,Salazzle,SM Black Star Promos
smp-SM63,Salazzle GX,SM Black Star Promos
smp-SM46,Seviper,SM Black Star Promos
smp-SM10,Shiinotic,SM Black Star Promos
smp-SM79,Shining Celebi,SM Black Star Promos
smp-SM70,Shining Ho-Oh,SM Black Star Promos
smp-SM82,Shining Lugia,SM Black Star Promos
smp-SM64,Silvally,SM Black Star Promos
smp-SM91,Silvally GX,SM Black Star Promos
smp-SM05,Snorlax GX,SM Black Star Promos
smp-SM200,Snubbull,SM Black Star Promos
smp-SM104,Solgaleo GX,SM Black Star Promos
smp-SM16,Solgaleo GX,SM Black Star Promos
smp-SM180,Stakataka,SM Black Star Promos
smp-SM209,Stakataka,SM Black Star Promos
smp-SM207,Sudowoodo,SM Black Star Promos
smp-SM149,Suicune,SM Black Star Promos
smp-SM61,Tapu Bulu,SM Black Star Promos
smp-SM32,Tapu Bulu GX,SM Black Star Promos
smp-SM203,Tapu Fini,SM Black Star Promos
smp-SM92,Tapu Fini,SM Black Star Promos
smp-SM30,Tapu Koko,SM Black Star Promos
smp-SM31,Tapu Koko,SM Black Star Promos
smp-SM33,Tapu Koko GX,SM Black Star Promos
smp-SM50,Tapu Koko GX,SM Black Star Promos
smp-SM152,Tapu Lele,SM Black Star Promos
smp-SM45,Tapu Lele,SM Black Star Promos
smp-SM205,Terrakion,SM Black Star Promos
smp-SM223,Terrakion,SM Black Star Promos
smp-SM133,Thundurus GX,SM Black Star Promos
smp-SM09,Togedemaru,SM Black Star Promos
smp-SM44,Togedemaru,SM Black Star Promos
smp-SM134,Tornadus GX,SM Black Star Promos
smp-SM217,Trevenant & Dusknoir GX,SM Black Star Promos
smp-SM26,Tsareena,SM Black Star Promos
smp-SM56,Tsareena GX,SM Black Star Promos
smp-SM27,Turtonator,SM Black Star Promos
smp-SM185,Typhlosion,SM Black Star Promos
smp-SM165,Ultra Necrozma,SM Black Star Promos
smp-SM126,Ultra Necrozma GX,SM Black Star Promos
smp-SM241,Umbreon & Darkrai GX,SM Black Star Promos
smp-SM36,Umbreon GX,SM Black Star Promos
smp-SM172,Vaporeon GX,SM Black Star Promos
smp-SM229,Venusaur & Snivy GX,SM Black Star Promos
smp-SM225,Victini,SM Black Star Promos
smp-SM208,Vikavolt,SM Black Star Promos
smp-SM28,Vikavolt,SM Black Star Promos
smp-SM179,Volcanion,SM Black Star Promos
smp-SM94,Wash Rotom,SM Black Star Promos
smp-SM141,White Kyurem GX,SM Black Star Promos
smp-SM116,Xurkitree,SM Black Star Promos
smp-SM68,Xurkitree GX,SM Black Star Promos
smp-SM145,Zapdos,SM Black Star Promos
smp-SM159,Zapdos,SM Black Star Promos
smp-SM138,Zekrom GX,SM Black Star Promos
smp-SM89,Zoroark,SM Black Star Promos
smp-SM84,Zoroark GX,SM Black Star Promos
smp-SM83,Zorua,SM Black Star Promos
smp-SM15,Zygarde,SM Black Star Promos
smp-SM48,Zygarde,SM Black Star Promos
smp-SM122,Zygarde GX,SM Black Star Promos
A2-045,Abomasnow,Space-Time Smackdown
A2-130,Aipom,Space-Time Smackdown
A2-131,Ambipom,Space-Time Smackdown
A2-145,Armor Fossil,Space-Time Smackdown
A2-077,Azelf,Space-Time Smackdown
A2-114,Bastiodon,Space-Time Smackdown
A2-003,Bellossom,Space-Time Smackdown
A2-136,Bibarel,Space-Time Smackdown
A2-135,Bidoof,Space-Time Smackdown
A2-177,Bidoof,Space-Time Smackdown
A2-117,Bronzong,Space-Time Smackdown
A2-116,Bronzor,Space-Time Smackdown
A2-038,Buizel,Space-Time Smackdown
A2-137,Buneary,Space-Time Smackdown
A2-015,Burmy,Space-Time Smackdown
A2-019,Carnivine,Space-Time Smackdown
A2-158,Carnivine,Space-Time Smackdown
A2-141,Chatot,Space-Time Smackdown
A2-027,Chimchar,Space-Time Smackdown
A2-017,Combee,Space-Time Smackdown
A2-157,Combee,Space-Time Smackdown
A2-088,Cranidos,Space-Time Smackdown
A2-079,Cresselia,Space-Time Smackdown
A2-168,Cresselia,Space-Time Smackdown
A2-107,Croagunk,Space-Time Smackdown
A2-173,Croagunk,Space-Time Smackdown
A2-152,Cynthia,Space-Time Smackdown
A2-192,Cynthia,Space-Time Smackdown
A2-150,Cyrus,Space-Time Smackdown
A2-190,Cyrus,Space-Time Smackdown
A2-109,Darkrai,Space-Time Smackdown
A2-110,Darkrai ex,Space-Time Smackdown
A2-187,Darkrai ex,Space-Time Smackdown
A2-202,Darkrai ex,Space-Time Smackdown
A2-154,Dawn,Space-Time Smackdown
A2-194,Dawn,Space-Time Smackdown
A2-119,Dialga ex,Space-Time Smackdown
A2-188,Dialga ex,Space-Time Smackdown
A2-205,Dialga ex,Space-Time Smackdown
A2-207,Dialga ex,Space-Time Smackdown
A2-106,Drapion,Space-Time Smackdown
A2-074,Drifblim,Space-Time Smackdown
A2-073,Drifloon,Space-Time Smackdown
A2-165,Drifloon,Space-Time Smackdown
A2-071,Dusclops,Space-Time Smackdown
A2-072,Dusknoir,Space-Time Smackdown
A2-070,Duskull,Space-Time Smackdown
A2-126,Eevee,Space-Time Smackdown
A2-056,Electabuzz,Space-Time Smackdown
A2-057,Electivire,Space-Time Smackdown
A2-055,Electrode,Space-Time Smackdown
A2-037,Empoleon,Space-Time Smackdown
A2-142,Fan Rotom,Space-Time Smackdown
A2-042,Finneon,Space-Time Smackdown
A2-039,Floatzel,Space-Time Smackdown
A2-048,Frost Rotom,Space-Time Smackdown
A2-122,Gabite,Space-Time Smackdown
A2-095,Gallade ex,Space-Time Smackdown
A2-185,Gallade ex,Space-Time Smackdown
A2-200,Gallade ex,Space-Time Smackdown
A2-123,Garchomp,Space-Time Smackdown
A2-175,Garchomp,Space-Time Smackdown
A2-041,Gastrodon,Space-Time Smackdown
A2-161,Gastrodon,Space-Time Smackdown
A2-147,Giant Cape,Space-Time Smackdown
A2-121,Gible,Space-Time Smackdown
A2-078,Giratina,Space-Time Smackdown
A2-167,Giratina,Space-Time Smackdown
A2-046,Glaceon,Space-Time Smackdown
A2-139,Glameow,Space-Time Smackdown
A2-178,Glameow,Space-Time Smackdown
A2-083,Gligar,Space-Time Smackdown
A2-084,Gliscor,Space-Time Smackdown
A2-002,Gloom,Space-Time Smackdown
A2-011,Grotle,Space-Time Smackdown
A2-120,Heatran,Space-Time Smackdown
A2-174,Heatran,Space-Time Smackdown
A2-030,Heat Rotom,Space-Time Smackdown
A2-093,Hippopotas,Space-Time Smackdown
A2-171,Hippopotas,Space-Time Smackdown
A2-094,Hippowdon,Space-Time Smackdown
A2-085,Hitmontop,Space-Time Smackdown
A2-097,Honchkrow,Space-Time Smackdown
A2-029,Infernape ex,Space-Time Smackdown
A2-181,Infernape ex,Space-Time Smackdown
A2-197,Infernape ex,Space-Time Smackdown
A2-069,Kirlia,Space-Time Smackdown
A2-013,Kricketot,Space-Time Smackdown
A2-014,Kricketune,Space-Time Smackdown
A2-020,Leafeon,Space-Time Smackdown
A2-125,Lickilicky ex,Space-Time Smackdown
A2-189,Lickilicky ex,Space-Time Smackdown
A2-203,Lickilicky ex,Space-Time Smackdown
A2-124,Lickitung,Space-Time Smackdown
A2-138,Lopunny,Space-Time Smackdown
A2-092,Lucario,Space-Time Smackdown
A2-170,Lucario,Space-Time Smackdown
A2-149,Lum Berry,Space-Time Smackdown
A2-043,Lumineon,Space-Time Smackdown
A2-059,Luxio,Space-Time Smackdown
A2-060,Luxray,Space-Time Smackdown
A2-026,Magcargo,Space-Time Smackdown
A2-023,Magmar,Space-Time Smackdown
A2-024,Magmortar,Space-Time Smackdown
A2-051,Magnemite,Space-Time Smackdown
A2-052,Magneton,Space-Time Smackdown
A2-053,Magnezone,Space-Time Smackdown
A2-033,Mamoswine,Space-Time Smackdown
A2-160,Mamoswine,Space-Time Smackdown
A2-050,Manaphy,Space-Time Smackdown
A2-162,Manaphy,Space-Time Smackdown
A2-155,Mars,Space-Time Smackdown
A2-195,Mars,Space-Time Smackdown
A2-076,Mesprit,Space-Time Smackdown
A2-166,Mesprit,Space-Time Smackdown
A2-101,Mightyena,Space-Time Smackdown
A2-066,Misdreavus,Space-Time Smackdown
A2-067,Mismagius ex,Space-Time Smackdown
A2-184,Mismagius ex,Space-Time Smackdown
A2-199,Mismagius ex,Space-Time Smackdown
A2-028,Monferno,Space-Time Smackdown
A2-021,Mow Rotom,Space-Time Smackdown
A2-096,Murkrow,Space-Time Smackdown
A2-086,Nosepass,Space-Time Smackdown
A2-001,Oddish,Space-Time Smackdown
A2-061,Pachirisu ex,Space-Time Smackdown
A2-183,Pachirisu ex,Space-Time Smackdown
A2-198,Pachirisu ex,Space-Time Smackdown
A2-049,Palkia ex,Space-Time Smackdown
A2-182,Palkia ex,Space-Time Smackdown
A2-204,Palkia ex,Space-Time Smackdown
A2-206,Palkia ex,Space-Time Smackdown
A2-032,Piloswine,Space-Time Smackdown
A2-035,Piplup,Space-Time Smackdown
A2-146,Pokémon Communication,Space-Time Smackdown
A2-100,Poochyena,Space-Time Smackdown
A2-127,Porygon,Space-Time Smackdown
A2-128,Porygon2,Space-Time Smackdown
A2-129,Porygon-Z,Space-Time Smackdown
A2-036,Prinplup,Space-Time Smackdown
A2-118,Probopass,Space-Time Smackdown
A2-140,Purugly,Space-Time Smackdown
A2-068,Ralts,Space-Time Smackdown
A2-089,Rampardos,Space-Time Smackdown
A2-034,Regice,Space-Time Smackdown
A2-143,Regigigas,Space-Time Smackdown
A2-179,Regigigas,Space-Time Smackdown
A2-087,Regirock,Space-Time Smackdown
A2-112,Registeel,Space-Time Smackdown
A2-081,Rhydon,Space-Time Smackdown
A2-080,Rhyhorn,Space-Time Smackdown
A2-082,Rhyperior,Space-Time Smackdown
A2-169,Rhyperior,Space-Time Smackdown
A2-091,Riolu,Space-Time Smackdown
A2-148,Rocky Helmet,Space-Time Smackdown
A2-008,Roselia,Space-Time Smackdown
A2-009,Roserade,Space-Time Smackdown
A2-062,Rotom,Space-Time Smackdown
A2-164,Rotom,Space-Time Smackdown
A2-022,Shaymin,Space-Time Smackdown
A2-159,Shaymin,Space-Time Smackdown
A2-040,Shellos,Space-Time Smackdown
A2-113,Shieldon,Space-Time Smackdown
A2-058,Shinx,Space-Time Smackdown
A2-163,Shinx,Space-Time Smackdown
A2-111,Skarmory,Space-Time Smackdown
A2-105,Skorupi,Space-Time Smackdown
A2-144,Skull Fossil,Space-Time Smackdown
A2-103,Skuntank,Space-Time Smackdown
A2-025,Slugma,Space-Time Smackdown
A2-098,Sneasel,Space-Time Smackdown
A2-044,Snover,Space-Time Smackdown
A2-104,Spiritomb,Space-Time Smackdown
A2-172,Spiritomb,Space-Time Smackdown
A2-134,Staraptor,Space-Time Smackdown
A2-176,Staraptor,Space-Time Smackdown
A2-133,Staravia,Space-Time Smackdown
A2-132,Starly,Space-Time Smackdown
A2-102,Stunky,Space-Time Smackdown
A2-031,Swinub,Space-Time Smackdown
A2-004,Tangela,Space-Time Smackdown
A2-005,Tangrowth,Space-Time Smackdown
A2-156,Tangrowth,Space-Time Smackdown
A2-151,Team Galactic Grunt,Space-Time Smackdown
A2-191,Team Galactic Grunt,Space-Time Smackdown
A2-065,Togekiss,Space-Time Smackdown
A2-063,Togepi,Space-Time Smackdown
A2-064,Togetic,Space-Time Smackdown
A2-012,Torterra,Space-Time Smackdown
A2-108,Toxicroak,Space-Time Smackdown
A2-010,Turtwig,Space-Time Smackdown
A2-075,Uxie,Space-Time Smackdown
A2-018,Vespiquen,Space-Time Smackdown
A2-153,Volkner,Space-Time Smackdown
A2-193,Volkner,Space-Time Smackdown
A2-054,Voltorb,Space-Time Smackdown
A2-047,Wash Rotom,Space-Time Smackdown
A2-099,Weavile ex,Space-Time Smackdown
A2-186,Weavile ex,Space-Time Smackdown
A2-201,Weavile ex,Space-Time Smackdown
A2-016,Wormadam,Space-Time Smackdown
A2-090,Wormadam,Space-Time Smackdown
A2-115,Wormadam,Space-Time Smackdown
A2-006,Yanma,Space-Time Smackdown
A2-007,Yanmega ex,Space-Time Smackdown
A2-180,Yanmega ex,Space-Time Smackdown
A2-196,Yanmega ex,Space-Time Smackdown
xy11-99,Captivating Poké Puff,Steam Siege
xy11-43,Nidoran♂,Steam Siege
xy11-104,Pokémon Ranger,Steam Siege
xy11-113,Pokémon Ranger,Steam Siege
sv07-065,Alcremie,Stellar Crown
sv07-129,Antique Cover Fossil,Stellar Crown
sv07-130,Antique Root Fossil,Stellar Crown
sv07-012,Applin,Stellar Crown
sv07-107,Archaludon,Stellar Crown
sv07-155,Archaludon,Stellar Crown
sv07-131,Area Zero Underdepths,Stellar Crown
sv07-174,Area Zero Underdepths,Stellar Crown
sv07-034,Azumarill,Stellar Crown
sv07-030,Blastoise ex,Stellar Crown
sv07-097,Bombirdier,Stellar Crown
sv07-119,Bouffalant,Stellar Crown
sv07-175,Bravery Charm,Stellar Crown
sv07-132,Briar,Stellar Crown
sv07-163,Briar,Stellar Crown
sv07-171,Briar,Stellar Crown
sv07-143,Bulbasaur,Stellar Crown
sv07-007,Carnivine,Stellar Crown
sv07-038,Carracosta,Stellar Crown
sv07-004,Celebi,Stellar Crown
sv07-029,Charcadet,Stellar Crown
sv07-052,Charjabug,Stellar Crown
sv07-043,Chewtle,Stellar Crown
sv07-048,Chinchou,Stellar Crown
sv07-028,Cinderace ex,Stellar Crown
sv07-157,Cinderace ex,Stellar Crown
sv07-063,Comfey,Stellar Crown
sv07-042,Crabominable,Stellar Crown
sv07-149,Crabominable,Stellar Crown
sv07-087,Crabrawler,Stellar Crown
sv07-006,Cradily,Stellar Crown
sv07-133,Crispin,Stellar Crown
sv07-164,Crispin,Stellar Crown
sv07-072,Cubone,Stellar Crown
sv07-127,Cyclizar,Stellar Crown
sv07-067,Dachsbun ex,Stellar Crown
sv07-160,Dachsbun ex,Stellar Crown
sv07-169,Dachsbun ex,Stellar Crown
sv07-134,Deluxe Bomb,Stellar Crown
sv07-086,Diancie,Stellar Crown
sv07-013,Dipplin,Stellar Crown
sv07-044,Drednaw,Stellar Crown
sv07-061,Drifblim,Stellar Crown
sv07-060,Drifloon,Stellar Crown
sv07-125,Dubwool,Stellar Crown
sv07-106,Duraludon,Stellar Crown
sv07-113,Eevee,Stellar Crown
sv07-011,Eldegoss,Stellar Crown
sv07-046,Electabuzz,Stellar Crown
sv07-047,Electivire,Stellar Crown
sv07-069,Espathra,Stellar Crown
sv07-088,Falinks,Stellar Crown
sv07-118,Fan Rotom,Stellar Crown
sv07-066,Fidough,Stellar Crown
sv07-035,Finneon,Stellar Crown
sv07-122,Fletchinder,Stellar Crown
sv07-121,Fletchling,Stellar Crown
sv07-068,Flittle,Stellar Crown
sv07-039,Froakie,Stellar Crown
sv07-040,Frogadier,Stellar Crown
sv07-051,Galvantula ex,Stellar Crown
sv07-159,Galvantula ex,Stellar Crown
sv07-168,Galvantula ex,Stellar Crown
sv07-089,Garganacl ex,Stellar Crown
sv07-116,Glameow,Stellar Crown
sv07-135,Glass Trumpet,Stellar Crown
sv07-010,Gossifleur,Stellar Crown
sv07-136,Grand Tree,Stellar Crown
sv07-137,Gravity Gemstone,Stellar Crown
sv07-070,Greavard,Stellar Crown
sv07-041,Greninja ex,Stellar Crown
sv07-096,Grimmsnarl,Stellar Crown
sv07-009,Grubbin,Stellar Crown
sv07-091,Gulpin,Stellar Crown
sv07-154,Gulpin,Stellar Crown
sv07-114,Hoothoot,Stellar Crown
sv07-014,Hydrapple ex,Stellar Crown
sv07-156,Hydrapple ex,Stellar Crown
sv07-167,Hydrapple ex,Stellar Crown
sv07-094,Impidimp,Stellar Crown
sv07-071,Iron Boulder,Stellar Crown
sv07-098,Jirachi,Stellar Crown
sv07-050,Joltik,Stellar Crown
sv07-150,Joltik,Stellar Crown
sv07-100,Klang,Stellar Crown
sv07-099,Klink,Stellar Crown
sv07-101,Klinklang,Stellar Crown
sv07-138,Kofu,Stellar Crown
sv07-165,Kofu,Stellar Crown
sv07-090,Koraidon,Stellar Crown
sv07-139,Lacey,Stellar Crown
sv07-166,Lacey,Stellar Crown
sv07-172,Lacey,Stellar Crown
sv07-049,Lanturn,Stellar Crown
sv07-031,Lapras,Stellar Crown
sv07-032,Lapras ex,Stellar Crown
sv07-158,Lapras ex,Stellar Crown
sv07-126,Lechonk,Stellar Crown
sv07-003,Ledian,Stellar Crown
sv07-144,Ledian,Stellar Crown
sv07-002,Ledyba,Stellar Crown
sv07-005,Lileep,Stellar Crown
sv07-145,Lileep,Stellar Crown
sv07-016,Lokix,Stellar Crown
sv07-082,Lucario ex,Stellar Crown
sv07-036,Lumineon,Stellar Crown
sv07-033,Marill,Stellar Crown
sv07-073,Marowak,Stellar Crown
sv07-079,Medicham,Stellar Crown
sv07-080,Medicham ex,Stellar Crown
sv07-161,Medicham ex,Stellar Crown
sv07-077,Meditite,Stellar Crown
sv07-078,Meditite,Stellar Crown
sv07-153,Meditite,Stellar Crown
sv07-104,Melmetal,Stellar Crown
sv07-105,Melmetal ex,Stellar Crown
sv07-102,Meltan,Stellar Crown
sv07-103,Meltan,Stellar Crown
sv07-059,Mewtwo,Stellar Crown
sv07-083,Mienfoo,Stellar Crown
sv07-084,Mienshao,Stellar Crown
sv07-064,Milcery,Stellar Crown
sv07-152,Milcery,Stellar Crown
sv07-095,Morgrem,Stellar Crown
sv07-008,Mow Rotom,Stellar Crown
sv07-115,Noctowl,Stellar Crown
sv07-015,Nymble,Stellar Crown
sv07-140,Occa Berry,Stellar Crown
sv07-110,Orthworm ex,Stellar Crown
sv07-162,Orthworm ex,Stellar Crown
sv07-085,Pancham,Stellar Crown
sv07-093,Pangoro,Stellar Crown
sv07-021,Pansear,Stellar Crown
sv07-056,Pawmi,Stellar Crown
sv07-141,Payapa Berry,Stellar Crown
sv07-019,Ponyta,Stellar Crown
sv07-117,Purugly,Stellar Crown
sv07-027,Raboot,Stellar Crown
sv07-147,Raboot,Stellar Crown
sv07-111,Raging Bolt,Stellar Crown
sv07-020,Rapidash,Stellar Crown
sv07-022,Reshiram,Stellar Crown
sv07-109,Revavroom,Stellar Crown
sv07-075,Rhydon,Stellar Crown
sv07-074,Rhyhorn,Stellar Crown
sv07-076,Rhyperior,Stellar Crown
sv07-081,Riolu,Stellar Crown
sv07-023,Salandit,Stellar Crown
sv07-024,Salazzle,Stellar Crown
sv07-026,Scorbunny,Stellar Crown
sv07-058,Slowking,Stellar Crown
sv07-057,Slowpoke,Stellar Crown
sv07-142,Sparkling Crystal,Stellar Crown
sv07-148,Squirtle,Stellar Crown
sv07-092,Swalot,Stellar Crown
sv07-123,Talonflame,Stellar Crown
sv07-112,Tauros,Stellar Crown
sv07-128,Terapagos ex,Stellar Crown
sv07-170,Terapagos ex,Stellar Crown
sv07-173,Terapagos ex,Stellar Crown
sv07-037,Tirtouga,Stellar Crown
sv07-017,Toedscool,Stellar Crown
sv07-018,Toedscruel,Stellar Crown
sv07-054,Togedemaru,Stellar Crown
sv07-120,Tornadus,Stellar Crown
sv07-025,Turtonator,Stellar Crown
sv07-146,Turtonator,Stellar Crown
sv07-108,Varoom,Stellar Crown
sv07-045,Veluza,Stellar Crown
sv07-001,Venusaur ex,Stellar Crown
sv07-053,Vikavolt,Stellar Crown
sv07-124,Wooloo,Stellar Crown
sv07-062,Yamask,Stellar Crown
sv07-055,Zeraora,Stellar Crown
sv07-151,Zeraora,Stellar Crown
dp7-SH1,Drifloon,Stormfront
dp7-SH2,Duskull,Stormfront
dp7-88,Poké Blower +,Stormfront
dp7-89,Poké Drawer +,Stormfront
dp7-90,Poké Healer +,Stormfront
dp7-SH3,Voltorb,Stormfront
sm1-170,Darkness Energy,Sun & Moon
sm1-172,Fairy Energy,Sun & Moon
sm1-169,Fighting Energy,Sun & Moon
sm1-165,Fire Energy,Sun & Moon
sm1-164,Grass Energy,Sun & Moon
sm1-167,Lightning Energy,Sun & Moon
sm1-171,Metal Energy,Sun & Moon
sm1-125,Poké Ball,Sun & Moon
sm1-126,Pokémon Catcher,Sun & Moon
sm1-168,Psychic Energy,Sun & Moon
sm1-166,Water Energy,Sun & Moon
pl3-1,Absol G,Supreme Victors
pl3-141,Absol G,Supreme Victors
pl3-49,Altaria C,Supreme Victors
pl3-50,Arcanine,Supreme Victors
pl3-15,Arcanine G,Supreme Victors
pl3-148,Articuno,Supreme Victors
pl3-16,Articuno,Supreme Victors
pl3-89,Baltoy,Supreme Victors
pl3-134,Battle Tower,Supreme Victors
pl3-90,Beldum,Supreme Victors
pl3-51,Bibarel,Supreme Victors
pl3-91,Bidoof,Supreme Victors
pl3-142,Blaziken FB,Supreme Victors
pl3-2,Blaziken FB,Supreme Victors
pl3-52,Breloom,Supreme Victors
pl3-92,Buizel,Supreme Victors
pl3-93,Bulbasaur,Supreme Victors
pl3-94,Buneary,Supreme Victors
pl3-17,Butterfree FB,Supreme Victors
pl3-18,Camerupt,Supreme Victors
pl3-19,Camerupt G,Supreme Victors
pl3-53,Carnivine,Supreme Victors
pl3-135,Champion's Room,Supreme Victors
pl3-143,Charizard G,Supreme Victors
pl3-20,Charizard G,Supreme Victors
pl3-95,Chatot,Supreme Victors
pl3-54,Chatot G,Supreme Victors
pl3-55,Cherrim,Supreme Victors
pl3-96,Cherubi,Supreme Victors
pl3-97,Chimchar,Supreme Victors
pl3-21,Chimecho,Supreme Victors
pl3-98,Chingling,Supreme Victors
pl3-22,Claydol,Supreme Victors
pl3-99,Combee,Supreme Victors
pl3-100,Corphish,Supreme Victors
pl3-23,Crawdaunt G,Supreme Victors
pl3-101,Croagunk,Supreme Victors
pl3-136,Cynthia's Guidance,Supreme Victors
pl3-137,Cyrus's Initiative,Supreme Victors
pl3-24,Dewgong,Supreme Victors
pl3-25,Dodrio,Supreme Victors
pl3-102,Doduo,Supreme Victors
pl3-56,Dragonite FB,Supreme Victors
pl3-57,Drifblim,Supreme Victors
pl3-3,Drifblim FB,Supreme Victors
pl3-103,Drifloon,Supreme Victors
pl3-26,Dusknoir FB,Supreme Victors
pl3-144,Electivire FB,Supreme Victors
pl3-4,Electivire FB,Supreme Victors
pl3-27,Empoleon FB,Supreme Victors
pl3-28,Exploud,Supreme Victors
pl3-104,Feebas,Supreme Victors
pl3-58,Floatzel,Supreme Victors
pl3-59,Gabite,Supreme Victors
pl3-5,Garchomp,Supreme Victors
pl3-145,Garchomp C,Supreme Victors
pl3-60,Garchomp C,Supreme Victors
pl3-105,Geodude,Supreme Victors
pl3-106,Gible,Supreme Victors
pl3-107,Goldeen,Supreme Victors
pl3-108,Growlithe,Supreme Victors
pl3-61,Hippopotas,Supreme Victors
pl3-29,Honchkrow,Supreme Victors
pl3-62,Ivysaur,Supreme Victors
pl3-109,Kricketot,Supreme Victors
pl3-30,Lickilicky C,Supreme Victors
pl3-63,Lopunny,Supreme Victors
pl3-64,Loudred,Supreme Victors
pl3-31,Lucario C,Supreme Victors
pl3-32,Lunatone,Supreme Victors
pl3-110,Magikarp,Supreme Victors
pl3-65,Magmar,Supreme Victors
pl3-6,Magmortar,Supreme Victors
pl3-111,Magnemite,Supreme Victors
pl3-66,Manectric G,Supreme Victors
pl3-112,Mankey,Supreme Victors
pl3-67,Marshtomp,Supreme Victors
pl3-68,Masquerain,Supreme Victors
pl3-33,Mawile,Supreme Victors
pl3-34,Medicham,Supreme Victors
pl3-113,Meditite,Supreme Victors
pl3-114,Meowth,Supreme Victors
pl3-7,Metagross,Supreme Victors
pl3-69,Metang,Supreme Victors
pl3-70,Milotic,Supreme Victors
pl3-SH7,Milotic,Supreme Victors
pl3-35,Milotic C,Supreme Victors
pl3-115,Mime Jr.,Supreme Victors
pl3-71,Minun,Supreme Victors
pl3-149,Moltres,Supreme Victors
pl3-36,Moltres,Supreme Victors
pl3-37,Mr. Mime,Supreme Victors
pl3-116,Mudkip,Supreme Victors
pl3-72,Murkrow,Supreme Victors
pl3-138,Night Teleporter,Supreme Victors
pl3-117,Nincada,Supreme Victors
pl3-73,Ninjask,Supreme Victors
pl3-74,Numel,Supreme Victors
pl3-118,Pachirisu,Supreme Victors
pl3-139,Palmer's Contribution,Supreme Victors
pl3-119,Paras,Supreme Victors
pl3-38,Parasect,Supreme Victors
pl3-120,Pikachu,Supreme Victors
pl3-75,Pinsir,Supreme Victors
pl3-121,Piplup,Supreme Victors
pl3-76,Plusle,Supreme Victors
pl3-39,Primeape,Supreme Victors
pl3-77,Raichu,Supreme Victors
pl3-78,Raticate G,Supreme Victors
pl3-146,Rayquaza C,Supreme Victors
pl3-8,Rayquaza C,Supreme Victors
pl3-9,Regigigas FB,Supreme Victors
pl3-79,Relicanth,Supreme Victors
pl3-SH8,Relicanth,Supreme Victors
pl3-80,Rhydon,Supreme Victors
pl3-122,Rhyhorn,Supreme Victors
pl3-10,Rhyperior,Supreme Victors
pl3-123,Roselia,Supreme Victors
pl3-81,Roserade,Supreme Victors
pl3-40,Roserade C,Supreme Victors
pl3-82,Rotom,Supreme Victors
pl3-41,Sableye G,Supreme Victors
pl3-124,Sandshrew,Supreme Victors
pl3-42,Sandslash,Supreme Victors
pl3-43,Seaking,Supreme Victors
pl3-125,Seel,Supreme Victors
pl3-44,Shedinja,Supreme Victors
pl3-126,Shinx,Supreme Victors
pl3-127,Shroomish,Supreme Victors
pl3-83,Skarmory FB,Supreme Victors
pl3-128,Skorupi,Supreme Victors
pl3-45,Solrock,Supreme Victors
pl3-46,Spinda,Supreme Victors
pl3-84,Spiritomb C,Supreme Victors
pl3-11,Staraptor FB,Supreme Victors
pl3-147,Staraptor FB,Supreme Victors
pl3-85,Staravia,Supreme Victors
pl3-129,Starly,Supreme Victors
pl3-130,Surskit,Supreme Victors
pl3-12,Swampert,Supreme Victors
pl3-86,Togekiss C,Supreme Victors
pl3-131,Turtwig,Supreme Victors
pl3-13,Venusaur,Supreme Victors
pl3-140,VS Seeker,Supreme Victors
pl3-87,Wailmer,Supreme Victors
pl3-47,Wailord,Supreme Victors
pl3-132,Whismur,Supreme Victors
pl3-88,Yanma,Supreme Victors
pl3-SH9,Yanma,Supreme Victors
pl3-14,Yanmega,Supreme Victors
pl3-150,Zapdos,Supreme Victors
pl3-48,Zapdos,Supreme Victors
pl3-133,Zubat,Supreme Victors
sv08-122,Alolan Diglett,Surging Sparks
sv08-123,Alolan Dugtrio,Surging Sparks
sv08-208,Alolan Dugtrio,Surging Sparks
sv08-133,Alolan Exeggutor ex,Surging Sparks
sv08-225,Alolan Exeggutor ex,Surging Sparks
sv08-242,Alolan Exeggutor ex,Surging Sparks
sv08-248,Alolan Exeggutor ex,Surging Sparks
sv08-134,Altaria,Surging Sparks
sv08-162,Amulet of Hope,Surging Sparks
sv08-100,Annihilape,Surging Sparks
sv08-140,Appletun,Surging Sparks
sv08-211,Appletun,Surging Sparks
sv08-138,Applin,Surging Sparks
sv08-130,Archaludon ex,Surging Sparks
sv08-224,Archaludon ex,Surging Sparks
sv08-241,Archaludon ex,Surging Sparks
sv08-034,Armarouge,Surging Sparks
sv08-080,Azelf,Surging Sparks
sv08-074,Azumarill,Surging Sparks
sv08-163,Babiri Berry,Surging Sparks
sv08-048,Black Kyurem ex,Surging Sparks
sv08-218,Black Kyurem ex,Surging Sparks
sv08-062,Blitzle,Surging Sparks
sv08-151,Bouffalant,Surging Sparks
sv08-153,Braviary,Surging Sparks
sv08-214,Braviary,Surging Sparks
sv08-164,Brilliant Blender,Surging Sparks
sv08-127,Bronzong,Surging Sparks
sv08-126,Bronzor,Surging Sparks
sv08-049,Bruxish,Surging Sparks
sv08-200,Bruxish,Surging Sparks
sv08-165,Call Bell,Surging Sparks
sv08-012,Capsakid,Surging Sparks
sv08-020,Castform Sunny Form,Surging Sparks
sv08-195,Castform Sunny Form,Surging Sparks
sv08-028,Centiskorch,Surging Sparks
sv08-035,Ceruledge,Surging Sparks
sv08-197,Ceruledge,Surging Sparks
sv08-036,Ceruledge ex,Surging Sparks
sv08-054,Cetitan,Surging Sparks
sv08-201,Cetitan,Surging Sparks
sv08-053,Cetoddle,Surging Sparks
sv08-032,Charcadet,Surging Sparks
sv08-033,Charcadet,Surging Sparks
sv08-056,Chien-Pao,Surging Sparks
sv08-166,Chill Teaser Toy,Surging Sparks
sv08-167,Clemont's Quick Wit,Surging Sparks
sv08-229,Clemont's Quick Wit,Surging Sparks
sv08-243,Clemont's Quick Wit,Surging Sparks
sv08-112,Clobbopus,Surging Sparks
sv08-207,Clobbopus,Surging Sparks
sv08-083,Cofagrigus,Surging Sparks
sv08-168,Colbur Berry,Surging Sparks
sv08-169,Counter Gain,Surging Sparks
sv08-249,Counter Gain,Surging Sparks
sv08-030,Crocalor,Surging Sparks
sv08-047,Cryogonal,Surging Sparks
sv08-159,Cyclizar ex,Surging Sparks
sv08-228,Cyclizar ex,Surging Sparks
sv08-170,Cyrano,Surging Sparks
sv08-230,Cyrano,Surging Sparks
sv08-087,Dedenne,Surging Sparks
sv08-171,Deduction Kit,Surging Sparks
sv08-117,Deino,Surging Sparks
sv08-010,Dhelmise,Surging Sparks
sv08-135,Dialga,Surging Sparks
sv08-103,Donphan,Surging Sparks
sv08-172,Dragon Elixir,Surging Sparks
sv08-173,Drasna,Surging Sparks
sv08-231,Drasna,Surging Sparks
sv08-174,Drayton,Surging Sparks
sv08-232,Drayton,Surging Sparks
sv08-244,Drayton,Surging Sparks
sv08-108,Drilbur,Surging Sparks
sv08-129,Duraludon,Surging Sparks
sv08-004,Durant ex,Surging Sparks
sv08-215,Durant ex,Surging Sparks
sv08-236,Durant ex,Surging Sparks
sv08-175,Dusk Ball,Surging Sparks
sv08-143,Eevee,Surging Sparks
sv08-176,Energy Search Pro,Surging Sparks
sv08-191,Enriching Energy,Surging Sparks
sv08-095,Espathra,Surging Sparks
sv08-084,Espurr,Surging Sparks
sv08-141,Eternatus,Surging Sparks
sv08-109,Excadrill,Surging Sparks
sv08-001,Exeggcute,Surging Sparks
sv08-002,Exeggcute,Surging Sparks
sv08-192,Exeggcute,Surging Sparks
sv08-003,Exeggutor,Surging Sparks
sv08-041,Feebas,Surging Sparks
sv08-198,Feebas,Surging Sparks
sv08-160,Flamigo ex,Surging Sparks
sv08-139,Flapple,Surging Sparks
sv08-210,Flapple,Surging Sparks
sv08-094,Flittle,Surging Sparks
sv08-096,Flutter Mane,Surging Sparks
sv08-106,Flygon ex,Surging Sparks
sv08-222,Flygon ex,Surging Sparks
sv08-029,Fuecoco,Surging Sparks
sv08-107,Gastrodon,Surging Sparks
sv08-131,Gholdengo,Surging Sparks
sv08-097,Gimmighoul,Surging Sparks
sv08-114,Glimmet,Surging Sparks
sv08-115,Glimmora,Surging Sparks
sv08-038,Gouging Fire,Surging Sparks
sv08-121,Grafaiai,Surging Sparks
sv08-113,Grapploct,Surging Sparks
sv08-177,Gravity Mountain,Surging Sparks
sv08-250,Gravity Mountain,Surging Sparks
sv08-155,Heliolisk,Surging Sparks
sv08-154,Helioptile,Surging Sparks
sv08-019,Ho-Oh,Surging Sparks
sv08-119,Hydreigon ex,Surging Sparks
sv08-223,Hydreigon ex,Surging Sparks
sv08-240,Hydreigon ex,Surging Sparks
sv08-093,Indeedee,Surging Sparks
sv08-055,Iron Bundle,Surging Sparks
sv08-132,Iron Crown,Surging Sparks
sv08-178,Jasmine's Gaze,Surging Sparks
sv08-233,Jasmine's Gaze,Surging Sparks
sv08-245,Jasmine's Gaze,Surging Sparks
sv08-252,Jet Energy,Surging Sparks
sv08-150,Kecleon,Surging Sparks
sv08-213,Kecleon,Surging Sparks
sv08-067,Kilowattrel,Surging Sparks
sv08-068,Kilowattrel ex,Surging Sparks
sv08-128,Klefki,Surging Sparks
sv08-116,Koraidon,Surging Sparks
sv08-110,Landorus,Surging Sparks
sv08-024,Larvesta,Surging Sparks
sv08-196,Larvesta,Surging Sparks
sv08-076,Latias ex,Surging Sparks
sv08-220,Latias ex,Surging Sparks
sv08-239,Latias ex,Surging Sparks
sv08-077,Latios,Surging Sparks
sv08-203,Latios,Surging Sparks
sv08-179,Lisia's Appeal,Surging Sparks
sv08-234,Lisia's Appeal,Surging Sparks
sv08-246,Lisia's Appeal,Surging Sparks
sv08-180,Lively Stadium,Surging Sparks
sv08-058,Magnemite,Surging Sparks
sv08-059,Magneton,Surging Sparks
sv08-060,Magnezone,Surging Sparks
sv08-098,Mankey,Surging Sparks
sv08-040,Mantine,Surging Sparks
sv08-073,Marill,Surging Sparks
sv08-158,Maushold,Surging Sparks
sv08-181,Meddling Memo,Surging Sparks
sv08-182,Megaton Blower,Surging Sparks
sv08-085,Meowstic,Surging Sparks
sv08-079,Mesprit,Surging Sparks
sv08-204,Mesprit,Surging Sparks
sv08-042,Milotic ex,Surging Sparks
sv08-217,Milotic ex,Surging Sparks
sv08-237,Milotic ex,Surging Sparks
sv08-183,Miracle Headset,Surging Sparks
sv08-069,Miraidon,Surging Sparks
sv08-008,Morelull,Surging Sparks
sv08-251,Night Stretcher,Surging Sparks
sv08-017,Ninetales,Surging Sparks
sv08-156,Oranguru,Surging Sparks
sv08-026,Oricorio,Surging Sparks
sv08-089,Oricorio,Surging Sparks
sv08-018,Paldean Tauros,Surging Sparks
sv08-039,Paldean Tauros,Surging Sparks
sv08-101,Paldean Tauros,Surging Sparks
sv08-136,Palkia,Surging Sparks
sv08-091,Palossand ex,Surging Sparks
sv08-221,Palossand ex,Surging Sparks
sv08-022,Pansear,Surging Sparks
sv08-184,Passho Berry,Surging Sparks
sv08-111,Passimian,Surging Sparks
sv08-102,Phanpy,Surging Sparks
sv08-205,Phanpy,Surging Sparks
sv08-057,Pikachu ex,Surging Sparks
sv08-219,Pikachu ex,Surging Sparks
sv08-238,Pikachu ex,Surging Sparks
sv08-247,Pikachu ex,Surging Sparks
sv08-185,Precious Trolley,Surging Sparks
sv08-099,Primeape,Surging Sparks
sv08-052,Quaquaval,Surging Sparks
sv08-050,Quaxly,Surging Sparks
sv08-051,Quaxwell,Surging Sparks
sv08-014,Rabsca,Surging Sparks
sv08-125,Registeel,Surging Sparks
sv08-013,Rellor,Surging Sparks
sv08-061,Rotom,Surging Sparks
sv08-152,Rufflet,Surging Sparks
sv08-090,Sandygast,Surging Sparks
sv08-005,Scatterbug,Surging Sparks
sv08-037,Scovillain ex,Surging Sparks
sv08-216,Scovillain ex,Surging Sparks
sv08-186,Scramble Switch,Surging Sparks
sv08-044,Sealeo,Surging Sparks
sv08-046,Shellos,Surging Sparks
sv08-009,Shiinotic,Surging Sparks
sv08-194,Shiinotic,Surging Sparks
sv08-120,Shroodle,Surging Sparks
sv08-081,Sigilyph,Surging Sparks
sv08-023,Simisear,Surging Sparks
sv08-027,Sizzlipede,Surging Sparks
sv08-124,Skarmory,Surging Sparks
sv08-209,Skarmory,Surging Sparks
sv08-031,Skeledirge,Surging Sparks
sv08-147,Slaking ex,Surging Sparks
sv08-227,Slaking ex,Surging Sparks
sv08-145,Slakoth,Surging Sparks
sv08-212,Slakoth,Surging Sparks
sv08-075,Smoochum,Surging Sparks
sv08-144,Snorlax,Surging Sparks
sv08-006,Spewpa,Surging Sparks
sv08-043,Spheal,Surging Sparks
sv08-199,Spheal,Surging Sparks
sv08-064,Stunfisk,Surging Sparks
sv08-202,Stunfisk,Surging Sparks
sv08-187,Surfer,Surging Sparks
sv08-235,Surfer,Surging Sparks
sv08-148,Swablu,Surging Sparks
sv08-086,Sylveon ex,Surging Sparks
sv08-157,Tandemaus,Surging Sparks
sv08-065,Tapu Koko,Surging Sparks
sv08-092,Tapu Lele,Surging Sparks
sv08-142,Tatsugiri ex,Surging Sparks
sv08-226,Tatsugiri ex,Surging Sparks
sv08-188,Technical Machine: Fluorite,Surging Sparks
sv08-189,Tera Orb,Surging Sparks
sv08-161,Terapagos,Surging Sparks
sv08-072,Togekiss,Surging Sparks
sv08-070,Togepi,Surging Sparks
sv08-071,Togetic,Surging Sparks
sv08-104,Trapinch,Surging Sparks
sv08-137,Turtonator,Surging Sparks
sv08-190,Tyme,Surging Sparks
sv08-078,Uxie,Surging Sparks
sv08-105,Vibrava,Surging Sparks
sv08-206,Vibrava,Surging Sparks
sv08-021,Victini,Surging Sparks
sv08-146,Vigoroth,Surging Sparks
sv08-007,Vivillon,Surging Sparks
sv08-193,Vivillon,Surging Sparks
sv08-025,Volcarona,Surging Sparks
sv08-016,Vulpix,Surging Sparks
sv08-045,Walrein,Surging Sparks
sv08-066,Wattrel,Surging Sparks
sv08-015,Wo-Chien,Surging Sparks
sv08-088,Xerneas,Surging Sparks
sv08-082,Yamask,Surging Sparks
sv08-149,Zangoose,Surging Sparks
sv08-011,Zarude,Surging Sparks
sv08-063,Zebstrika,Surging Sparks
sv08-118,Zweilous,Surging Sparks
svp-060,Aegislash,SVP Black Star Promos
svp-050,Alakazam ex,SVP Black Star Promos
svp-109,Ampharos,SVP Black Star Promos
svp-016,Ampharos ex,SVP Black Star Promos
svp-032,Annihilape ex,SVP Black Star Promos
svp-011,Arcanine,SVP Black Star Promos
svp-064,Arctibax,SVP Black Star Promos
svp-105,Armarouge ex,SVP Black Star Promos
svp-125,Armarouge ex,SVP Black Star Promos
svp-019,Baxcalibur,SVP Black Star Promos
svp-094,Bellibolt,SVP Black Star Promos
svp-112,Bisharp,SVP Black Star Promos
svp-177,Bloodmoon Ursaluna ex,SVP Black Star Promos
svp-136,Bouffalant,SVP Black Star Promos
svp-046,Bulbasaur,SVP Black Star Promos
svp-093,Carvanha,SVP Black Star Promos
svp-063,Cetitan,SVP Black Star Promos
svp-056,Charizard ex,SVP Black Star Promos
svp-074,Charizard ex,SVP Black Star Promos
svp-161,Charizard ex,SVP Black Star Promos
svp-196,Charizard EX,SVP Black Star Promos
svp-044,Charmander,SVP Black Star Promos
svp-047,Charmander,SVP Black Star Promos
svp-152,Chien-Pao,SVP Black Star Promos
svp-030,Chien-Pao ex,SVP Black Star Promos
svp-057,Chi-Yu,SVP Black Star Promos
svp-163,Cinderace ex,SVP Black Star Promos
svp-037,Cleffa,SVP Black Star Promos
svp-095,Cleffa,SVP Black Star Promos
svp-134,Crabominable,SVP Black Star Promos
svp-080,Crocalor,SVP Black Star Promos
svp-096,Cyclizar,SVP Black Star Promos
svp-018,Cyclizar ex,SVP Black Star Promos
svp-204,Cynthia's Garchomp ex,SVP Black Star Promos
svp-110,Darkrai ex,SVP Black Star Promos
svp-180,Dialga ex,SVP Black Star Promos
svp-012,Dondozo,SVP Black Star Promos
svp-135,Drifblim,SVP Black Star Promos
svp-043,Eevee,SVP Black Star Promos
svp-173,Eevee,SVP Black Star Promos
svp-200,Eevee,SVP Black Star Promos
svp-174,Eevee ex,SVP Black Star Promos
svp-010,Espathra,SVP Black Star Promos
svp-089,Feraligatr,SVP Black Star Promos
svp-213,Feraligatr,SVP Black Star Promos
svp-069,Fidough,SVP Black Star Promos
svp-015,Flaaffy,SVP Black Star Promos
svp-108,Flaaffy,SVP Black Star Promos
svp-167,Flareon,SVP Black Star Promos
svp-077,Floragato,SVP Black Star Promos
svp-097,Flutter Mane,SVP Black Star Promos
svp-117,Froslass,SVP Black Star Promos
svp-002,Fuecoco,SVP Black Star Promos
svp-079,Fuecoco,SVP Black Star Promos
svp-192,Fuecoco,SVP Black Star Promos
svp-171,Glaceon,SVP Black Star Promos
svp-211,Gothitelle,SVP Black Star Promos
svp-151,Gouging Fire,SVP Black Star Promos
svp-144,Gouging Fire ex,SVP Black Star Promos
svp-100,Grafaiai ex,SVP Black Star Promos
svp-072,Great Tusk ex,SVP Black Star Promos
svp-070,Greavard,SVP Black Star Promos
svp-054,Greninja ex,SVP Black Star Promos
svp-132,Greninja ex,SVP Black Star Promos
svp-024,Growlithe,SVP Black Star Promos
svp-007,Hawlucha,SVP Black Star Promos
svp-184,Hop's Snorlax,SVP Black Star Promos
svp-193,Hop's Zacian ex,SVP Black Star Promos
svp-137,Horsea,SVP Black Star Promos
svp-103,Houndoom ex,SVP Black Star Promos
svp-042,Houndstone,SVP Black Star Promos
svp-162,Houndstone ex,SVP Black Star Promos
svp-154,Indeedee,SVP Black Star Promos
svp-116,Infernape,SVP Black Star Promos
svp-124,Iono,SVP Black Star Promos
svp-194,Iono's Bellibolt ex,SVP Black Star Promos
svp-182,Iono's Kilowattrel,SVP Black Star Promos
svp-147,Iron Boulder ex,SVP Black Star Promos
svp-058,Iron Bundle,SVP Black Star Promos
svp-066,Iron Bundle,SVP Black Star Promos
svp-146,Iron Crown ex,SVP Black Star Promos
svp-128,Iron Leaves ex,SVP Black Star Promos
svp-098,Iron Thorns,SVP Black Star Promos
svp-073,Iron Treads ex,SVP Black Star Promos
svp-068,Iron Valiant ex,SVP Black Star Promos
svp-169,Jolteon,SVP Black Star Promos
svp-202,Kangaskhan,SVP Black Star Promos
svp-055,Kangaskhan ex,SVP Black Star Promos
svp-113,Kingambit,SVP Black Star Promos
svp-130,Kingambit,SVP Black Star Promos
svp-131,Kingdra ex,SVP Black Star Promos
svp-014,Koraidon,SVP Black Star Promos
svp-091,Koraidon,SVP Black Star Promos
svp-029,Koraidon ex,SVP Black Star Promos
svp-197,Koraidon ex,SVP Black Star Promos
svp-178,Kyogre ex,SVP Black Star Promos
svp-164,Lapras ex,SVP Black Star Promos
svp-139,Latias,SVP Black Star Promos
svp-170,Leafeon,SVP Black Star Promos
svp-133,Ledian,SVP Black Star Promos
svp-195,Lillie's Clefairy ex,SVP Black Star Promos
svp-183,Lillie's Ribombee,SVP Black Star Promos
svp-017,Lucario ex,SVP Black Star Promos
svp-086,Mabosstiff ex,SVP Black Star Promos
svp-153,Magneton,SVP Black Star Promos
svp-159,Magneton,SVP Black Star Promos
svp-107,Mareep,SVP Black Star Promos
svp-206,Marnie's Morpeko,SVP Black Star Promos
svp-071,Maschiff,SVP Black Star Promos
svp-039,Mawile,SVP Black Star Promos
svp-104,Melmetal ex,SVP Black Star Promos
svp-033,Meowscarada ex,SVP Black Star Promos
svp-078,Meowscarada ex,SVP Black Star Promos
svp-090,Metang,SVP Black Star Promos
svp-053,Mew ex,SVP Black Star Promos
svp-052,Mewtwo,SVP Black Star Promos
svp-075,Mimikyu,SVP Black Star Promos
svp-004,Mimikyu ex,SVP Black Star Promos
svp-013,Miraidon,SVP Black Star Promos
svp-092,Miraidon,SVP Black Star Promos
svp-148,Miraidon,SVP Black Star Promos
svp-028,Miraidon ex,SVP Black Star Promos
svp-143,Miraidon ex,SVP Black Star Promos
svp-021,Murkrow,SVP Black Star Promos
svp-141,Noctowl,SVP Black Star Promos
svp-181,N's Darmanitan,SVP Black Star Promos
svp-189,N's Zorua,SVP Black Star Promos
svp-102,Oddish,SVP Black Star Promos
svp-158,Pachirisu,SVP Black Star Promos
svp-036,Palafin,SVP Black Star Promos
svp-126,Palafin ex,SVP Black Star Promos
svp-041,Paldean Wooper,SVP Black Star Promos
svp-045,Paradise Resort,SVP Black Star Promos
svp-150,Paradise Resort,SVP Black Star Promos
svp-224,Paradise Resort,SVP Black Star Promos
svp-040,Pawmi,SVP Black Star Promos
svp-006,Pawmot,SVP Black Star Promos
svp-111,Pawniard,SVP Black Star Promos
svp-129,Pecharunt,SVP Black Star Promos
svp-149,Pecharunt,SVP Black Star Promos
svp-022,Pelipper,SVP Black Star Promos
svp-114,Picnicker,SVP Black Star Promos
svp-027,Pikachu,SVP Black Star Promos
svp-088,Pikachu,SVP Black Star Promos
svp-101,Pikachu,SVP Black Star Promos
svp-190,Pikachu,SVP Black Star Promos
svp-214,Pikachu,SVP Black Star Promos
svp-225,Pikachu,SVP Black Star Promos
svp-106,Pikachu ex,SVP Black Star Promos
svp-085,Pikachu with Grey Felt Hat,SVP Black Star Promos
svp-061,Pineco,SVP Black Star Promos
svp-138,Porygon2,SVP Black Star Promos
svp-120,Pupitar,SVP Black Star Promos
svp-156,Quagsire,SVP Black Star Promos
svp-005,Quaquaval,SVP Black Star Promos
svp-035,Quaquaval ex,SVP Black Star Promos
svp-084,Quaquaval ex,SVP Black Star Promos
svp-003,Quaxly,SVP Black Star Promos
svp-082,Quaxly,SVP Black Star Promos
svp-083,Quaxwell,SVP Black Star Promos
svp-145,Raging Bolt ex,SVP Black Star Promos
svp-212,Reuniclus,SVP Black Star Promos
svp-008,Revavroom,SVP Black Star Promos
svp-121,Revavroom,SVP Black Star Promos
svp-067,Roaring Moon ex,SVP Black Star Promos
svp-188,Scrafty,SVP Black Star Promos
svp-186,Scraggy,SVP Black Star Promos
svp-065,Scream Tail,SVP Black Star Promos
svp-099,Shroodle,SVP Black Star Promos
svp-062,Sinistea,SVP Black Star Promos
svp-034,Skeledirge ex,SVP Black Star Promos
svp-081,Skeledirge ex,SVP Black Star Promos
svp-023,Smoliv,SVP Black Star Promos
svp-051,Snorlax,SVP Black Star Promos
svp-122,Snorlax,SVP Black Star Promos
svp-009,Spidops,SVP Black Star Promos
svp-001,Sprigatito,SVP Black Star Promos
svp-076,Sprigatito,SVP Black Star Promos
svp-191,Sprigatito,SVP Black Star Promos
svp-087,Sprigatito ex,SVP Black Star Promos
svp-160,Squawkabilly ex,SVP Black Star Promos
svp-048,Squirtle,SVP Black Star Promos
svp-207,Steven's Beldum,SVP Black Star Promos
svp-172,Sylveon,SVP Black Star Promos
svp-118,Tatsugiri,SVP Black Star Promos
svp-123,Teal Mask Ogerpon,SVP Black Star Promos
svp-166,Teal Mask Ogerpon ex,SVP Black Star Promos
svp-205,Team Rocket's Mewtwo ex,SVP Black Star Promos
svp-216,Team Rocket's Mewtwo ex,SVP Black Star Promos
svp-217,Team Rocket's Nidoking ex,SVP Black Star Promos
svp-218,Team Rocket's Persian ex,SVP Black Star Promos
svp-203,Team Rocket's Wobbuffet,SVP Black Star Promos
svp-165,Terapagos ex,SVP Black Star Promos
svp-500,Terapagos & Friends,SVP Black Star Promos
svp-209,Thundurus,SVP Black Star Promos
svp-115,Thwackey,SVP Black Star Promos
svp-025,Tinkatink,SVP Black Star Promos
svp-020,Tinkaton,SVP Black Star Promos
svp-140,Tinkaton,SVP Black Star Promos
svp-031,Tinkaton ex,SVP Black Star Promos
svp-038,Togekiss,SVP Black Star Promos
svp-210,Tornadus,SVP Black Star Promos
svp-119,Toxel,SVP Black Star Promos
svp-215,Toxtricity ex,SVP Black Star Promos
svp-168,Vaporeon,SVP Black Star Promos
svp-026,Varoom,SVP Black Star Promos
svp-208,Victini,SVP Black Star Promos
svp-142,Victini ex,SVP Black Star Promos
svp-127,Walking Wake ex,SVP Black Star Promos
svp-155,Wooper,SVP Black Star Promos
svp-059,Xatu,SVP Black Star Promos
svp-179,Xerneas ex,SVP Black Star Promos
svp-185,Yanma,SVP Black Star Promos
svp-187,Yanmega,SVP Black Star Promos
svp-198,Zacian ex,SVP Black Star Promos
svp-157,Zapdos,SVP Black Star Promos
svp-049,Zapdos ex,SVP Black Star Promos
svp-199,Zarude,SVP Black Star Promos
svp-201,Zebstrika,SVP Black Star Promos
swsh1-174,Pokégear 3.0,Sword & Shield
swsh1-173,Poké Kid,Sword & Shield
swsh1-175,Pokémon Catcher,Sword & Shield
swsh1-176,Pokémon Center Lady,Sword & Shield
swsh1-178,Professor's Research (Professor Magnolia),Sword & Shield
swsh1-201,Professor's Research (Professor Magnolia),Sword & Shield
swsh1-209,Professor's Research (Professor Magnolia),Sword & Shield
swshp-SWSH083,Alakazam V,SWSH Black Star Promos
swshp-SWSH058,Alcremie,SWSH Black Star Promos
swshp-SWSH225,Alolan Exeggutor V,SWSH Black Star Promos
swshp-SWSH204,Arceus V,SWSH Black Star Promos
swshp-SWSH272,Archeops,SWSH Black Star Promos
swshp-SWSH036,Arctozolt,SWSH Black Star Promos
swshp-SWSH093,Arrokuda,SWSH Black Star Promos
swshp-SWSH188,Bibarel,SWSH Black Star Promos
swshp-SWSH227,Blanche,SWSH Black Star Promos
swshp-SWSH101,Blastoise V,SWSH Black Star Promos
swshp-SWSH103,Blastoise VMAX,SWSH Black Star Promos
swshp-SWSH173,Blitzle,SWSH Black Star Promos
swshp-SWSH085,Boltund V,SWSH Black Star Promos
swshp-SWSH219,Boltund V,SWSH Black Star Promos
swshp-SWSH091,Bronzong,SWSH Black Star Promos
swshp-SWSH231,Bulbasaur,SWSH Black Star Promos
swshp-SWSH082,Bunnelby,SWSH Black Star Promos
swshp-SWSH228,Candela,SWSH Black Star Promos
swshp-SWSH048,Centiskorch,SWSH Black Star Promos
swshp-SWSH296,Champions Festival,SWSH Black Star Promos
swshp-SWSH066,Charizard,SWSH Black Star Promos
swshp-SWSH050,Charizard V,SWSH Black Star Promos
swshp-SWSH260,Charizard V,SWSH Black Star Promos
swshp-SWSH261,Charizard VMAX,SWSH Black Star Promos
swshp-SWSH262,Charizard VSTAR,SWSH Black Star Promos
swshp-SWSH092,Charmander,SWSH Black Star Promos
swshp-SWSH232,Charmander,SWSH Black Star Promos
swshp-SWSH088,Cherrim,SWSH Black Star Promos
swshp-SWSH009,Cinccino,SWSH Black Star Promos
swshp-SWSH112,Cinderace,SWSH Black Star Promos
swshp-SWSH278,Cinderace,SWSH Black Star Promos
swshp-SWSH015,Cinderace V,SWSH Black Star Promos
swshp-SWSH024,Coalossal,SWSH Black Star Promos
swshp-SWSH054,Coalossal,SWSH Black Star Promos
swshp-SWSH242,Comfey,SWSH Black Star Promos
swshp-SWSH030,Copperajah V,SWSH Black Star Promos
swshp-SWSH200,Corviknight V,SWSH Black Star Promos
swshp-SWSH086,Cramorant V,SWSH Black Star Promos
swshp-SWSH274,Cranidos,SWSH Black Star Promos
swshp-SWSH114,Cresselia,SWSH Black Star Promos
swshp-SWSH245,Croagunk,SWSH Black Star Promos
swshp-SWSH098,Crobat V,SWSH Black Star Promos
swshp-SWSH110,Crobat V,SWSH Black Star Promos
swshp-SWSH099,Crobat VMAX,SWSH Black Star Promos
swshp-SWSH221,Cyndaquil,SWSH Black Star Promos
swshp-SWSH134,Dark Sylveon V,SWSH Black Star Promos
swshp-SWSH035,Decidueye,SWSH Black Star Promos
swshp-SWSH080,Dedenne,SWSH Black Star Promos
swshp-SWSH170,Deoxys,SWSH Black Star Promos
swshp-SWSH266,Deoxys V,SWSH Black Star Promos
swshp-SWSH267,Deoxys VMAX,SWSH Black Star Promos
swshp-SWSH268,Deoxys VSTAR,SWSH Black Star Promos
swshp-SWSH067,Donphan,SWSH Black Star Promos
swshp-SWSH132,Dragapult,SWSH Black Star Promos
swshp-SWSH096,Dragapult V,SWSH Black Star Promos
swshp-SWSH097,Dragapult VMAX,SWSH Black Star Promos
swshp-SWSH154,Dragonite V,SWSH Black Star Promos
swshp-SWSH235,Dragonite V,SWSH Black Star Promos
swshp-SWSH236,Dragonite VSTAR,SWSH Black Star Promos
swshp-SWSH047,Drednaw,SWSH Black Star Promos
swshp-SWSH049,Dubwool V,SWSH Black Star Promos
swshp-SWSH028,Duraludon,SWSH Black Star Promos
swshp-SWSH060,Duraludon,SWSH Black Star Promos
swshp-SWSH042,Eevee,SWSH Black Star Promos
swshp-SWSH095,Eevee,SWSH Black Star Promos
swshp-SWSH118,Eevee,SWSH Black Star Promos
swshp-SWSH127,Eevee,SWSH Black Star Promos
swshp-SWSH175,Eevee,SWSH Black Star Promos
swshp-SWSH190,Eevee,SWSH Black Star Promos
swshp-SWSH212,Eevee,SWSH Black Star Promos
swshp-SWSH065,Eevee V,SWSH Black Star Promos
swshp-SWSH087,Eevee VMAX,SWSH Black Star Promos
swshp-SWSH128,Eiscue,SWSH Black Star Promos
swshp-SWSH046,Eldegoss,SWSH Black Star Promos
swshp-SWSH084,Eldegoss V,SWSH Black Star Promos
swshp-SWSH108,Empoleon V,SWSH Black Star Promos
swshp-SWSH174,Espeon,SWSH Black Star Promos
swshp-SWSH201,Espeon V,SWSH Black Star Promos
swshp-SWSH044,Eternatus V,SWSH Black Star Promos
swshp-SWSH064,Eternatus V,SWSH Black Star Promos
swshp-SWSH045,Eternatus VMAX,SWSH Black Star Promos
swshp-SWSH240,Finneon,SWSH Black Star Promos
swshp-SWSH122,Flaaffy,SWSH Black Star Promos
swshp-SWSH022,Flapple,SWSH Black Star Promos
swshp-SWSH189,Flapple,SWSH Black Star Promos
swshp-SWSH041,Flareon,SWSH Black Star Promos
swshp-SWSH149,Flareon V,SWSH Black Star Promos
swshp-SWSH179,Flareon V,SWSH Black Star Promos
swshp-SWSH180,Flareon VMAX,SWSH Black Star Promos
swshp-SWSH007,Frosmoth,SWSH Black Star Promos
swshp-SWSH123,Galarian Articuno,SWSH Black Star Promos
swshp-SWSH125,Galarian Moltres,SWSH Black Star Promos
swshp-SWSH079,Galarian Mr. Rime,SWSH Black Star Promos
swshp-SWSH059,Galarian Obstagoon,SWSH Black Star Promos
swshp-SWSH193,Galarian Obstagoon,SWSH Black Star Promos
swshp-SWSH008,Galarian Perrserker,SWSH Black Star Promos
swshp-SWSH013,Galarian Ponyta,SWSH Black Star Promos
swshp-SWSH111,Galarian Rapidash V,SWSH Black Star Promos
swshp-SWSH043,Galarian Sirfetch'd V,SWSH Black Star Promos
swshp-SWSH126,Galarian Slowpoke,SWSH Black Star Promos
swshp-SWSH124,Galarian Zapdos,SWSH Black Star Promos
swshp-SWSH258,Gallade V,SWSH Black Star Promos
swshp-SWSH025,Garbodor,SWSH Black Star Promos
swshp-SWSH105,Gardevoir V,SWSH Black Star Promos
swshp-SWSH052,Gengar,SWSH Black Star Promos
swshp-SWSH241,Gengar,SWSH Black Star Promos
swshp-SWSH259,Giratina V,SWSH Black Star Promos
swshp-SWSH192,Glaceon,SWSH Black Star Promos
swshp-SWSH196,Glaceon V,SWSH Black Star Promos
swshp-SWSH197,Glaceon VSTAR,SWSH Black Star Promos
swshp-SWSH010,Gossifleur,SWSH Black Star Promos
swshp-SWSH144,Greninja {star},SWSH Black Star Promos
swshp-SWSH155,Greninja V-UNION,SWSH Black Star Promos
swshp-SWSH156,Greninja V-UNION,SWSH Black Star Promos
swshp-SWSH157,Greninja V-UNION,SWSH Black Star Promos
swshp-SWSH158,Greninja V-UNION,SWSH Black Star Promos
swshp-SWSH057,Grimmsnarl V,SWSH Black Star Promos
swshp-SWSH001,Grookey,SWSH Black Star Promos
swshp-SWSH070,Grookey,SWSH Black Star Promos
swshp-SWSH040,Hatenna,SWSH Black Star Promos
swshp-SWSH055,Hatterene V,SWSH Black Star Promos
swshp-SWSH205,Hisuian Basculegion,SWSH Black Star Promos
swshp-SWSH273,Hisuian Basculin,SWSH Black Star Promos
swshp-SWSH238,Hisuian Decidueye V,SWSH Black Star Promos
swshp-SWSH294,Hisuian Electrode V,SWSH Black Star Promos
swshp-SWSH207,Hisuian Samurott,SWSH Black Star Promos
swshp-SWSH239,Hisuian Samurott V,SWSH Black Star Promos
swshp-SWSH237,Hisuian Typhlosion V,SWSH Black Star Promos
swshp-SWSH297,Hisuian Zoroark V,SWSH Black Star Promos
swshp-SWSH298,Hisuian Zoroark VSTAR,SWSH Black Star Promos
swshp-SWSH176,Hoopa V,SWSH Black Star Promos
swshp-SWSH090,Houndoom,SWSH Black Star Promos
swshp-SWSH037,Hydreigon,SWSH Black Star Promos
swshp-SWSH138,Hydreigon C,SWSH Black Star Promos
swshp-SWSH130,Ice Rider Calyrex V,SWSH Black Star Promos
swshp-SWSH252,Infernape V,SWSH Black Star Promos
swshp-SWSH113,Inteleon,SWSH Black Star Promos
swshp-SWSH279,Inteleon,SWSH Black Star Promos
swshp-SWSH016,Inteleon V,SWSH Black Star Promos
swshp-SWSH094,Jolteon,SWSH Black Star Promos
swshp-SWSH151,Jolteon V,SWSH Black Star Promos
swshp-SWSH183,Jolteon V,SWSH Black Star Promos
swshp-SWSH184,Jolteon VMAX,SWSH Black Star Promos
swshp-SWSH038,Kangaskhan,SWSH Black Star Promos
swshp-SWSH271,Kirlia,SWSH Black Star Promos
swshp-SWSH248,Kleavor V,SWSH Black Star Promos
swshp-SWSH249,Kleavor VSTAR,SWSH Black Star Promos
swshp-SWSH133,Lance's Charizard V,SWSH Black Star Promos
swshp-SWSH051,Lapras,SWSH Black Star Promos
swshp-SWSH171,Latias,SWSH Black Star Promos
swshp-SWSH191,Leafeon,SWSH Black Star Promos
swshp-SWSH194,Leafeon V,SWSH Black Star Promos
swshp-SWSH195,Leafeon VSTAR,SWSH Black Star Promos
swshp-SWSH187,Liepard,SWSH Black Star Promos
swshp-SWSH137,Light Toxtricity,SWSH Black Star Promos
swshp-SWSH186,Lucario,SWSH Black Star Promos
swshp-SWSH213,Lucario V,SWSH Black Star Promos
swshp-SWSH214,Lucario VSTAR,SWSH Black Star Promos
swshp-SWSH291,Lucario VSTAR,SWSH Black Star Promos
swshp-SWSH069,Lugia,SWSH Black Star Promos
swshp-SWSH250,Lumineon V,SWSH Black Star Promos
swshp-SWSH023,Luxray,SWSH Black Star Promos
swshp-SWSH199,Lycanroc V,SWSH Black Star Promos
swshp-SWSH053,Machamp,SWSH Black Star Promos
swshp-SWSH243,Machamp,SWSH Black Star Promos
swshp-SWSH208,Magnezone,SWSH Black Star Promos
swshp-SWSH275,Manaphy,SWSH Black Star Promos
swshp-SWSH026,Mantine,SWSH Black Star Promos
swshp-SWSH120,Marnie,SWSH Black Star Promos
swshp-SWSH121,Marnie,SWSH Black Star Promos
swshp-SWSH224,Melmetal V,SWSH Black Star Promos
swshp-SWSH004,Meowth V,SWSH Black Star Promos
swshp-SWSH005,Meowth VMAX,SWSH Black Star Promos
swshp-SWSH223,Mewtwo V,SWSH Black Star Promos
swshp-SWSH229,Mewtwo V,SWSH Black Star Promos
swshp-SWSH159,Mewtwo V-UNION,SWSH Black Star Promos
swshp-SWSH160,Mewtwo V-UNION,SWSH Black Star Promos
swshp-SWSH161,Mewtwo V-UNION,SWSH Black Star Promos
swshp-SWSH162,Mewtwo V-UNION,SWSH Black Star Promos
swshp-SWSH136,Mimikyu,SWSH Black Star Promos
swshp-SWSH185,Moltres,SWSH Black Star Promos
swshp-SWSH012,Morpeko,SWSH Black Star Promos
swshp-SWSH031,Morpeko,SWSH Black Star Promos
swshp-SWSH116,Morpeko,SWSH Black Star Promos
swshp-SWSH056,Morpeko V,SWSH Black Star Promos
swshp-SWSH215,Morpeko V-UNION,SWSH Black Star Promos
swshp-SWSH216,Morpeko V-UNION,SWSH Black Star Promos
swshp-SWSH217,Morpeko V-UNION,SWSH Black Star Promos
swshp-SWSH218,Morpeko V-UNION,SWSH Black Star Promos
swshp-SWSH027,Noctowl,SWSH Black Star Promos
swshp-SWSH148,Noivern V,SWSH Black Star Promos
swshp-SWSH089,Octillery,SWSH Black Star Promos
swshp-SWSH078,Orbeetle V,SWSH Black Star Promos
swshp-SWSH168,Oricorio,SWSH Black Star Promos
swshp-SWSH210,Oricorio,SWSH Black Star Promos
swshp-SWSH255,Origin Forme Dialga V,SWSH Black Star Promos
swshp-SWSH256,Origin Forme Dialga VSTAR,SWSH Black Star Promos
swshp-SWSH253,Origin Forme Palkia V,SWSH Black Star Promos
swshp-SWSH254,Origin Forme Palkia VSTAR,SWSH Black Star Promos
swshp-SWSH222,Oshawott,SWSH Black Star Promos
swshp-SWSH115,Passimian,SWSH Black Star Promos
swshp-SWSH117,Phanpy,SWSH Black Star Promos
swshp-SWSH020,Pikachu,SWSH Black Star Promos
swshp-SWSH039,Pikachu,SWSH Black Star Promos
swshp-SWSH153,Pikachu,SWSH Black Star Promos
swshp-SWSH234,Pikachu,SWSH Black Star Promos
swshp-SWSH061,Pikachu V,SWSH Black Star Promos
swshp-SWSH063,Pikachu V,SWSH Black Star Promos
swshp-SWSH143,Pikachu V,SWSH Black Star Promos
swshp-SWSH145,Pikachu V,SWSH Black Star Promos
swshp-SWSH198,Pikachu V,SWSH Black Star Promos
swshp-SWSH285,Pikachu V,SWSH Black Star Promos
swshp-SWSH062,Pikachu VMAX,SWSH Black Star Promos
swshp-SWSH286,Pikachu VMAX,SWSH Black Star Promos
swshp-SWSH139,Pikachu V-UNION,SWSH Black Star Promos
swshp-SWSH140,Pikachu V-UNION,SWSH Black Star Promos
swshp-SWSH141,Pikachu V-UNION,SWSH Black Star Promos
swshp-SWSH142,Pikachu V-UNION,SWSH Black Star Promos
swshp-SWSH146,Poké Ball,SWSH Black Star Promos
swshp-SWSH081,Polteageist,SWSH Black Star Promos
swshp-SWSH021,Polteageist V,SWSH Black Star Promos
swshp-SWSH167,Professor Burnet,SWSH Black Star Promos
swshp-SWSH152,Professor's Research,SWSH Black Star Promos
swshp-SWSH178,Professor's Research,SWSH Black Star Promos
swshp-SWSH169,Pyukumuku,SWSH Black Star Promos
swshp-SWSH230,Radiant Eevee,SWSH Black Star Promos
swshp-SWSH270,Rapidash,SWSH Black Star Promos
swshp-SWSH107,Rapid Strike Urshifu V,SWSH Black Star Promos
swshp-SWSH029,Rayquaza,SWSH Black Star Promos
swshp-SWSH147,Rayquaza V,SWSH Black Star Promos
swshp-SWSH281,Regidrago V,SWSH Black Star Promos
swshp-SWSH280,Regieleki V,SWSH Black Star Promos
swshp-SWSH247,Regigigas,SWSH Black Star Promos
swshp-SWSH006,Rillaboom,SWSH Black Star Promos
swshp-SWSH277,Rillaboom,SWSH Black Star Promos
swshp-SWSH014,Rillaboom V,SWSH Black Star Promos
swshp-SWSH257,Rotom V,SWSH Black Star Promos
swshp-SWSH220,Rowlet,SWSH Black Star Promos
swshp-SWSH002,Scorbunny,SWSH Black Star Promos
swshp-SWSH071,Scorbunny,SWSH Black Star Promos
swshp-SWSH244,Scorbunny,SWSH Black Star Promos
swshp-SWSH131,Shadow Rider Calyrex V,SWSH Black Star Promos
swshp-SWSH106,Single Strike Urshifu V,SWSH Black Star Promos
swshp-SWSH032,Snorlax,SWSH Black Star Promos
swshp-SWSH068,Snorlax,SWSH Black Star Promos
swshp-SWSH119,Snorlax,SWSH Black Star Promos
swshp-SWSH003,Sobble,SWSH Black Star Promos
swshp-SWSH073,Sobble,SWSH Black Star Promos
swshp-SWSH226,Spark,SWSH Black Star Promos
swshp-SWSH177,Special Delivery Bidoof,SWSH Black Star Promos
swshp-SWSH074,Special Delivery Pikachu,SWSH Black Star Promos
swshp-SWSH233,Squirtle,SWSH Black Star Promos
swshp-SWSH269,Sunflora,SWSH Black Star Promos
swshp-SWSH211,Sylveon,SWSH Black Star Promos
swshp-SWSH202,Sylveon V,SWSH Black Star Promos
swshp-SWSH172,Tepig,SWSH Black Star Promos
swshp-SWSH276,Togetic,SWSH Black Star Promos
swshp-SWSH209,Toxel,SWSH Black Star Promos
swshp-SWSH017,Toxtricity V,SWSH Black Star Promos
swshp-SWSH109,Tyranitar V,SWSH Black Star Promos
swshp-SWSH129,Umbreon,SWSH Black Star Promos
swshp-SWSH203,Umbreon V,SWSH Black Star Promos
swshp-SWSH072,Vaporeon,SWSH Black Star Promos
swshp-SWSH150,Vaporeon V,SWSH Black Star Promos
swshp-SWSH181,Vaporeon V,SWSH Black Star Promos
swshp-SWSH182,Vaporeon VMAX,SWSH Black Star Promos
swshp-SWSH100,Venusaur V,SWSH Black Star Promos
swshp-SWSH102,Venusaur VMAX,SWSH Black Star Promos
swshp-SWSH104,Victini V,SWSH Black Star Promos
swshp-SWSH295,Virizion V,SWSH Black Star Promos
swshp-SWSH246,Weavile,SWSH Black Star Promos
swshp-SWSH011,Wooloo,SWSH Black Star Promos
swshp-SWSH206,Wyrdeer,SWSH Black Star Promos
swshp-SWSH033,Zacian,SWSH Black Star Promos
swshp-SWSH135,Zacian,SWSH Black Star Promos
swshp-SWSH018,Zacian V,SWSH Black Star Promos
swshp-SWSH076,Zacian V,SWSH Black Star Promos
swshp-SWSH163,Zacian V-UNION,SWSH Black Star Promos
swshp-SWSH164,Zacian V-UNION,SWSH Black Star Promos
swshp-SWSH165,Zacian V-UNION,SWSH Black Star Promos
swshp-SWSH166,Zacian V-UNION,SWSH Black Star Promos
swshp-SWSH034,Zamazenta,SWSH Black Star Promos
swshp-SWSH019,Zamazenta V,SWSH Black Star Promos
swshp-SWSH077,Zamazenta V,SWSH Black Star Promos
swshp-SWSH263,Zeraora V,SWSH Black Star Promos
swshp-SWSH264,Zeraora VMAX,SWSH Black Star Promos
swshp-SWSH265,Zeraora VSTAR,SWSH Black Star Promos
ex4-79,Team Aqua's Technical Machine 01,Team Magma vs Team Aqua
ex4-84,Team Magma's Technical Machine 01,Team Magma vs Team Aqua
base5-1,Dark Alakazam,Team Rocket
base5-2,Dark Arbok,Team Rocket
base5-3,Dark Blastoise,Team Rocket
base5-4,Dark Charizard,Team Rocket
base5-5,Dark Dragonite,Team Rocket
base5-6,Dark Dugtrio,Team Rocket
base5-7,Dark Golbat,Team Rocket
base5-8,Dark Gyarados,Team Rocket
base5-9,Dark Hypno,Team Rocket
base5-10,Dark Machamp,Team Rocket
base5-11,Dark Magneton,Team Rocket
base5-83,Dark Raichu,Team Rocket
base5-12,Dark Slowbro,Team Rocket
base5-13,Dark Vileplume,Team Rocket
base5-14,Dark Weezing,Team Rocket
base5-15,Here Comes Team Rocket!,Team Rocket
base5-17,Rainbow Energy,Team Rocket
base5-16,Rocket's Sneak Attack,Team Rocket
ex7-107,Mudkip Star,Team Rocket Returns
ex7-84,Pokémon Retriever,Team Rocket Returns
ex7-89,Rocket's Poké Ball,Team Rocket Returns
sm9-133,Bill’s Analysis,Team Up
sm9-134,Black Market ◇,Team Up
sm9-135,Brock’s Grit,Team Up
sm9-172,Brock’s Grit,Team Up
sm9-140,Erika’s Hospitality,Team Up
sm9-174,Erika’s Hospitality,Team Up
sm9-127,Farfetch’d,Team Up
sm9-54,Nidoran♀,Team Up
sm9-57,Nidoran♂,Team Up
sm9-152,Pokémon Communication,Team Up
sm9-196,Pokémon Communication,Team Up
sm9-154,Sabrina’s Suggestion,Team Up
sm9-181,Sabrina’s Suggestion,Team Up
sm9-10,Shaymin ◇,Team Up
sm9-51,Tapu Koko ◇,Team Up
sm9-158,Wondrous Labyrinth ◇,Team Up
sv05-140,Ancient Booster Energy Capsule,Temporal Forces
sv05-101,Arbok,Temporal Forces
sv05-176,Arbok,Temporal Forces
sv05-141,Awakening Drum,Temporal Forces
sv05-065,Azumarill,Temporal Forces
sv05-074,Beheeyem,Temporal Forces
sv05-113,Beldum,Temporal Forces
sv05-142,Bianca's Devotion,Temporal Forces
sv05-197,Bianca's Devotion,Temporal Forces
sv05-209,Bianca's Devotion,Temporal Forces
sv05-059,Boltund,Temporal Forces
sv05-143,Boxed Order,Temporal Forces
sv05-021,Brambleghast,Temporal Forces
sv05-020,Bramblin,Temporal Forces
sv05-007,Breloom,Temporal Forces
sv05-069,Bronzong,Temporal Forces
sv05-068,Bronzor,Temporal Forces
sv05-170,Bronzor,Temporal Forces
sv05-144,Buddy-Buddy Poffin,Temporal Forces
sv05-094,Carkol,Temporal Forces
sv05-042,Carvanha,Temporal Forces
sv05-037,Centiskorch,Temporal Forces
sv05-055,Charjabug,Temporal Forces
sv05-169,Charjabug,Temporal Forces
sv05-132,Chatot,Temporal Forces
sv05-181,Chatot,Temporal Forces
sv05-137,Cinccino,Temporal Forces
sv05-183,Cinccino,Temporal Forces
sv05-145,Ciphermaniac's Codebreaking,Temporal Forces
sv05-198,Ciphermaniac's Codebreaking,Temporal Forces
sv05-095,Coalossal,Temporal Forces
sv05-014,Cottonee,Temporal Forces
sv05-040,Croconaw,Temporal Forces
sv05-075,Cutiefly,Temporal Forces
sv05-172,Cutiefly,Temporal Forces
sv05-016,Deerling,Temporal Forces
sv05-165,Deerling,Temporal Forces
sv05-131,Delcatty,Temporal Forces
sv05-019,Dhelmise,Temporal Forces
sv05-138,Drampa,Temporal Forces
sv05-184,Drampa,Temporal Forces
sv05-085,Drilbur,Temporal Forces
sv05-129,Dudunsparce,Temporal Forces
sv05-128,Dunsparce,Temporal Forces
sv05-071,Duosion,Temporal Forces
sv05-100,Ekans,Temporal Forces
sv05-053,Electabuzz,Temporal Forces
sv05-054,Electivire,Temporal Forces
sv05-073,Elgyem,Temporal Forces
sv05-146,Eri,Temporal Forces
sv05-199,Eri,Temporal Forces
sv05-210,Eri,Temporal Forces
sv05-086,Excadrill,Temporal Forces
sv05-174,Excadrill,Temporal Forces
sv05-147,Explorer's Guidance,Temporal Forces
sv05-200,Explorer's Guidance,Temporal Forces
sv05-108,Farigiraf ex,Temporal Forces
sv05-194,Farigiraf ex,Temporal Forces
sv05-041,Feraligatr,Temporal Forces
sv05-048,Finizen,Temporal Forces
sv05-078,Flutter Mane,Temporal Forces
sv05-110,Forretress,Temporal Forces
sv05-046,Frosmoth,Temporal Forces
sv05-148,Full Metal Lab,Temporal Forces
sv05-149,Future Booster Energy Capsule,Temporal Forces
sv05-102,Gastly,Temporal Forces
sv05-177,Gastly,Temporal Forces
sv05-104,Gengar ex,Temporal Forces
sv05-193,Gengar ex,Temporal Forces
sv05-066,Girafarig,Temporal Forces
sv05-087,Golett,Temporal Forces
sv05-088,Golurk,Temporal Forces
sv05-038,Gouging Fire ex,Temporal Forces
sv05-188,Gouging Fire ex,Temporal Forces
sv05-204,Gouging Fire ex,Temporal Forces
sv05-214,Gouging Fire ex,Temporal Forces
sv05-096,Great Tusk,Temporal Forces
sv05-097,Great Tusk,Temporal Forces
sv05-011,Grotle,Temporal Forces
sv05-164,Grotle,Temporal Forces
sv05-018,Grubbin,Temporal Forces
sv05-150,Hand Trimmer,Temporal Forces
sv05-103,Haunter,Temporal Forces
sv05-031,Heatmor,Temporal Forces
sv05-151,Heavy Baton,Temporal Forces
sv05-152,Hero's Cape,Temporal Forces
sv05-126,Hoothoot,Temporal Forces
sv05-034,Incineroar ex,Temporal Forces
sv05-187,Incineroar ex,Temporal Forces
sv05-099,Iron Boulder ex,Temporal Forces
sv05-192,Iron Boulder ex,Temporal Forces
sv05-207,Iron Boulder ex,Temporal Forces
sv05-217,Iron Boulder ex,Temporal Forces
sv05-081,Iron Crown ex,Temporal Forces
sv05-191,Iron Crown ex,Temporal Forces
sv05-206,Iron Crown ex,Temporal Forces
sv05-216,Iron Crown ex,Temporal Forces
sv05-061,Iron Hands,Temporal Forces
sv05-139,Iron Jugulis,Temporal Forces
sv05-025,Iron Leaves ex,Temporal Forces
sv05-186,Iron Leaves ex,Temporal Forces
sv05-203,Iron Leaves ex,Temporal Forces
sv05-213,Iron Leaves ex,Temporal Forces
sv05-062,Iron Thorns,Temporal Forces
sv05-118,Iron Treads,Temporal Forces
sv05-079,Iron Valiant,Temporal Forces
sv05-080,Iron Valiant,Temporal Forces
sv05-044,Keldeo,Temporal Forces
sv05-119,Koraidon,Temporal Forces
sv05-120,Koraidon ex,Temporal Forces
sv05-067,Latias,Temporal Forces
sv05-125,Lickilicky,Temporal Forces
sv05-124,Lickitung,Temporal Forces
sv05-180,Lickitung,Temporal Forces
sv05-032,Litten,Temporal Forces
sv05-167,Litten,Temporal Forces
sv05-090,Lycanroc,Temporal Forces
sv05-029,Magcargo,Temporal Forces
sv05-064,Marill,Temporal Forces
sv05-153,Master Ball,Temporal Forces
sv05-112,Mawile,Temporal Forces
sv05-154,Maximum Belt,Temporal Forces
sv05-083,Medicham,Temporal Forces
sv05-082,Meditite,Temporal Forces
sv05-117,Melmetal,Temporal Forces
sv05-116,Meltan,Temporal Forces
sv05-179,Meltan,Temporal Forces
sv05-115,Metagross,Temporal Forces
sv05-178,Metagross,Temporal Forces
sv05-114,Metang,Temporal Forces
sv05-106,Mightyena,Temporal Forces
sv05-136,Minccino,Temporal Forces
sv05-182,Minccino,Temporal Forces
sv05-121,Miraidon,Temporal Forces
sv05-122,Miraidon ex,Temporal Forces
sv05-161,Mist Energy,Temporal Forces
sv05-155,Morty's Conviction,Temporal Forces
sv05-201,Morty's Conviction,Temporal Forces
sv05-211,Morty's Conviction,Temporal Forces
sv05-063,Mr. Mime,Temporal Forces
sv05-091,Mudbray,Temporal Forces
sv05-092,Mudsdale,Temporal Forces
sv05-175,Mudsdale,Temporal Forces
sv05-162,Neo Upper Energy,Temporal Forces
sv05-127,Noctowl,Temporal Forces
sv05-004,Nuzleaf,Temporal Forces
sv05-049,Palafin,Temporal Forces
sv05-156,Perilous Jungle,Temporal Forces
sv05-133,Pidove,Temporal Forces
sv05-051,Pikachu,Temporal Forces
sv05-002,Pineco,Temporal Forces
sv05-026,Ponyta,Temporal Forces
sv05-105,Poochyena,Temporal Forces
sv05-157,Prime Catcher,Temporal Forces
sv05-024,Rabsca,Temporal Forces
sv05-123,Raging Bolt ex,Temporal Forces
sv05-196,Raging Bolt ex,Temporal Forces
sv05-208,Raging Bolt ex,Temporal Forces
sv05-218,Raging Bolt ex,Temporal Forces
sv05-052,Raichu,Temporal Forces
sv05-027,Rapidash,Temporal Forces
sv05-158,Reboot Pod,Temporal Forces
sv05-084,Relicanth,Temporal Forces
sv05-173,Relicanth,Temporal Forces
sv05-023,Rellor,Temporal Forces
sv05-159,Rescue Board,Temporal Forces
sv05-072,Reuniclus,Temporal Forces
sv05-171,Reuniclus,Temporal Forces
sv05-076,Ribombee,Temporal Forces
sv05-109,Roaring Moon,Temporal Forces
sv05-089,Rockruff,Temporal Forces
sv05-093,Rolycoly,Temporal Forces
sv05-008,Roselia,Temporal Forces
sv05-009,Roserade,Temporal Forces
sv05-107,Sableye,Temporal Forces
sv05-160,Salvatore,Temporal Forces
sv05-202,Salvatore,Temporal Forces
sv05-212,Salvatore,Temporal Forces
sv05-098,Sandy Shocks,Temporal Forces
sv05-017,Sawsbuck,Temporal Forces
sv05-166,Sawsbuck,Temporal Forces
sv05-111,Scizor ex,Temporal Forces
sv05-195,Scizor ex,Temporal Forces
sv05-022,Scovillain ex,Temporal Forces
sv05-077,Scream Tail,Temporal Forces
sv05-001,Scyther,Temporal Forces
sv05-003,Seedot,Temporal Forces
sv05-043,Sharpedo,Temporal Forces
sv05-013,Shaymin,Temporal Forces
sv05-005,Shiftry,Temporal Forces
sv05-163,Shiftry,Temporal Forces
sv05-006,Shroomish,Temporal Forces
sv05-036,Sizzlipede,Temporal Forces
sv05-130,Skitty,Temporal Forces
sv05-028,Slugma,Temporal Forces
sv05-045,Snom,Temporal Forces
sv05-168,Snom,Temporal Forces
sv05-070,Solosis,Temporal Forces
sv05-033,Torracat,Temporal Forces
sv05-012,Torterra ex,Temporal Forces
sv05-185,Torterra ex,Temporal Forces
sv05-039,Totodile,Temporal Forces
sv05-134,Tranquill,Temporal Forces
sv05-035,Turtonator,Temporal Forces
sv05-010,Turtwig,Temporal Forces
sv05-135,Unfezant,Temporal Forces
sv05-030,Victini,Temporal Forces
sv05-056,Vikavolt,Temporal Forces
sv05-050,Walking Wake ex,Temporal Forces
sv05-189,Walking Wake ex,Temporal Forces
sv05-205,Walking Wake ex,Temporal Forces
sv05-215,Walking Wake ex,Temporal Forces
sv05-015,Whimsicott,Temporal Forces
sv05-047,Wiglett,Temporal Forces
sv05-060,Wugtrio ex,Temporal Forces
sv05-190,Wugtrio ex,Temporal Forces
sv05-058,Yamper,Temporal Forces
sv05-057,Zeraora,Temporal Forces
hgss4-FOUR,Alph Lithograph,Triumphant
hgss4-100,Darkrai & Cresselia LEGEND,Triumphant
hgss4-99,Darkrai & Cresselia LEGEND,Triumphant
hgss4-69,Nidoran♀,Triumphant
hgss4-70,Nidoran♂,Triumphant
hgss4-101,Palkia & Dialga LEGEND,Triumphant
hgss4-102,Palkia & Dialga LEGEND,Triumphant
A2a-021,Abomasnow,Triumphant Light
A2a-075,Adaman,Triumphant Light
A2a-090,Adaman,Triumphant Light
A2a-070,Arceus,Triumphant Light
A2a-071,Arceus ex,Triumphant Light
A2a-086,Arceus ex,Triumphant Light
A2a-095,Arceus ex,Triumphant Light
A2a-096,Arceus ex,Triumphant Light
A2a-015,Azumarill,Triumphant Light
A2a-016,Barboach,Triumphant Light
A2a-074,Barry,Triumphant Light
A2a-089,Barry,Triumphant Light
A2a-059,Bronzong,Triumphant Light
A2a-058,Bronzor,Triumphant Light
A2a-002,Burmy,Triumphant Light
A2a-009,Carnivine,Triumphant Light
A2a-073,Celestic Town Elder,Triumphant Light
A2a-088,Celestic Town Elder,Triumphant Light
A2a-007,Cherrim,Triumphant Light
A2a-008,Cherrim,Triumphant Light
A2a-006,Cherubi,Triumphant Light
A2a-030,Clefable,Triumphant Light
A2a-029,Clefairy,Triumphant Light
A2a-004,Combee,Triumphant Light
A2a-051,Croagunk,Triumphant Light
A2a-050,Crobat,Triumphant Light
A2a-038,Donphan,Triumphant Light
A2a-062,Eevee,Triumphant Light
A2a-027,Electrike,Triumphant Light
A2a-019,Froslass,Triumphant Light
A2a-046,Gabite,Triumphant Light
A2a-047,Garchomp ex,Triumphant Light
A2a-084,Garchomp ex,Triumphant Light
A2a-093,Garchomp ex,Triumphant Light
A2a-031,Gastly,Triumphant Light
A2a-033,Gengar,Triumphant Light
A2a-045,Gible,Triumphant Light
A2a-061,Giratina,Triumphant Light
A2a-022,Glaceon ex,Triumphant Light
A2a-083,Glaceon ex,Triumphant Light
A2a-092,Glaceon ex,Triumphant Light
A2a-049,Golbat,Triumphant Light
A2a-032,Haunter,Triumphant Light
A2a-013,Heatran,Triumphant Light
A2a-001,Heracross,Triumphant Light
A2a-064,Hoothoot,Triumphant Light
A2a-012,Houndoom,Triumphant Light
A2a-076,Houndoom,Triumphant Light
A2a-011,Houndour,Triumphant Light
A2a-072,Irida,Triumphant Light
A2a-087,Irida,Triumphant Light
A2a-039,Larvitar,Triumphant Light
A2a-010,Leafeon ex,Triumphant Light
A2a-082,Leafeon ex,Triumphant Light
A2a-091,Leafeon ex,Triumphant Light
A2a-053,Magnemite,Triumphant Light
A2a-080,Magnemite,Triumphant Light
A2a-054,Magneton,Triumphant Light
A2a-055,Magnezone,Triumphant Light
A2a-028,Manectric,Triumphant Light
A2a-014,Marill,Triumphant Light
A2a-077,Marill,Triumphant Light
A2a-056,Mawile,Triumphant Light
A2a-044,Medicham,Triumphant Light
A2a-043,Meditite,Triumphant Light
A2a-003,Mothim,Triumphant Light
A2a-065,Noctowl,Triumphant Light
A2a-042,Nosepass,Triumphant Light
A2a-060,Origin Forme Dialga,Triumphant Light
A2a-023,Origin Forme Palkia,Triumphant Light
A2a-037,Phanpy,Triumphant Light
A2a-024,Phione,Triumphant Light
A2a-025,Pikachu,Triumphant Light
A2a-057,Probopass ex,Triumphant Light
A2a-085,Probopass ex,Triumphant Light
A2a-094,Probopass ex,Triumphant Light
A2a-040,Pupitar,Triumphant Light
A2a-026,Raichu,Triumphant Light
A2a-035,Rotom,Triumphant Light
A2a-069,Shaymin,Triumphant Light
A2a-081,Shaymin,Triumphant Light
A2a-063,Snorlax,Triumphant Light
A2a-018,Snorunt,Triumphant Light
A2a-020,Snover,Triumphant Light
A2a-068,Staraptor,Triumphant Light
A2a-067,Staravia,Triumphant Light
A2a-066,Starly,Triumphant Light
A2a-036,Sudowoodo,Triumphant Light
A2a-079,Sudowoodo,Triumphant Light
A2a-052,Toxicroak,Triumphant Light
A2a-041,Tyranitar,Triumphant Light
A2a-034,Unown,Triumphant Light
A2a-078,Unown,Triumphant Light
A2a-005,Vespiquen,Triumphant Light
A2a-017,Whiscash,Triumphant Light
A2a-048,Zubat,Triumphant Light
sv06-080,Abra,Twilight Masquerade
sv06-142,Accompanying Flute,Twilight Masquerade
sv06-122,Aggron,Twilight Masquerade
sv06-137,Aipom,Twilight Masquerade
sv06-082,Alakazam,Twilight Masquerade
sv06-138,Ambipom,Twilight Masquerade
sv06-017,Applin,Twilight Masquerade
sv06-126,Applin,Twilight Masquerade
sv06-185,Applin,Twilight Masquerade
sv06-005,Ariados,Twilight Masquerade
sv06-120,Aron,Twilight Masquerade
sv06-074,Bellibolt,Twilight Masquerade
sv06-134,Blissey ex,Twilight Masquerade
sv06-201,Blissey ex,Twilight Masquerade
sv06-141,Bloodmoon Ursaluna ex,Twilight Masquerade
sv06-202,Bloodmoon Ursaluna ex,Twilight Masquerade
sv06-216,Bloodmoon Ursaluna ex,Twilight Masquerade
sv06-222,Bloodmoon Ursaluna ex,Twilight Masquerade
sv06-166,Boomerang Energy,Twilight Masquerade
sv06-118,Brute Bonnet,Twilight Masquerade
sv06-223,Buddy-Buddy Poffin,Twilight Masquerade
sv06-143,Bug Catching Set,Twilight Masquerade
sv06-144,Caretaker,Twilight Masquerade
sv06-203,Caretaker,Twilight Masquerade
sv06-145,Carmine,Twilight Masquerade
sv06-204,Carmine,Twilight Masquerade
sv06-217,Carmine,Twilight Masquerade
sv06-038,Chandelure,Twilight Masquerade
sv06-133,Chansey,Twilight Masquerade
sv06-187,Chansey,Twilight Masquerade
sv06-031,Chimchar,Twilight Masquerade
sv06-085,Chimecho,Twilight Masquerade
sv06-179,Chimecho,Twilight Masquerade
sv06-039,Chi-Yu,Twilight Masquerade
sv06-079,Clefable,Twilight Masquerade
sv06-078,Clefairy,Twilight Masquerade
sv06-146,Community Center,Twilight Masquerade
sv06-105,Conkeldurr,Twilight Masquerade
sv06-147,Cook,Twilight Masquerade
sv06-112,Cornerstone Mask Ogerpon ex,Twilight Masquerade
sv06-199,Cornerstone Mask Ogerpon ex,Twilight Masquerade
sv06-215,Cornerstone Mask Ogerpon ex,Twilight Masquerade
sv06-047,Corphish,Twilight Masquerade
sv06-058,Cramorant,Twilight Masquerade
sv06-176,Cramorant,Twilight Masquerade
sv06-048,Crawdaunt,Twilight Masquerade
sv06-035,Darmanitan,Twilight Masquerade
sv06-034,Darumaka,Twilight Masquerade
sv06-018,Dipplin,Twilight Masquerade
sv06-127,Dipplin,Twilight Masquerade
sv06-170,Dipplin,Twilight Masquerade
sv06-130,Dragapult ex,Twilight Masquerade
sv06-200,Dragapult ex,Twilight Masquerade
sv06-129,Drakloak,Twilight Masquerade
sv06-128,Dreepy,Twilight Masquerade
sv06-139,Ducklett,Twilight Masquerade
sv06-135,Eevee,Twilight Masquerade
sv06-188,Eevee,Twilight Masquerade
sv06-069,Emolga,Twilight Masquerade
sv06-093,Enamorus,Twilight Masquerade
sv06-180,Enamorus,Twilight Masquerade
sv06-148,Enhanced Hammer,Twilight Masquerade
sv06-224,Enhanced Hammer,Twilight Masquerade
sv06-132,Farfetch'd,Twilight Masquerade
sv06-084,Farigiraf,Twilight Masquerade
sv06-049,Feebas,Twilight Masquerade
sv06-149,Festival Grounds,Twilight Masquerade
sv06-096,Fezandipiti,Twilight Masquerade
sv06-059,Finizen,Twilight Masquerade
sv06-086,Flabébé,Twilight Masquerade
sv06-087,Floette,Twilight Masquerade
sv06-088,Florges,Twilight Masquerade
sv06-056,Froakie,Twilight Masquerade
sv06-057,Frogadier,Twilight Masquerade
sv06-053,Froslass,Twilight Masquerade
sv06-174,Froslass,Twilight Masquerade
sv06-083,Girafarig,Twilight Masquerade
sv06-054,Glaceon,Twilight Masquerade
sv06-052,Glalie,Twilight Masquerade
sv06-108,Glimmet,Twilight Masquerade
sv06-109,Glimmora,Twilight Masquerade
sv06-044,Goldeen,Twilight Masquerade
sv06-106,Greninja ex,Twilight Masquerade
sv06-198,Greninja ex,Twilight Masquerade
sv06-214,Greninja ex,Twilight Masquerade
sv06-014,Grookey,Twilight Masquerade
sv06-104,Gurdurr,Twilight Masquerade
sv06-150,Handheld Fan,Twilight Masquerade
sv06-151,Hassel,Twilight Masquerade
sv06-205,Hassel,Twilight Masquerade
sv06-107,Hawlucha,Twilight Masquerade
sv06-040,Hearthflame Mask Ogerpon ex,Twilight Masquerade
sv06-192,Hearthflame Mask Ogerpon ex,Twilight Masquerade
sv06-212,Hearthflame Mask Ogerpon ex,Twilight Masquerade
sv06-123,Heatran,Twilight Masquerade
sv06-071,Heliolisk,Twilight Masquerade
sv06-177,Heliolisk,Twilight Masquerade
sv06-070,Helioptile,Twilight Masquerade
sv06-008,Heracross,Twilight Masquerade
sv06-100,Hisuian Arcanine,Twilight Masquerade
sv06-099,Hisuian Growlithe,Twilight Masquerade
sv06-181,Hisuian Growlithe,Twilight Masquerade
sv06-152,Hyper Aroma,Twilight Masquerade
sv06-010,Illumise,Twilight Masquerade
sv06-033,Infernape,Twilight Masquerade
sv06-173,Infernape,Twilight Masquerade
sv06-062,Iron Bundle,Twilight Masquerade
sv06-019,Iron Leaves,Twilight Masquerade
sv06-077,Iron Thorns ex,Twilight Masquerade
sv06-196,Iron Thorns ex,Twilight Masquerade
sv06-153,Jamming Tower,Twilight Masquerade
sv06-046,Jynx,Twilight Masquerade
sv06-081,Kadabra,Twilight Masquerade
sv06-154,Kieran,Twilight Masquerade
sv06-206,Kieran,Twilight Masquerade
sv06-218,Kieran,Twilight Masquerade
sv06-076,Kilowattrel,Twilight Masquerade
sv06-121,Lairon,Twilight Masquerade
sv06-184,Lairon,Twilight Masquerade
sv06-037,Lampent,Twilight Masquerade
sv06-155,Lana's Aid,Twilight Masquerade
sv06-207,Lana's Aid,Twilight Masquerade
sv06-219,Lana's Aid,Twilight Masquerade
sv06-011,Leafeon,Twilight Masquerade
sv06-167,Legacy Energy,Twilight Masquerade
sv06-036,Litwick,Twilight Masquerade
sv06-156,Love Ball,Twilight Masquerade
sv06-157,Lucian,Twilight Masquerade
sv06-208,Lucian,Twilight Masquerade
sv06-158,Lucky Helmet,Twilight Masquerade
sv06-226,Luminous Energy,Twilight Masquerade
sv06-067,Luxio,Twilight Masquerade
sv06-068,Luxray ex,Twilight Masquerade
sv06-195,Luxray ex,Twilight Masquerade
sv06-029,Magcargo ex,Twilight Masquerade
sv06-191,Magcargo ex,Twilight Masquerade
sv06-114,Mightyena,Twilight Masquerade
sv06-050,Milotic,Twilight Masquerade
sv06-032,Monferno,Twilight Masquerade
sv06-072,Morpeko,Twilight Masquerade
sv06-095,Munkidori,Twilight Masquerade
sv06-027,Ninetales,Twilight Masquerade
sv06-101,Nosepass,Twilight Masquerade
sv06-159,Ogre's Mask,Twilight Masquerade
sv06-111,Okidogi,Twilight Masquerade
sv06-060,Palafin,Twilight Masquerade
sv06-061,Palafin ex,Twilight Masquerade
sv06-193,Palafin ex,Twilight Masquerade
sv06-092,Palossand,Twilight Masquerade
sv06-160,Perrin,Twilight Masquerade
sv06-209,Perrin,Twilight Masquerade
sv06-220,Perrin,Twilight Masquerade
sv06-012,Phantump,Twilight Masquerade
sv06-055,Phione,Twilight Masquerade
sv06-175,Phione,Twilight Masquerade
sv06-003,Pinsir,Twilight Masquerade
sv06-168,Pinsir,Twilight Masquerade
sv06-041,Poliwag,Twilight Masquerade
sv06-042,Poliwhirl,Twilight Masquerade
sv06-043,Poliwrath,Twilight Masquerade
sv06-020,Poltchageist,Twilight Masquerade
sv06-021,Poltchageist,Twilight Masquerade
sv06-171,Poltchageist,Twilight Masquerade
sv06-113,Poochyena,Twilight Masquerade
sv06-102,Probopass,Twilight Masquerade
sv06-182,Probopass,Twilight Masquerade
sv06-161,Raifort,Twilight Masquerade
sv06-225,Rescue Board,Twilight Masquerade
sv06-125,Revavroom,Twilight Masquerade
sv06-016,Rillaboom,Twilight Masquerade
sv06-097,Sandshrew,Twilight Masquerade
sv06-098,Sandslash,Twilight Masquerade
sv06-091,Sandygast,Twilight Masquerade
sv06-117,Scolipede,Twilight Masquerade
sv06-162,Scoop Up Cyclone,Twilight Masquerade
sv06-094,Scream Tail ex,Twilight Masquerade
sv06-197,Scream Tail ex,Twilight Masquerade
sv06-045,Seaking,Twilight Masquerade
sv06-163,Secret Box,Twilight Masquerade
sv06-066,Shinx,Twilight Masquerade
sv06-022,Sinistcha,Twilight Masquerade
sv06-023,Sinistcha ex,Twilight Masquerade
sv06-189,Sinistcha ex,Twilight Masquerade
sv06-210,Sinistcha ex,Twilight Masquerade
sv06-119,Skarmory,Twilight Masquerade
sv06-028,Slugma,Twilight Masquerade
sv06-090,Slurpuff,Twilight Masquerade
sv06-136,Snorlax,Twilight Masquerade
sv06-051,Snorunt,Twilight Masquerade
sv06-004,Spinarak,Twilight Masquerade
sv06-007,Sunflora,Twilight Masquerade
sv06-169,Sunflora,Twilight Masquerade
sv06-006,Sunkern,Twilight Masquerade
sv06-164,Survival Brace,Twilight Masquerade
sv06-140,Swanna,Twilight Masquerade
sv06-089,Swirlix,Twilight Masquerade
sv06-073,Tadbulb,Twilight Masquerade
sv06-001,Tangela,Twilight Masquerade
sv06-002,Tangrowth,Twilight Masquerade
sv06-131,Tatsugiri,Twilight Masquerade
sv06-186,Tatsugiri,Twilight Masquerade
sv06-024,Teal Mask Ogerpon,Twilight Masquerade
sv06-025,Teal Mask Ogerpon ex,Twilight Masquerade
sv06-190,Teal Mask Ogerpon ex,Twilight Masquerade
sv06-211,Teal Mask Ogerpon ex,Twilight Masquerade
sv06-221,Teal Mask Ogerpon ex,Twilight Masquerade
sv06-015,Thwackey,Twilight Masquerade
sv06-103,Timburr,Twilight Masquerade
sv06-183,Timburr,Twilight Masquerade
sv06-110,Ting-Lu,Twilight Masquerade
sv06-030,Torkoal,Twilight Masquerade
sv06-172,Torkoal,Twilight Masquerade
sv06-013,Trevenant,Twilight Masquerade
sv06-165,Unfair Stamp,Twilight Masquerade
sv06-124,Varoom,Twilight Masquerade
sv06-115,Venipede,Twilight Masquerade
sv06-009,Volbeat,Twilight Masquerade
sv06-026,Vulpix,Twilight Masquerade
sv06-063,Walking Wake,Twilight Masquerade
sv06-075,Wattrel,Twilight Masquerade
sv06-178,Wattrel,Twilight Masquerade
sv06-064,Wellspring Mask Ogerpon ex,Twilight Masquerade
sv06-194,Wellspring Mask Ogerpon ex,Twilight Masquerade
sv06-213,Wellspring Mask Ogerpon ex,Twilight Masquerade
sv06-116,Whirlipede,Twilight Masquerade
sv06-065,Zapdos,Twilight Masquerade
sm5-120,Cyrus ◇,Ultra Prism
sm5-77,Darkrai ◇,Ultra Prism
sm5-58,Giratina ◇,Ultra Prism
sm5-62,Lunala ◇,Ultra Prism
sm5-133,Pokémon Fan Club,Ultra Prism
sm5-155,Pokémon Fan Club,Ultra Prism
sm5-89,Solgaleo ◇,Ultra Prism
sm5-136,Super Boost Energy ◇,Ultra Prism
sm5-137,Unit Energy GrassFireWater,Ultra Prism
sm5-170,Unit Energy GrassFireWater,Ultra Prism
sm5-138,Unit Energy LightningPsychicMetal,Ultra Prism
sm5-171,Unit Energy LightningPsychicMetal,Ultra Prism
sm10-172,Fairy Charm Lightning,Unbroken Bonds
sm10-174,Giovanni’s Exile,Unbroken Bonds
sm10-175,Green’s Exploration,Unbroken Bonds
sm10-209,Green’s Exploration,Unbroken Bonds
sm10-177,Koga’s Trap,Unbroken Bonds
sm10-211,Koga’s Trap,Unbroken Bonds
sm10-178,Lt. Surge’s Strategy,Unbroken Bonds
sm10-182,Pokégear 3.0,Unbroken Bonds
sm10-233,Pokégear 3.0,Unbroken Bonds
sm10-184,Red’s Challenge,Unbroken Bonds
sm10-213,Red’s Challenge,Unbroken Bonds
hgss3-THREE,Alph Lithograph,Undaunted
hgss3-87,Kyogre & Groudon LEGEND,Undaunted
hgss3-88,Kyogre & Groudon LEGEND,Undaunted
hgss3-89,Rayquaza & Deoxys LEGEND,Undaunted
hgss3-90,Rayquaza & Deoxys LEGEND,Undaunted
hgss3-76,Ruins of Alph,Undaunted
hgss3-77,Sage’s Training,Undaunted
hgss3-78,Team Rocket’s Trickery,Undaunted
sm11-186,Blaine’s Quiz Show,Unified Minds
sm11-188,Blue’s Tactics,Unified Minds
sm11-231,Blue’s Tactics,Unified Minds
sm11-202,Misty’s Favor,Unified Minds
sm11-235,Misty’s Favor,Unified Minds
sm11-204,Poké Maniac,Unified Minds
sm11-236,Poké Maniac,Unified Minds
sm11-205,Pokémon Research Lab,Unified Minds
hgss2-TWO,Alph Lithograph,Unleashed
hgss2-71,Cheerleader’s Cheer,Unleashed
hgss2-73,Emcee’s Chatter,Unleashed
hgss2-75,Engineer’s Adjustments,Unleashed
hgss2-90,Entei & Raikou LEGEND,Unleashed
hgss2-91,Entei & Raikou LEGEND,Unleashed
hgss2-77,Interviewer’s Questions,Unleashed
hgss2-81,Pokémon Circulator,Unleashed
hgss2-92,Raikou & Suicune LEGEND,Unleashed
hgss2-93,Raikou & Suicune LEGEND,Unleashed
hgss2-94,Suicune & Entei LEGEND,Unleashed
hgss2-95,Suicune & Entei LEGEND,Unleashed
ex10-87,Poké Ball,Unseen Forces
ex10-88,Pokémon Reversal,Unseen Forces
exu-!,Unown,Unseen Forces Unown Collection
exu-A,Unown,Unseen Forces Unown Collection
exu-B,Unown,Unseen Forces Unown Collection
exu-C,Unown,Unseen Forces Unown Collection
exu-D,Unown,Unseen Forces Unown Collection
exu-E,Unown,Unseen Forces Unown Collection
exu-F,Unown,Unseen Forces Unown Collection
exu-G,Unown,Unseen Forces Unown Collection
exu-H,Unown,Unseen Forces Unown Collection
exu-I,Unown,Unseen Forces Unown Collection
exu-J,Unown,Unseen Forces Unown Collection
exu-K,Unown,Unseen Forces Unown Collection
exu-L,Unown,Unseen Forces Unown Collection
exu-M,Unown,Unseen Forces Unown Collection
exu-N,Unown,Unseen Forces Unown Collection
exu-O,Unown,Unseen Forces Unown Collection
exu-P,Unown,Unseen Forces Unown Collection
exu-Q,Unown,Unseen Forces Unown Collection
exu-R,Unown,Unseen Forces Unown Collection
exu-S,Unown,Unseen Forces Unown Collection
exu-T,Unown,Unseen Forces Unown Collection
exu-U,Unown,Unseen Forces Unown Collection
exu-V,Unown,Unseen Forces Unown Collection
exu-W,Unown,Unseen Forces Unown Collection
exu-X,Unown,Unseen Forces Unown Collection
exu-Y,Unown,Unseen Forces Unown Collection
exu-Z,Unown,Unseen Forces Unown Collection
swsh4-185,Pokémon Center Lady,Vivid Voltage
sv10.5w-009,Accelgor,White Flare
sv10.5w-094,Accelgor,White Flare
sv10.5w-079,Antique Plume Fossil,White Flare
sv10.5w-050,Archen,White Flare
sv10.5w-131,Archen,White Flare
sv10.5w-051,Archeops,White Flare
sv10.5w-132,Archeops,White Flare
sv10.5w-024,Basculin,White Flare
sv10.5w-108,Basculin,White Flare
sv10.5w-031,Blitzle,White Flare
sv10.5w-114,Blitzle,White Flare
sv10.5w-047,Boldore,White Flare
sv10.5w-128,Boldore,White Flare
sv10.5w-077,Bouffalant ex,White Flare
sv10.5w-162,Bouffalant ex,White Flare
sv10.5w-170,Bouffalant ex,White Flare
sv10.5w-080,Brave Bangle,White Flare
sv10.5w-018,Chandelure,White Flare
sv10.5w-103,Chandelure,White Flare
sv10.5w-081,Cheren,White Flare
sv10.5w-040,Cofagrigus,White Flare
sv10.5w-123,Cofagrigus,White Flare
sv10.5w-004,Cottonee,White Flare
sv10.5w-090,Cottonee,White Flare
sv10.5w-006,Deerling,White Flare
sv10.5w-091,Deerling,White Flare
sv10.5w-065,Deino,White Flare
sv10.5w-146,Deino,White Flare
sv10.5w-022,Dewott,White Flare
sv10.5w-106,Dewott,White Flare
sv10.5w-071,Druddigon,White Flare
sv10.5w-151,Druddigon,White Flare
sv10.5w-025,Ducklett,White Flare
sv10.5w-109,Ducklett,White Flare
sv10.5w-070,Durant,White Flare
sv10.5w-150,Durant,White Flare
sv10.5w-013,Emboar,White Flare
sv10.5w-098,Emboar,White Flare
sv10.5w-082,Energy Retrieval,White Flare
sv10.5w-068,Ferroseed,White Flare
sv10.5w-148,Ferroseed,White Flare
sv10.5w-069,Ferrothorn,White Flare
sv10.5w-149,Ferrothorn,White Flare
sv10.5w-044,Frillish,White Flare
sv10.5w-126,Frillish,White Flare
sv10.5w-034,Galvantula,White Flare
sv10.5w-117,Galvantula,White Flare
sv10.5w-060,Garbodor,White Flare
sv10.5w-141,Garbodor,White Flare
sv10.5w-048,Gigalith,White Flare
sv10.5w-129,Gigalith,White Flare
sv10.5w-041,Gothita,White Flare
sv10.5w-124,Gothita,White Flare
sv10.5w-043,Gothitelle,White Flare
sv10.5w-042,Gothorita,White Flare
sv10.5w-125,Gothorita,White Flare
sv10.5w-083,Harlequin,White Flare
sv10.5w-163,Harlequin,White Flare
sv10.5w-019,Heatmor,White Flare
sv10.5w-104,Heatmor,White Flare
sv10.5w-075,Herdier,White Flare
sv10.5w-155,Herdier,White Flare
sv10.5w-084,Hilda,White Flare
sv10.5w-164,Hilda,White Flare
sv10.5w-171,Hilda,White Flare
sv10.5w-067,Hydreigon ex,White Flare
sv10.5w-161,Hydreigon ex,White Flare
sv10.5w-169,Hydreigon ex,White Flare
sv10.5w-086,Ignition Energy,White Flare
sv10.5w-045,Jellicent ex,White Flare
sv10.5w-160,Jellicent ex,White Flare
sv10.5w-168,Jellicent ex,White Flare
sv10.5w-033,Joltik,White Flare
sv10.5w-116,Joltik,White Flare
sv10.5w-030,Keldeo ex,White Flare
sv10.5w-159,Keldeo ex,White Flare
sv10.5w-167,Keldeo ex,White Flare
sv10.5w-017,Lampent,White Flare
sv10.5w-102,Lampent,White Flare
sv10.5w-003,Leavanny,White Flare
sv10.5w-089,Leavanny,White Flare
sv10.5w-056,Liepard,White Flare
sv10.5w-137,Liepard,White Flare
sv10.5w-074,Lillipup,White Flare
sv10.5w-154,Lillipup,White Flare
sv10.5w-016,Litwick,White Flare
sv10.5w-101,Litwick,White Flare
sv10.5w-064,Mandibuzz,White Flare
sv10.5w-145,Mandibuzz,White Flare
sv10.5w-052,Mienfoo,White Flare
sv10.5w-133,Mienfoo,White Flare
sv10.5w-053,Mienshao,White Flare
sv10.5w-134,Mienshao,White Flare
sv10.5w-021,Oshawott,White Flare
sv10.5w-105,Oshawott,White Flare
sv10.5w-014,Pansear,White Flare
sv10.5w-099,Pansear,White Flare
sv10.5w-072,Patrat,White Flare
sv10.5w-152,Patrat,White Flare
sv10.5w-012,Pignite,White Flare
sv10.5w-097,Pignite,White Flare
sv10.5w-055,Purrloin,White Flare
sv10.5w-136,Purrloin,White Flare
sv10.5w-020,Reshiram ex,White Flare
sv10.5w-158,Reshiram ex,White Flare
sv10.5w-166,Reshiram ex,White Flare
sv10.5w-173,Reshiram ex,White Flare
sv10.5w-046,Roggenrola,White Flare
sv10.5w-127,Roggenrola,White Flare
sv10.5w-023,Samurott,White Flare
sv10.5w-107,Samurott,White Flare
sv10.5w-049,Sawk,White Flare
sv10.5w-130,Sawk,White Flare
sv10.5w-007,Sawsbuck,White Flare
sv10.5w-092,Sawsbuck,White Flare
sv10.5w-058,Scrafty,White Flare
sv10.5w-139,Scrafty,White Flare
sv10.5w-057,Scraggy,White Flare
sv10.5w-138,Scraggy,White Flare
sv10.5w-001,Sewaddle,White Flare
sv10.5w-087,Sewaddle,White Flare
sv10.5w-008,Shelmet,White Flare
sv10.5w-093,Shelmet,White Flare
sv10.5w-038,Sigilyph,White Flare
sv10.5w-121,Sigilyph,White Flare
sv10.5w-015,Simisear,White Flare
sv10.5w-100,Simisear,White Flare
sv10.5w-076,Stoutland,White Flare
sv10.5w-156,Stoutland,White Flare
sv10.5w-035,Stunfisk,White Flare
sv10.5w-118,Stunfisk,White Flare
sv10.5w-002,Swadloon,White Flare
sv10.5w-088,Swadloon,White Flare
sv10.5w-026,Swanna,White Flare
sv10.5w-110,Swanna,White Flare
sv10.5w-037,Swoobat,White Flare
sv10.5w-120,Swoobat,White Flare
sv10.5w-011,Tepig,White Flare
sv10.5w-096,Tepig,White Flare
sv10.5w-054,Terrakion,White Flare
sv10.5w-135,Terrakion,White Flare
sv10.5w-085,Tool Scrapper,White Flare
sv10.5w-078,Tornadus,White Flare
sv10.5w-059,Trubbish,White Flare
sv10.5w-140,Trubbish,White Flare
sv10.5w-028,Vanillish,White Flare
sv10.5w-112,Vanillish,White Flare
sv10.5w-027,Vanillite,White Flare
sv10.5w-111,Vanillite,White Flare
sv10.5w-029,Vanilluxe,White Flare
sv10.5w-113,Vanilluxe,White Flare
sv10.5w-172,Victini,White Flare
sv10.5w-010,Virizion,White Flare
sv10.5w-095,Virizion,White Flare
sv10.5w-063,Vullaby,White Flare
sv10.5w-144,Vullaby,White Flare
sv10.5w-073,Watchog,White Flare
sv10.5w-153,Watchog,White Flare
sv10.5w-005,Whimsicott ex,White Flare
sv10.5w-157,Whimsicott ex,White Flare
sv10.5w-165,Whimsicott ex,White Flare
sv10.5w-036,Woobat,White Flare
sv10.5w-119,Woobat,White Flare
sv10.5w-039,Yamask,White Flare
sv10.5w-122,Yamask,White Flare
sv10.5w-032,Zebstrika,White Flare
sv10.5w-115,Zebstrika,White Flare
sv10.5w-062,Zoroark,White Flare
sv10.5w-143,Zoroark,White Flare
sv10.5w-061,Zorua,White Flare
sv10.5w-142,Zorua,White Flare
sv10.5w-066,Zweilous,White Flare
sv10.5w-147,Zweilous,White Flare
A4-120,Absol,Wisdom of Sea and Sky
A4-142,Aipom,Wisdom of Sea and Sky
A4-143,Ambipom,Wisdom of Sea and Sky
A4-069,Ampharos,Wisdom of Sea and Sky
A4-172,Ampharos,Wisdom of Sea and Sky
A4-111,Ariados,Wisdom of Sea and Sky
A4-050,Azumarill,Wisdom of Sea and Sky
A4-106,Barbaracle,Wisdom of Sea and Sky
A4-009,Bayleef,Wisdom of Sea and Sky
A4-003,Bellossom,Wisdom of Sea and Sky
A4-163,Bellossom,Wisdom of Sea and Sky
A4-105,Binacle,Wisdom of Sea and Sky
A4-132,Blissey,Wisdom of Sea and Sky
A4-185,Blissey,Wisdom of Sea and Sky
A4-150,Bouffalant,Wisdom of Sea and Sky
A4-131,Chansey,Wisdom of Sea and Sky
A4-024,Cherrim,Wisdom of Sea and Sky
A4-023,Cherubi,Wisdom of Sea and Sky
A4-008,Chikorita,Wisdom of Sea and Sky
A4-162,Chikorita,Wisdom of Sea and Sky
A4-064,Chinchou,Wisdom of Sea and Sky
A4-077,Cleffa,Wisdom of Sea and Sky
A4-060,Corphish,Wisdom of Sea and Sky
A4-054,Corsola,Wisdom of Sea and Sky
A4-061,Crawdaunt,Wisdom of Sea and Sky
A4-109,Crobat ex,Wisdom of Sea and Sky
A4-192,Crobat ex,Wisdom of Sea and Sky
A4-207,Crobat ex,Wisdom of Sea and Sky
A4-047,Croconaw,Wisdom of Sea and Sky
A4-027,Cyndaquil,Wisdom of Sea and Sky
A4-165,Cyndaquil,Wisdom of Sea and Sky
A4-154,Dark Pendant,Wisdom of Sea and Sky
A4-036,Darmanitan,Wisdom of Sea and Sky
A4-035,Darumaka,Wisdom of Sea and Sky
A4-057,Delibird,Wisdom of Sea and Sky
A4-170,Delibird,Wisdom of Sea and Sky
A4-100,Donphan ex,Wisdom of Sea and Sky
A4-191,Donphan ex,Wisdom of Sea and Sky
A4-206,Donphan ex,Wisdom of Sea and Sky
A4-062,Ducklett,Wisdom of Sea and Sky
A4-144,Dunsparce,Wisdom of Sea and Sky
A4-134,Eevee,Wisdom of Sea and Sky
A4-231,Eevee,Wisdom of Sea and Sky
A4-070,Elekid,Wisdom of Sea and Sky
A4-151,Elemental Switch,Wisdom of Sea and Sky
A4-072,Emolga,Wisdom of Sea and Sky
A4-033,Entei,Wisdom of Sea and Sky
A4-083,Espeon ex,Wisdom of Sea and Sky
A4-190,Espeon ex,Wisdom of Sea and Sky
A4-205,Espeon ex,Wisdom of Sea and Sky
A4-130,Fearow,Wisdom of Sea and Sky
A4-048,Feraligatr,Wisdom of Sea and Sky
A4-159,Fisher,Wisdom of Sea and Sky
A4-199,Fisher,Wisdom of Sea and Sky
A4-068,Flaaffy,Wisdom of Sea and Sky
A4-213,Flareon,Wisdom of Sea and Sky
A4-121,Forretress,Wisdom of Sea and Sky
A4-139,Furret,Wisdom of Sea and Sky
A4-087,Girafarig,Wisdom of Sea and Sky
A4-235,Glaceon ex,Wisdom of Sea and Sky
A4-094,Gligar,Wisdom of Sea and Sky
A4-176,Gligar,Wisdom of Sea and Sky
A4-095,Gliscor,Wisdom of Sea and Sky
A4-002,Gloom,Wisdom of Sea and Sky
A4-108,Golbat,Wisdom of Sea and Sky
A4-089,Granbull,Wisdom of Sea and Sky
A4-045,Gyarados,Wisdom of Sea and Sky
A4-215,Gyarados,Wisdom of Sea and Sky
A4-234,Gyarados ex,Wisdom of Sea and Sky
A4-037,Heatmor,Wisdom of Sea and Sky
A4-022,Heracross,Wisdom of Sea and Sky
A4-164,Heracross,Wisdom of Sea and Sky
A4-161,Hiker,Wisdom of Sea and Sky
A4-201,Hiker,Wisdom of Sea and Sky
A4-102,Hitmontop,Wisdom of Sea and Sky
A4-114,Honchkrow,Wisdom of Sea and Sky
A4-034,Ho-Oh ex,Wisdom of Sea and Sky
A4-187,Ho-Oh ex,Wisdom of Sea and Sky
A4-210,Ho-Oh ex,Wisdom of Sea and Sky
A4-240,Ho-Oh ex,Wisdom of Sea and Sky
A4-140,Hoothoot,Wisdom of Sea and Sky
A4-182,Hoothoot,Wisdom of Sea and Sky
A4-013,Hoppip,Wisdom of Sea and Sky
A4-041,Horsea,Wisdom of Sea and Sky
A4-118,Houndoom,Wisdom of Sea and Sky
A4-117,Houndour,Wisdom of Sea and Sky
A4-160,Jasmine,Wisdom of Sea and Sky
A4-200,Jasmine,Wisdom of Sea and Sky
A4-219,Jolteon,Wisdom of Sea and Sky
A4-015,Jumpluff,Wisdom of Sea and Sky
A4-076,Jynx,Wisdom of Sea and Sky
A4-133,Kangaskhan,Wisdom of Sea and Sky
A4-043,Kingdra ex,Wisdom of Sea and Sky
A4-188,Kingdra ex,Wisdom of Sea and Sky
A4-203,Kingdra ex,Wisdom of Sea and Sky
A4-127,Klang,Wisdom of Sea and Sky
A4-126,Klink,Wisdom of Sea and Sky
A4-128,Klinklang,Wisdom of Sea and Sky
A4-065,Lanturn ex,Wisdom of Sea and Sky
A4-189,Lanturn ex,Wisdom of Sea and Sky
A4-204,Lanturn ex,Wisdom of Sea and Sky
A4-103,Larvitar,Wisdom of Sea and Sky
A4-233,Leafeon ex,Wisdom of Sea and Sky
A4-012,Ledian,Wisdom of Sea and Sky
A4-011,Ledyba,Wisdom of Sea and Sky
A4-239,Lickilicky ex,Wisdom of Sea and Sky
A4-230,Lickitung,Wisdom of Sea and Sky
A4-149,Lugia ex,Wisdom of Sea and Sky
A4-195,Lugia ex,Wisdom of Sea and Sky
A4-211,Lugia ex,Wisdom of Sea and Sky
A4-241,Lugia ex,Wisdom of Sea and Sky
A4-157,Lyra,Wisdom of Sea and Sky
A4-197,Lyra,Wisdom of Sea and Sky
A4-032,Magby,Wisdom of Sea and Sky
A4-166,Magby,Wisdom of Sea and Sky
A4-031,Magcargo,Wisdom of Sea and Sky
A4-044,Magikarp,Wisdom of Sea and Sky
A4-214,Magikarp,Wisdom of Sea and Sky
A4-217,Magnemite,Wisdom of Sea and Sky
A4-218,Magneton,Wisdom of Sea and Sky
A4-098,Mamoswine,Wisdom of Sea and Sky
A4-221,Mankey,Wisdom of Sea and Sky
A4-058,Mantine,Wisdom of Sea and Sky
A4-067,Mareep,Wisdom of Sea and Sky
A4-049,Marill,Wisdom of Sea and Sky
A4-125,Mawile,Wisdom of Sea and Sky
A4-010,Meganium,Wisdom of Sea and Sky
A4-220,Misdreavus,Wisdom of Sea and Sky
A4-237,Mismagius ex,Wisdom of Sea and Sky
A4-090,Munna,Wisdom of Sea and Sky
A4-113,Murkrow,Wisdom of Sea and Sky
A4-178,Murkrow,Wisdom of Sea and Sky
A4-091,Musharna,Wisdom of Sea and Sky
A4-081,Natu,Wisdom of Sea and Sky
A4-228,Nidoking,Wisdom of Sea and Sky
A4-225,Nidoqueen,Wisdom of Sea and Sky
A4-223,Nidoran♀,Wisdom of Sea and Sky
A4-226,Nidoran♂,Wisdom of Sea and Sky
A4-224,Nidorina,Wisdom of Sea and Sky
A4-227,Nidorino,Wisdom of Sea and Sky
A4-026,Ninetales,Wisdom of Sea and Sky
A4-141,Noctowl,Wisdom of Sea and Sky
A4-056,Octillery,Wisdom of Sea and Sky
A4-169,Octillery,Wisdom of Sea and Sky
A4-001,Oddish,Wisdom of Sea and Sky
A4-092,Onix,Wisdom of Sea and Sky
A4-236,Pachirisu ex,Wisdom of Sea and Sky
A4-099,Phanpy,Wisdom of Sea and Sky
A4-066,Pichu,Wisdom of Sea and Sky
A4-171,Pichu,Wisdom of Sea and Sky
A4-097,Piloswine,Wisdom of Sea and Sky
A4-020,Pineco,Wisdom of Sea and Sky
A4-007,Pinsir,Wisdom of Sea and Sky
A4-040,Politoed,Wisdom of Sea and Sky
A4-038,Poliwag,Wisdom of Sea and Sky
A4-039,Poliwhirl,Wisdom of Sea and Sky
A4-135,Porygon,Wisdom of Sea and Sky
A4-136,Porygon2,Wisdom of Sea and Sky
A4-137,Porygon-Z,Wisdom of Sea and Sky
A4-222,Primeape,Wisdom of Sea and Sky
A4-104,Pupitar,Wisdom of Sea and Sky
A4-052,Quagsire,Wisdom of Sea and Sky
A4-028,Quilava,Wisdom of Sea and Sky
A4-053,Qwilfish,Wisdom of Sea and Sky
A4-168,Qwilfish,Wisdom of Sea and Sky
A4-071,Raikou,Wisdom of Sea and Sky
A4-055,Remoraid,Wisdom of Sea and Sky
A4-155,Rescue Scarf,Wisdom of Sea and Sky
A4-123,Scizor,Wisdom of Sea and Sky
A4-180,Scizor,Wisdom of Sea and Sky
A4-006,Scyther,Wisdom of Sea and Sky
A4-042,Seadra,Wisdom of Sea and Sky
A4-138,Sentret,Wisdom of Sea and Sky
A4-181,Sentret,Wisdom of Sea and Sky
A4-021,Shuckle ex,Wisdom of Sea and Sky
A4-186,Shuckle ex,Wisdom of Sea and Sky
A4-202,Shuckle ex,Wisdom of Sea and Sky
A4-158,Silver,Wisdom of Sea and Sky
A4-198,Silver,Wisdom of Sea and Sky
A4-124,Skarmory ex,Wisdom of Sea and Sky
A4-194,Skarmory ex,Wisdom of Sea and Sky
A4-209,Skarmory ex,Wisdom of Sea and Sky
A4-014,Skiploom,Wisdom of Sea and Sky
A4-074,Slowking,Wisdom of Sea and Sky
A4-073,Slowpoke,Wisdom of Sea and Sky
A4-030,Slugma,Wisdom of Sea and Sky
A4-148,Smeargle,Wisdom of Sea and Sky
A4-184,Smeargle,Wisdom of Sea and Sky
A4-075,Smoochum,Wisdom of Sea and Sky
A4-115,Sneasel,Wisdom of Sea and Sky
A4-229,Sneasel,Wisdom of Sea and Sky
A4-088,Snubbull,Wisdom of Sea and Sky
A4-129,Spearow,Wisdom of Sea and Sky
A4-110,Spinarak,Wisdom of Sea and Sky
A4-177,Spinarak,Wisdom of Sea and Sky
A4-152,Squirt Bottle,Wisdom of Sea and Sky
A4-147,Stantler,Wisdom of Sea and Sky
A4-183,Stantler,Wisdom of Sea and Sky
A4-153,Steel Apron,Wisdom of Sea and Sky
A4-122,Steelix,Wisdom of Sea and Sky
A4-093,Sudowoodo,Wisdom of Sea and Sky
A4-059,Suicune,Wisdom of Sea and Sky
A4-017,Sunflora,Wisdom of Sea and Sky
A4-016,Sunkern,Wisdom of Sea and Sky
A4-063,Swanna,Wisdom of Sea and Sky
A4-096,Swinub,Wisdom of Sea and Sky
A4-004,Tangela,Wisdom of Sea and Sky
A4-005,Tangrowth,Wisdom of Sea and Sky
A4-145,Teddiursa,Wisdom of Sea and Sky
A4-080,Togekiss,Wisdom of Sea and Sky
A4-078,Togepi,Wisdom of Sea and Sky
A4-173,Togepi,Wisdom of Sea and Sky
A4-079,Togetic,Wisdom of Sea and Sky
A4-046,Totodile,Wisdom of Sea and Sky
A4-167,Totodile,Wisdom of Sea and Sky
A4-029,Typhlosion,Wisdom of Sea and Sky
A4-119,Tyranitar,Wisdom of Sea and Sky
A4-179,Tyranitar,Wisdom of Sea and Sky
A4-101,Tyrogue,Wisdom of Sea and Sky
A4-112,Umbreon ex,Wisdom of Sea and Sky
A4-193,Umbreon ex,Wisdom of Sea and Sky
A4-208,Umbreon ex,Wisdom of Sea and Sky
A4-084,Unown,Wisdom of Sea and Sky
A4-085,Unown,Wisdom of Sea and Sky
A4-146,Ursaring,Wisdom of Sea and Sky
A4-216,Vaporeon,Wisdom of Sea and Sky
A4-025,Vulpix,Wisdom of Sea and Sky
A4-116,Weavile,Wisdom of Sea and Sky
A4-238,Weavile ex,Wisdom of Sea and Sky
A4-156,Will,Wisdom of Sea and Sky
A4-196,Will,Wisdom of Sea and Sky
A4-086,Wobbuffet,Wisdom of Sea and Sky
A4-175,Wobbuffet,Wisdom of Sea and Sky
A4-051,Wooper,Wisdom of Sea and Sky
A4-082,Xatu,Wisdom of Sea and Sky
A4-174,Xatu,Wisdom of Sea and Sky
A4-018,Yanma,Wisdom of Sea and Sky
A4-212,Yanma,Wisdom of Sea and Sky
A4-019,Yanmega,Wisdom of Sea and Sky
A4-232,Yanmega ex,Wisdom of Sea and Sky
A4-107,Zubat,Wisdom of Sea and Sky
basep-6,Arcanine,Wizards Black Star Promos
basep-22,Articuno,Wizards Black Star Promos
basep-48,Articuno,Wizards Black Star Promos
basep-50,Celebi,Wizards Black Star Promos
basep-31,Cleffa,Wizards Black Star Promos
basep-16,Computer Error,Wizards Black Star Promos
basep-15,Cool Porygon,Wizards Black Star Promos
basep-17,Dark Persian,Wizards Black Star Promos
basep-5,Dragonite,Wizards Black Star Promos
basep-11,Eevee,Wizards Black Star Promos
basep-2,Electabuzz,Wizards Black Star Promos
basep-46,Electabuzz,Wizards Black Star Promos
basep-34,Entei,Wizards Black Star Promos
basep-25,Flying Pikachu,Wizards Black Star Promos
basep-37,Hitmontop,Wizards Black Star Promos
basep-52,Ho-oh,Wizards Black Star Promos
basep-36,Igglybuff,Wizards Black Star Promos
basep-7,Jigglypuff,Wizards Black Star Promos
basep-41,Lucky Stadium,Wizards Black Star Promos
basep-43,Machamp,Wizards Black Star Promos
basep-44,Magmar,Wizards Black Star Promos
basep-29,Marill,Wizards Black Star Promos
basep-10,Meowth,Wizards Black Star Promos
basep-47,Mew,Wizards Black Star Promos
basep-8,Mew,Wizards Black Star Promos
basep-9,Mew,Wizards Black Star Promos
basep-12,Mewtwo,Wizards Black Star Promos
basep-14,Mewtwo,Wizards Black Star Promos
basep-3,Mewtwo,Wizards Black Star Promos
basep-39,Misdreavus,Wizards Black Star Promos
basep-21,Moltres,Wizards Black Star Promos
basep-35,Pichu,Wizards Black Star Promos
basep-1,Pikachu,Wizards Black Star Promos
basep-26,Pikachu,Wizards Black Star Promos
basep-27,Pikachu,Wizards Black Star Promos
basep-4,Pikachu,Wizards Black Star Promos
basep-40,Pokémon Center,Wizards Black Star Promos
basep-42,Pokémon Tower,Wizards Black Star Promos
basep-20,Psyduck,Wizards Black Star Promos
basep-51,Rapidash,Wizards Black Star Promos
basep-19,Sabrina's Abra,Wizards Black Star Promos
basep-33,Scizor,Wizards Black Star Promos
basep-45,Scyther,Wizards Black Star Promos
basep-32,Smeargle,Wizards Black Star Promos
basep-49,Snorlax,Wizards Black Star Promos
basep-24,___________'s Pikachu,Wizards Black Star Promos
basep-53,Suicune,Wizards Black Star Promos
basep-28,Surfing Pikachu,Wizards Black Star Promos
basep-18,Team Rocket's Meowth,Wizards Black Star Promos
basep-30,Togepi,Wizards Black Star Promos
basep-38,Unown [J],Wizards Black Star Promos
basep-13,Venusaur,Wizards Black Star Promos
basep-23,Zapdos,Wizards Black Star Promos
xyp-XY178,Absol,XY Black Star Promos
xyp-XY62,Absol EX,XY Black Star Promos
xyp-XY97,Aerodactyl EX,XY Black Star Promos
xyp-XY99,Aerodactyl Spirit Link,XY Black Star Promos
xyp-XY46,Altaria,XY Black Star Promos
xyp-XY180,Arcanine BREAK,XY Black Star Promos
xyp-XY116,Arceus,XY Black Star Promos
xyp-XY197,Arceus,XY Black Star Promos
xyp-XY83,Arceus,XY Black Star Promos
xyp-XY133,Ash Greninja EX,XY Black Star Promos
xyp-XY102,Aurorus EX,XY Black Star Promos
xyp-XY142,Azelf,XY Black Star Promos
xyp-XY157,Beedrill EX,XY Black Star Promos
xyp-XY159,Beedrill Spirit Link,XY Black Star Promos
xyp-XY135,Beheeyem BREAK,XY Black Star Promos
xyp-XY160,Black Kyurem,XY Black Star Promos
xyp-XY80,Black Kyurem,XY Black Star Promos
xyp-XY122,Blastoise EX,XY Black Star Promos
xyp-XY30,Blastoise EX,XY Black Star Promos
xyp-XY54,Blaziken EX,XY Black Star Promos
xyp-XY56,Blissey,XY Black Star Promos
xyp-XY161,Braixen,XY Black Star Promos
xyp-XY21,Bronzong,XY Black Star Promos
xyp-XY199,Camerupt Spirit Link,XY Black Star Promos
xyp-XY111,Celebi,XY Black Star Promos
xyp-XY187,Celebi,XY Black Star Promos
xyp-XY93,Celebi,XY Black Star Promos
xyp-XY176,Champions Festival,XY Black Star Promos
xyp-XY27,Champions Festival,XY Black Star Promos
xyp-XY91,Champions Festival,XY Black Star Promos
xyp-XY121,Charizard EX,XY Black Star Promos
xyp-XY17,Charizard EX,XY Black Star Promos
xyp-XY29,Charizard EX,XY Black Star Promos
xyp-XY68,Chesnaught,XY Black Star Promos
xyp-XY18,Chesnaught EX,XY Black Star Promos
xyp-XY01,Chespin,XY Black Star Promos
xyp-XY88,Chespin,XY Black Star Promos
xyp-XY146,Clawitzer,XY Black Star Promos
xyp-XY181,Crobat BREAK,XY Black Star Promos
xyp-XY114,Darkrai,XY Black Star Promos
xyp-XY194,Darkrai,XY Black Star Promos
xyp-XY22,Darkrai,XY Black Star Promos
xyp-XY19,Delphox EX,XY Black Star Promos
xyp-XY77,Dialga,XY Black Star Promos
xyp-XY43,Diancie EX,XY Black Star Promos
xyp-XY40,Ditto,XY Black Star Promos
xyp-XY10,Dragalge,XY Black Star Promos
xyp-XY134,Empoleon BREAK,XY Black Star Promos
xyp-XY57,Fearow,XY Black Star Promos
xyp-XY02,Fennekin,XY Black Star Promos
xyp-XY139,Floette,XY Black Star Promos
xyp-XY61,Flygon EX,XY Black Star Promos
xyp-XY03,Froakie,XY Black Star Promos
xyp-XY138,Froakie,XY Black Star Promos
xyp-XY45,Gallade EX,XY Black Star Promos
xyp-XY09,Garchomp EX,XY Black Star Promos
xyp-XY167,Garchomp-EX,XY Black Star Promos
xyp-XY169,Garchomp Spirit Link,XY Black Star Promos
xyp-XY132,Gastly,XY Black Star Promos
xyp-XY119,Genesect,XY Black Star Promos
xyp-XY196,Genesect,XY Black Star Promos
xyp-XY184,Giratina,XY Black Star Promos
xyp-XY16,Gogoat,XY Black Star Promos
xyp-XY162,Greninja,XY Black Star Promos
xyp-XY24,Greninja,XY Black Star Promos
xyp-XY20,Greninja EX,XY Black Star Promos
xyp-XY52,Groudon,XY Black Star Promos
xyp-XY42,Groudon EX,XY Black Star Promos
xyp-XY109,Gyarados,XY Black Star Promos
xyp-XY60,Gyarados,XY Black Star Promos
xyp-XY106,Gyarados EX,XY Black Star Promos
xyp-XY203,Gym Badge,XY Black Star Promos
xyp-XY204,Gym Badge,XY Black Star Promos
xyp-XY205,Gym Badge,XY Black Star Promos
xyp-XY206,Gym Badge,XY Black Star Promos
xyp-XY207,Gym Badge,XY Black Star Promos
xyp-XY208,Gym Badge,XY Black Star Promos
xyp-XY209,Gym Badge,XY Black Star Promos
xyp-XY210,Gym Badge,XY Black Star Promos
xyp-XY47,Heliolisk,XY Black Star Promos
xyp-XY12,Honedge,XY Black Star Promos
xyp-XY153,Ho Oh,XY Black Star Promos
xyp-XY154,Ho-Oh BREAK,XY Black Star Promos
xyp-XY147,Hoopa,XY Black Star Promos
xyp-XY90,Hoopa,XY Black Star Promos
xyp-XY71,Hoopa EX,XY Black Star Promos
xyp-XY85,Hoopa EX,XY Black Star Promos
xyp-XY112,Jirachi,XY Black Star Promos
xyp-XY195,Jirachi,XY Black Star Promos
xyp-XY67,Jirachi,XY Black Star Promos
xyp-XY67a,Jirachi,XY Black Star Promos
xyp-XY177,Karen,XY Black Star Promos
xyp-XY177a,Karen,XY Black Star Promos
xyp-XY118,Keldeo,XY Black Star Promos
xyp-XY191,Keldeo,XY Black Star Promos
xyp-XY39,Kingdra,XY Black Star Promos
xyp-XY25,Krookodile EX,XY Black Star Promos
xyp-XY51,Kyogre,XY Black Star Promos
xyp-XY41,Kyogre EX,XY Black Star Promos
xyp-XY78,Latias,XY Black Star Promos
xyp-XY65,Latios,XY Black Star Promos
xyp-XY79,Latios,XY Black Star Promos
xyp-XY72,Latios EX,XY Black Star Promos
xyp-XY140,Lucario,XY Black Star Promos
xyp-XY211,Lucario Spirit Link,XY Black Star Promos
xyp-XY156,Lugia,XY Black Star Promos
xyp-XY63,M Absol EX,XY Black Star Promos
xyp-XY13,Machamp,XY Black Star Promos
xyp-XY108,Machamp EX,XY Black Star Promos
xyp-XY98,M Aerodactyl EX,XY Black Star Promos
xyp-XY165,Magearna,XY Black Star Promos
xyp-XY186,Magearna,XY Black Star Promos
xyp-XY175,Magearna-EX,XY Black Star Promos
xyp-XY143,Magikarp,XY Black Star Promos
xyp-XY58,Malamar,XY Black Star Promos
xyp-XY113,Manaphy,XY Black Star Promos
xyp-XY190,Manaphy,XY Black Star Promos
xyp-XY182,Mandibuzz BREAK,XY Black Star Promos
xyp-XY103,Mawile EX,XY Black Star Promos
xyp-XY105,Mawile Spirit Link,XY Black Star Promos
xyp-XY158,M Beedrill-EX,XY Black Star Promos
xyp-XY86,M Blaziken EX,XY Black Star Promos
xyp-XY198,M Camerupt-EX,XY Black Star Promos
xyp-XY198a,M Camerupt-EX,XY Black Star Promos
xyp-XY44,M Diancie EX,XY Black Star Promos
xyp-XY120,Meloetta,XY Black Star Promos
xyp-XY193,Meloetta,XY Black Star Promos
xyp-XY48,Meowstic,XY Black Star Promos
xyp-XY34,Metagross EX,XY Black Star Promos
xyp-XY110,Mew,XY Black Star Promos
xyp-XY192,Mew,XY Black Star Promos
xyp-XY126,Mew EX,XY Black Star Promos
xyp-XY100,Mewtwo,XY Black Star Promos
xyp-XY101,Mewtwo,XY Black Star Promos
xyp-XY107,Mewtwo EX,XY Black Star Promos
xyp-XY125,Mewtwo EX,XY Black Star Promos
xyp-XY183,Mewtwo-EX,XY Black Star Promos
xyp-XY168,M Garchomp-EX,XY Black Star Promos
xyp-XY166,M Gengar-EX,XY Black Star Promos
xyp-XY104,M Mawile EX,XY Black Star Promos
xyp-XY35,M Metagross EX,XY Black Star Promos
xyp-XY127,Moltres,XY Black Star Promos
xyp-XY171,M Salamence-EX,XY Black Star Promos
xyp-XY200,M Sharpedo-EX,XY Black Star Promos
xyp-XY200a,M Sharpedo-EX,XY Black Star Promos
xyp-XY87,M Swampert EX,XY Black Star Promos
xyp-XY38,Mudkip,XY Black Star Promos
xyp-XY136,Noctowl BREAK,XY Black Star Promos
xyp-XY75,Palkia,XY Black Star Promos
xyp-XY50,Pangoro,XY Black Star Promos
xyp-XY131,Pansear,XY Black Star Promos
xyp-XY202,Pikachu,XY Black Star Promos
xyp-XY89,Pikachu,XY Black Star Promos
xyp-XY95,Pikachu,XY Black Star Promos
xyp-XY124,Pikachu EX,XY Black Star Promos
xyp-XY84,Pikachu EX,XY Black Star Promos
xyp-XY174,Pikachu-EX,XY Black Star Promos
xyp-XY26,Pyroar,XY Black Star Promos
xyp-XY141,Rayquaza,XY Black Star Promos
xyp-XY64,Rayquaza,XY Black Star Promos
xyp-XY66,Rayquaza EX,XY Black Star Promos
xyp-XY69,Rayquaza EX,XY Black Star Promos
xyp-XY73,Rayquaza EX,XY Black Star Promos
xyp-XY82,Regigigas,XY Black Star Promos
xyp-XY49,Regirock,XY Black Star Promos
xyp-XY74,Reshiram,XY Black Star Promos
xyp-XY92,Sableye,XY Black Star Promos
xyp-XY59,Salamence,XY Black Star Promos
xyp-XY170,Salamence EX,XY Black Star Promos
xyp-XY172,Salamence Spirit Link,XY Black Star Promos
xyp-XY53,Sceptile EX,XY Black Star Promos
xyp-XY201,Sharpedo Spirit Link,XY Black Star Promos
xyp-XY115,Shaymin,XY Black Star Promos
xyp-XY188,Shaymin,XY Black Star Promos
xyp-XY148,Shaymin EX,XY Black Star Promos
xyp-XY23,Shiftry,XY Black Star Promos
xyp-XY11,Skiddo,XY Black Star Promos
xyp-XY15,Slurpuff,XY Black Star Promos
xyp-XY179,Snorlax,XY Black Star Promos
xyp-XY55,Swampert EX,XY Black Star Promos
xyp-XY04,Sylveon,XY Black Star Promos
xyp-XY37,Torchic,XY Black Star Promos
xyp-XY36,Treecko,XY Black Star Promos
xyp-XY14,Trevenant,XY Black Star Promos
xyp-XY94,Trevenant,XY Black Star Promos
xyp-XY33,Trevor,XY Black Star Promos
xyp-XY130,Tyranitar,XY Black Star Promos
xyp-XY70,Tyrantrum EX,XY Black Star Promos
xyp-XY96,Umbreon,XY Black Star Promos
xyp-XY123,Venusaur EX,XY Black Star Promos
xyp-XY28,Venusaur EX,XY Black Star Promos
xyp-XY117,Victini,XY Black Star Promos
xyp-XY189,Victini,XY Black Star Promos
xyp-XY137,Vivillon,XY Black Star Promos
xyp-XY145,Volcanion,XY Black Star Promos
xyp-XY164,Volcanion,XY Black Star Promos
xyp-XY185,Volcanion,XY Black Star Promos
xyp-XY173,Volcanion EX,XY Black Star Promos
xyp-XY163,Weezing,XY Black Star Promos
xyp-XY128,White Kyurem,XY Black Star Promos
xyp-XY81,White Kyurem,XY Black Star Promos
xyp-XY155,Wobbuffet BREAK,XY Black Star Promos
xyp-XY05,Xerneas,XY Black Star Promos
xyp-XY31,Xerneas,XY Black Star Promos
xyp-XY07,Xerneas EX,XY Black Star Promos
xyp-XY149,Xerneas EX,XY Black Star Promos
xyp-XY144,Yanmega,XY Black Star Promos
xyp-XY06,Yveltal,XY Black Star Promos
xyp-XY32,Yveltal,XY Black Star Promos
xyp-XY08,Yveltal EX,XY Black Star Promos
xyp-XY150,Yveltal EX,XY Black Star Promos
xyp-XY150a,Yveltal-EX,XY Black Star Promos
xyp-XY76,Zekrom,XY Black Star Promos
xyp-XY129,Zygarde,XY Black Star Promos
xyp-XY152,Zygarde,XY Black Star Promos
xyp-XY151,Zygarde EX,XY Black Star Promos
tk-xy-b-12,Bidoof,XY trainer Kit (Bisharp)
tk-xy-b-10,Metal Energy,XY trainer Kit (Bisharp)
tk-xy-b-18,Metal Energy,XY trainer Kit (Bisharp)
tk-xy-b-2,Metal Energy,XY trainer Kit (Bisharp)
tk-xy-b-22,Metal Energy,XY trainer Kit (Bisharp)
tk-xy-b-24,Metal Energy,XY trainer Kit (Bisharp)
tk-xy-b-3,Metal Energy,XY trainer Kit (Bisharp)
tk-xy-b-6,Metal Energy,XY trainer Kit (Bisharp)
tk-xy-b-7,Metal Energy,XY trainer Kit (Bisharp)
tk-xy-b-8,Metal Energy,XY trainer Kit (Bisharp)
tk-xy-b-9,Metal Energy,XY trainer Kit (Bisharp)
tk-xy-n-23,Noibat,XY trainer Kit (Noivern)
tk-xy-n-21,Poké Ball,XY trainer Kit (Noivern)
tk-xy-n-14,Pokémon Catcher,XY trainer Kit (Noivern)
tk-xy-n-24,Professor’s Letter,XY trainer Kit (Noivern)
tk-xy-n-29,Switch,XY trainer Kit (Noivern)
tk-xy-sy-26,Poké Ball,XY trainer Kit (Sylveon)
tk-xy-sy-23,Pokémon Catcher,XY trainer Kit (Sylveon)
tk-xy-sy-28,Professor’s Letter,XY trainer Kit (Sylveon)
tk-xy-w-6,Fairy Energy,XY trainer Kit (Wigglytuff)
tk-xy-w-7,Fairy Energy,XY trainer Kit (Wigglytuff)
sma-SV81,Aether Foundation Employee,Yellow A Alternate
sma-SV87,Aether Paradise Conservation Area,Yellow A Alternate
sma-SV53,Alolan Ninetales-GX,Yellow A Alternate
sma-SV8,Alolan Vulpix,Yellow A Alternate
sma-SV37,Altaria,Yellow A Alternate
sma-SV77,Altaria-GX,Yellow A Alternate
sma-SV54,Articuno-GX,Yellow A Alternate
sma-SV61,Banette-GX,Yellow A Alternate
sma-SV30,Beldum,Yellow A Alternate
sma-SV88,Brooklet Hill,Yellow A Alternate
sma-SV24,Buzzwole,Yellow A Alternate
sma-SV68,Buzzwole-GX,Yellow A Alternate
sma-SV32,Celesteela,Yellow A Alternate
sma-SV49,Charizard-GX,Yellow A Alternate
sma-SV6,Charmander,Yellow A Alternate
sma-SV7,Charmeleon,Yellow A Alternate
sma-SV82,Cynthia,Yellow A Alternate
sma-SV70,Darkrai-GX,Yellow A Alternate
sma-SV3,Dartrix,Yellow A Alternate
sma-SV47,Decidueye-GX,Yellow A Alternate
sma-SV36,Diancie,Yellow A Alternate
sma-SV80,Drampa-GX,Yellow A Alternate
sma-SV41,Eevee,Yellow A Alternate
sma-SV57,Electrode-GX,Yellow A Alternate
sma-SV60,Espeon-GX,Yellow A Alternate
sma-SV83,Fisherman,Yellow A Alternate
sma-SV11,Froakie,Yellow A Alternate
sma-SV12,Frogadier,Yellow A Alternate
sma-SV39,Gabite,Yellow A Alternate
sma-SV40,Garchomp,Yellow A Alternate
sma-SV75,Gardevoir-GX,Yellow A Alternate
sma-SV38,Gible,Yellow A Alternate
sma-SV55,Glaceon-GX,Yellow A Alternate
sma-SV48,Golisopod-GX,Yellow A Alternate
sma-SV56,Greninja-GX,Yellow A Alternate
sma-SV84,Guzma,Yellow A Alternate
sma-SV26,Guzzlord,Yellow A Alternate
sma-SV71,Guzzlord-GX,Yellow A Alternate
sma-SV85,Hiker,Yellow A Alternate
sma-SV50,Ho-Oh-GX,Yellow A Alternate
sma-SV17,Inkay,Yellow A Alternate
sma-SV33,Kartana,Yellow A Alternate
sma-SV73,Kartana-GX,Yellow A Alternate
sma-SV35,Kirlia,Yellow A Alternate
sma-SV86,Lady,Yellow A Alternate
sma-SV46,Leafeon-GX,Yellow A Alternate
sma-SV22,Lucario,Yellow A Alternate
sma-SV64,Lucario-GX,Yellow A Alternate
sma-SV66,Lycanroc-GX,Yellow A Alternate
sma-SV67,Lycanroc-GX,Yellow A Alternate
sma-SV27,Magnemite,Yellow A Alternate
sma-SV28,Magneton,Yellow A Alternate
sma-SV29,Magnezone,Yellow A Alternate
sma-SV18,Malamar,Yellow A Alternate
sma-SV31,Metang,Yellow A Alternate
sma-SV59,Mewtwo-GX,Yellow A Alternate
sma-SV89,Mt. Coronet,Yellow A Alternate
sma-SV63,Naganadel-GX,Yellow A Alternate
sma-SV62,Nihilego-GX,Yellow A Alternate
sma-SV43,Noibat,Yellow A Alternate
sma-SV78,Noivern-GX,Yellow A Alternate
sma-SV44,Oranguru,Yellow A Alternate
sma-SV5,Pheromosa,Yellow A Alternate
sma-SV19,Poipole,Yellow A Alternate
sma-SV10,Quagsire,Yellow A Alternate
sma-SV34,Ralts,Yellow A Alternate
sma-SV51,Reshiram-GX,Yellow A Alternate
sma-SV21,Riolu,Yellow A Alternate
sma-SV23,Rockruff,Yellow A Alternate
sma-SV2,Rowlet,Yellow A Alternate
sma-SV72,Scizor-GX,Yellow A Alternate
sma-SV1,Scyther,Yellow A Alternate
sma-SV15,Seviper,Yellow A Alternate
sma-SV90,Shrine of Punishment,Yellow A Alternate
sma-SV16,Shuppet,Yellow A Alternate
sma-SV79,Silvally-GX,Yellow A Alternate
sma-SV74,Stakataka-GX,Yellow A Alternate
sma-SV20,Sudowoodo,Yellow A Alternate
sma-SV42,Swablu,Yellow A Alternate
sma-SV76,Sylveon-GX,Yellow A Alternate
sma-SV91,Tapu Bulu-GX,Yellow A Alternate
sma-SV92,Tapu Fini-GX,Yellow A Alternate
sma-SV93,Tapu Koko-GX,Yellow A Alternate
sma-SV94,Tapu Lele-GX,Yellow A Alternate
sma-SV52,Turtonator-GX,Yellow A Alternate
sma-SV45,Type: Null,Yellow A Alternate
sma-SV69,Umbreon-GX,Yellow A Alternate
sma-SV13,Voltorb,Yellow A Alternate
sma-SV4,Wimpod,Yellow A Alternate
sma-SV9,Wooper,Yellow A Alternate
sma-SV14,Xurkitree,Yellow A Alternate
sma-SV58,Xurkitree-GX,Yellow A Alternate
sma-SV25,Zorua,Yellow A Alternate
sma-SV65,Zygarde-GX,Yellow A Alternate
exu-%3F,,
